# Blender 4.5.10 LTS
# www.blender.org
mtllib halter_a.mtl
o HalterA
v -0.630491 -0.001418 -0.009453
v -0.630468 -0.001169 0.021437
v -0.633393 -0.001321 0.005995
v -0.580808 -0.001574 -0.087374
v -0.602104 -0.001652 -0.071912
v -0.592958 -0.001653 -0.082840
v -0.503041 -0.000708 -0.071991
v -0.524359 -0.001036 -0.087419
v -0.512203 -0.000883 -0.082905
v -0.474543 0.000318 0.021313
v -0.474565 0.000068 -0.009577
v -0.471640 0.000220 0.005866
v -0.524225 0.000473 0.099234
v -0.502929 0.000551 0.083772
v -0.512075 0.000552 0.094701
v -0.601992 -0.000393 0.083851
v -0.580674 -0.000065 0.099279
v -0.592830 -0.000217 0.094765
v -0.583189 0.133560 0.020314
v -0.583211 0.133311 -0.010576
v -0.585897 0.134023 0.004866
v -0.556932 0.127072 -0.072985
v -0.537215 0.122651 -0.088409
v -0.548464 0.125138 -0.083897
v -0.484950 0.111267 -0.088355
v -0.465211 0.107095 -0.072889
v -0.473694 0.108853 -0.083820
v -0.438841 0.101866 -0.010426
v -0.438819 0.102116 0.020465
v -0.436133 0.101403 0.005022
v -0.465099 0.108354 0.082874
v -0.484815 0.112776 0.098298
v -0.473566 0.110288 0.093786
v -0.537081 0.124159 0.098244
v -0.556819 0.128331 0.082778
v -0.548336 0.126574 0.093708
v -0.445987 0.248704 0.019285
v -0.446009 0.248454 -0.011605
v -0.448069 0.249692 0.003832
v -0.425844 0.237084 -0.073968
v -0.410710 0.228816 -0.089359
v -0.419346 0.233497 -0.084866
v -0.370586 0.207244 -0.089213
v -0.355429 0.199226 -0.073713
v -0.361944 0.202636 -0.084658
v -0.335175 0.188866 -0.011203
v -0.335152 0.189115 0.019687
v -0.333093 0.187877 0.004249
v -0.355317 0.200486 0.082050
v -0.370451 0.208753 0.097440
v -0.361816 0.204072 0.092948
v -0.410576 0.230325 0.097295
v -0.425732 0.238343 0.081795
v -0.419218 0.234933 0.092740
v -0.239751 0.326732 0.018506
v -0.239773 0.326482 -0.012385
v -0.240891 0.328076 0.003050
v -0.228800 0.311634 -0.074713
v -0.220554 0.300761 -0.090077
v -0.225260 0.306928 -0.085599
v -0.198678 0.272284 -0.089863
v -0.190410 0.261660 -0.074337
v -0.193965 0.266190 -0.085293
v -0.179347 0.247822 -0.011792
v -0.179325 0.248072 0.019098
v -0.178207 0.246477 0.003664
v -0.190298 0.262919 0.081426
v -0.198544 0.273793 0.096791
v -0.193838 0.267626 0.092313
v -0.220420 0.302270 0.096576
v -0.228688 0.312893 0.081050
v -0.225132 0.308364 0.092006
v 0.004123 0.355766 0.018095
v 0.004101 0.355516 -0.012795
v 0.004096 0.357243 0.002637
v 0.004205 0.339374 -0.075105
v 0.004305 0.327531 -0.090455
v 0.004245 0.334252 -0.085986
v 0.004601 0.296485 -0.090205
v 0.004724 0.284892 -0.074665
v 0.004668 0.289838 -0.085627
v 0.004918 0.269759 -0.012102
v 0.004941 0.270009 0.018788
v 0.004945 0.268282 0.003356
v 0.004836 0.286151 0.081098
v 0.004736 0.297994 0.096449
v 0.004796 0.291273 0.091979
v 0.004440 0.329040 0.096198
v 0.004317 0.340633 0.080658
v 0.004373 0.335687 0.091620
v 0.248506 0.331385 0.018117
v 0.248483 0.331135 -0.012774
v 0.249595 0.332751 0.002659
v 0.237696 0.316080 -0.075085
v 0.229634 0.305051 -0.090436
v 0.234229 0.311307 -0.085966
v 0.208306 0.276163 -0.090187
v 0.200266 0.265384 -0.074648
v 0.203717 0.269980 -0.085610
v 0.189569 0.251338 -0.012086
v 0.189591 0.251588 0.018804
v 0.188479 0.249972 0.003372
v 0.200378 0.266643 0.081115
v 0.208440 0.277672 0.096466
v 0.203845 0.271416 0.091996
v 0.229769 0.306560 0.096217
v 0.237808 0.317340 0.080678
v 0.234357 0.312743 0.091640
v 0.456193 0.257302 0.018566
v 0.456170 0.257052 -0.012324
v 0.458231 0.258330 0.003110
v 0.436127 0.245299 -0.074655
v 0.421129 0.236744 -0.090021
v 0.429680 0.241589 -0.085543
v 0.381422 0.214411 -0.089812
v 0.366446 0.206106 -0.074288
v 0.372877 0.209640 -0.085244
v 0.346493 0.195362 -0.011747
v 0.346515 0.195612 0.019144
v 0.344455 0.194335 0.003709
v 0.366559 0.207365 0.081475
v 0.381557 0.215920 0.096841
v 0.373005 0.211075 0.092362
v 0.421263 0.238253 0.096632
v 0.436239 0.246558 0.081108
v 0.429808 0.243025 0.092063
v 0.595566 0.144795 0.019375
v 0.595543 0.144545 -0.011515
v 0.598240 0.145309 0.003923
v 0.569288 0.137806 -0.073882
v 0.549635 0.133009 -0.089275
v 0.560842 0.135710 -0.084781
v 0.497596 0.120631 -0.089138
v 0.477965 0.116084 -0.073641
v 0.486396 0.118003 -0.084585
v 0.451800 0.110354 -0.011135
v 0.451822 0.110604 0.019755
v 0.449125 0.109840 0.004317
v 0.478077 0.117343 0.082122
v 0.497730 0.122140 0.097515
v 0.486524 0.119439 0.093021
v 0.549769 0.134518 0.097378
v 0.569400 0.139065 0.081881
v 0.560969 0.137146 0.092824
v 0.645406 0.010991 0.020421
v 0.645384 0.010742 -0.010469
v 0.648308 0.010894 0.004973
v 0.616907 0.009966 -0.072883
v 0.595589 0.009638 -0.088311
v 0.607746 0.009791 -0.083797
v 0.539141 0.009100 -0.088266
v 0.517845 0.009022 -0.072804
v 0.526991 0.009021 -0.083733
v 0.489458 0.009256 -0.010345
v 0.489480 0.009505 0.020545
v 0.486556 0.009353 0.005102
v 0.517957 0.010281 0.082959
v 0.539275 0.010609 0.098387
v 0.527119 0.010457 0.093873
v 0.595724 0.011147 0.098342
v 0.617019 0.011225 0.082880
v 0.607874 0.011226 0.093809
v 0.598127 -0.123737 0.021544
v 0.598104 -0.123987 -0.009346
v 0.600813 -0.124450 0.006102
v 0.571735 -0.118758 -0.071810
v 0.551996 -0.114586 -0.087276
v 0.563252 -0.117000 -0.082740
v 0.499731 -0.103202 -0.087330
v 0.480014 -0.098781 -0.071906
v 0.488482 -0.100715 -0.082818
v 0.453735 -0.092542 -0.009496
v 0.453757 -0.092293 0.021394
v 0.451049 -0.091830 0.005946
v 0.480126 -0.097522 0.083858
v 0.499865 -0.101694 0.099323
v 0.488610 -0.099279 0.094788
v 0.552131 -0.113077 0.099378
v 0.571847 -0.117499 0.083953
v 0.563380 -0.115565 0.094866
v 0.460925 -0.238881 0.022573
v 0.460903 -0.239130 -0.008317
v 0.462985 -0.240119 0.007136
v 0.440648 -0.228770 -0.070826
v 0.425492 -0.220752 -0.086326
v 0.434133 -0.225360 -0.081771
v 0.385367 -0.199180 -0.086472
v 0.370233 -0.190912 -0.071082
v 0.376732 -0.194499 -0.081980
v 0.350068 -0.179542 -0.008719
v 0.350090 -0.179293 0.022172
v 0.348008 -0.178304 0.006719
v 0.370345 -0.189653 0.084681
v 0.385501 -0.197671 0.100181
v 0.376860 -0.193063 0.095626
v 0.425626 -0.219243 0.100327
v 0.440760 -0.227511 0.084937
v 0.434261 -0.223924 0.095834
v 0.254688 -0.316909 0.023353
v 0.254666 -0.317158 -0.007538
v 0.255806 -0.318503 0.007919
v 0.243603 -0.303320 -0.070082
v 0.235335 -0.292697 -0.085608
v 0.240048 -0.298791 -0.081038
v 0.213459 -0.264220 -0.085822
v 0.205214 -0.253346 -0.070458
v 0.208753 -0.258052 -0.081345
v 0.194240 -0.238499 -0.008130
v 0.194263 -0.238249 0.022760
v 0.193122 -0.236904 0.007304
v 0.205326 -0.252087 0.085305
v 0.213594 -0.262711 0.100831
v 0.208881 -0.256617 0.096261
v 0.235469 -0.291188 0.101045
v 0.243715 -0.302061 0.085681
v 0.240176 -0.297355 0.096568
v 0.010815 -0.345943 0.023763
v 0.010793 -0.346192 -0.007127
v 0.010819 -0.347670 0.008331
v 0.010599 -0.331060 -0.069690
v 0.010476 -0.319467 -0.085230
v 0.010543 -0.326114 -0.080652
v 0.010180 -0.288421 -0.085481
v 0.010079 -0.276578 -0.070130
v 0.010119 -0.281700 -0.081011
v 0.009975 -0.260436 -0.007820
v 0.009997 -0.260186 0.023070
v 0.009971 -0.258709 0.007612
v 0.010191 -0.275319 0.085633
v 0.010314 -0.286912 0.101173
v 0.010247 -0.280265 0.096595
v 0.010610 -0.317958 0.101423
v 0.010711 -0.329801 0.086073
v 0.010671 -0.324678 0.096954
v -0.233568 -0.321562 0.023742
v -0.233590 -0.321812 -0.007149
v -0.234680 -0.323178 0.008309
v -0.222892 -0.307766 -0.069710
v -0.214853 -0.296987 -0.085249
v -0.219442 -0.303170 -0.080672
v -0.193525 -0.268099 -0.085498
v -0.185463 -0.257070 -0.070147
v -0.188929 -0.261843 -0.081028
v -0.174675 -0.242015 -0.007836
v -0.174653 -0.241765 0.023054
v -0.173564 -0.240399 0.007596
v -0.185351 -0.255811 0.085616
v -0.193390 -0.266590 0.101155
v -0.188802 -0.260407 0.096578
v -0.214719 -0.295478 0.101404
v -0.222780 -0.306507 0.086053
v -0.219314 -0.301734 0.096934
v -0.441255 -0.247479 0.023292
v -0.441277 -0.247729 -0.007598
v -0.443315 -0.248757 0.007858
v -0.421323 -0.236985 -0.070140
v -0.406347 -0.228680 -0.085664
v -0.414892 -0.233452 -0.081095
v -0.366641 -0.206347 -0.085873
v -0.351643 -0.197792 -0.070507
v -0.358089 -0.201502 -0.081394
v -0.331599 -0.186039 -0.008175
v -0.331577 -0.185789 0.022715
v -0.329539 -0.184762 0.007259
v -0.351531 -0.196533 0.085256
v -0.366507 -0.204838 0.100781
v -0.357961 -0.200067 0.096212
v -0.406213 -0.227171 0.100990
v -0.421211 -0.235726 0.085623
v -0.414764 -0.232016 0.096511
v -0.580628 -0.134972 0.022483
v -0.580650 -0.135222 -0.008407
v -0.583324 -0.135736 0.007045
v -0.554485 -0.129492 -0.070913
v -0.534854 -0.124945 -0.086410
v -0.546054 -0.127573 -0.081856
v -0.482815 -0.112567 -0.086547
v -0.463162 -0.107770 -0.071154
v -0.471608 -0.109866 -0.082053
v -0.436906 -0.101031 -0.008787
v -0.436884 -0.100781 0.022103
v -0.434210 -0.100267 0.006651
v -0.463049 -0.106511 0.084609
v -0.482680 -0.111058 0.100106
v -0.471480 -0.108430 0.095553
v -0.534719 -0.123436 0.100244
v -0.554372 -0.128233 0.084850
v -0.545926 -0.126137 0.095749
v 0.693190 0.617927 -0.096941
v 0.693502 0.624233 -0.076908
v 0.695251 0.616559 -0.096444
v 0.693426 0.622926 -0.082986
v 0.694588 0.621732 -0.085460
v 0.694884 0.621958 -0.082635
v 0.694663 0.617500 -0.096800
v 0.690921 0.533715 -0.041585
v 0.690534 0.524802 -0.060600
v 0.692670 0.526041 -0.061121
v 0.690792 0.530564 -0.046944
v 0.691963 0.529709 -0.049550
v 0.692029 0.525138 -0.060758
v 0.692303 0.531441 -0.047312
v 0.668915 0.089646 -1.452484
v 0.670976 0.088278 -1.451987
v 0.668528 0.080734 -1.471499
v 0.670388 0.089219 -1.452343
v 0.669909 0.084665 -1.463548
v 0.670114 0.082916 -1.465789
v 0.668657 0.083884 -1.466140
v 0.666259 -0.003479 -1.416143
v 0.665947 -0.009784 -1.436176
v 0.668395 -0.002240 -1.416664
v 0.666023 -0.008477 -1.430098
v 0.667285 -0.007358 -1.427638
v 0.667533 -0.007601 -1.430466
v 0.667754 -0.003143 -1.416301
v 0.547461 0.622419 -0.096081
v 0.545325 0.621179 -0.095560
v 0.547774 0.628724 -0.076048
v 0.545966 0.622082 -0.095923
v 0.546436 0.626298 -0.084587
v 0.546187 0.626541 -0.081758
v 0.547698 0.627417 -0.082127
v 0.544806 0.529293 -0.059741
v 0.545193 0.538206 -0.040725
v 0.542744 0.530662 -0.060237
v 0.545064 0.535055 -0.046084
v 0.543811 0.534275 -0.048676
v 0.543606 0.536023 -0.046435
v 0.543332 0.529721 -0.059881
v 0.523186 0.094137 -1.451624
v 0.522799 0.085225 -1.470639
v 0.521050 0.092898 -1.451103
v 0.522928 0.088375 -1.465281
v 0.521757 0.089231 -1.462674
v 0.521418 0.087499 -1.464912
v 0.521691 0.093801 -1.451466
v 0.520531 0.001012 -1.415284
v 0.518469 0.002380 -1.415780
v 0.520218 -0.005293 -1.435317
v 0.519058 0.001440 -1.415424
v 0.519133 -0.002793 -1.426764
v 0.518837 -0.003019 -1.429589
v 0.520294 -0.003986 -1.429238
v 0.688369 -0.109825 -0.181236
v 0.688651 -0.106120 -0.183934
v 0.691335 -0.106326 -0.181030
v 0.688497 -0.108710 -0.183185
v 0.690119 -0.108326 -0.182747
v 0.690595 -0.106236 -0.183039
v 0.690395 -0.108856 -0.181131
v 0.700580 0.146225 -0.177069
v 0.700641 0.149789 -0.174173
v 0.703264 0.146019 -0.174165
v 0.700669 0.148775 -0.176179
v 0.702246 0.148216 -0.175768
v 0.702567 0.148629 -0.174126
v 0.702524 0.146109 -0.176174
v 0.680684 -0.114745 0.012950
v 0.683651 -0.111245 0.013156
v 0.680745 -0.111181 0.015846
v 0.682711 -0.113776 0.013055
v 0.682307 -0.113328 0.014668
v 0.682754 -0.111256 0.015102
v 0.680656 -0.113730 0.014957
v 0.692957 0.144869 0.020013
v 0.692674 0.141164 0.022711
v 0.695580 0.141100 0.020021
v 0.692828 0.143755 0.021962
v 0.694434 0.143214 0.021648
v 0.694683 0.141089 0.021968
v 0.694883 0.143709 0.020060
v 0.494337 -0.100451 -0.188676
v 0.491715 -0.096681 -0.188685
v 0.494620 -0.096745 -0.191375
v 0.492412 -0.099290 -0.188723
v 0.492860 -0.098795 -0.190311
v 0.492611 -0.096670 -0.190631
v 0.494466 -0.099336 -0.190625
v 0.506610 0.159164 -0.181613
v 0.506549 0.155600 -0.184509
v 0.503643 0.155664 -0.181820
v 0.506638 0.158149 -0.183620
v 0.504988 0.157746 -0.183332
v 0.504540 0.155675 -0.183766
v 0.504583 0.158195 -0.181718
v 0.486653 -0.105370 0.005509
v 0.486714 -0.101806 0.008405
v 0.484030 -0.101601 0.005501
v 0.486625 -0.104356 0.007516
v 0.485048 -0.103797 0.007104
v 0.484770 -0.101690 0.007510
v 0.484727 -0.104210 0.005462
v 0.498926 0.154244 0.012572
v 0.495959 0.150744 0.012366
v 0.498643 0.150538 0.015270
v 0.496899 0.153275 0.012468
v 0.497176 0.152745 0.014083
v 0.496699 0.150655 0.014375
v 0.498797 0.153129 0.014521
v -0.537152 0.633485 -0.090118
v -0.537208 0.639808 -0.070088
v -0.535053 0.632181 -0.089603
v -0.537191 0.638496 -0.076166
v -0.535972 0.637337 -0.078629
v -0.535707 0.637574 -0.075801
v -0.535667 0.633103 -0.089965
v -0.537293 0.549272 -0.034716
v -0.537239 0.540342 -0.053727
v -0.535138 0.541646 -0.054230
v -0.537278 0.546117 -0.040073
v -0.536058 0.545296 -0.042668
v -0.535754 0.540724 -0.053872
v -0.535792 0.547039 -0.040429
v -0.533296 0.103970 -1.445391
v -0.531198 0.102666 -1.444876
v -0.533242 0.095039 -1.464402
v -0.531812 0.103588 -1.445238
v -0.532052 0.099016 -1.456443
v -0.531773 0.097273 -1.458681
v -0.533257 0.098195 -1.459045
v -0.533384 0.010827 -1.409000
v -0.533327 0.004504 -1.429030
v -0.531282 0.012131 -1.409503
v -0.533344 0.005816 -1.422952
v -0.532139 0.006975 -1.420482
v -0.531858 0.006738 -1.423308
v -0.531898 0.011209 -1.409145
v -0.682951 0.633463 -0.090524
v -0.685052 0.632159 -0.090021
v -0.683008 0.639786 -0.070494
v -0.684436 0.633081 -0.090379
v -0.684196 0.637315 -0.079042
v -0.684477 0.637552 -0.076216
v -0.682991 0.638474 -0.076572
v -0.683038 0.540320 -0.054133
v -0.683093 0.549251 -0.035122
v -0.685137 0.541623 -0.054648
v -0.683077 0.546095 -0.040479
v -0.684282 0.545274 -0.043081
v -0.684561 0.547017 -0.040843
v -0.684523 0.540702 -0.054286
v -0.679096 0.103948 -1.445797
v -0.679041 0.095017 -1.464808
v -0.681197 0.102644 -1.445294
v -0.679057 0.098173 -1.459451
v -0.680277 0.098993 -1.456856
v -0.680543 0.097251 -1.459095
v -0.680581 0.103566 -1.445652
v -0.679183 0.010805 -1.409406
v -0.681282 0.012109 -1.409921
v -0.679126 0.004482 -1.429436
v -0.680668 0.011187 -1.409559
v -0.680363 0.006952 -1.420895
v -0.680628 0.006716 -1.423723
v -0.679143 0.005794 -1.423358
v -0.498625 -0.112514 -0.176128
v -0.498699 -0.109019 -0.179107
v -0.495944 -0.108788 -0.176272
v -0.498629 -0.111548 -0.178159
v -0.497034 -0.111005 -0.177798
v -0.496733 -0.108913 -0.178261
v -0.496680 -0.111384 -0.176155
v -0.506831 0.143253 -0.191759
v -0.506992 0.147025 -0.189145
v -0.504076 0.143484 -0.188924
v -0.506927 0.145863 -0.191068
v -0.505302 0.145463 -0.190660
v -0.504979 0.146026 -0.189064
v -0.504865 0.143359 -0.190912
v -0.501616 -0.102874 0.018009
v -0.498935 -0.099148 0.017866
v -0.501776 -0.099102 0.020623
v -0.499671 -0.101745 0.017983
v -0.500075 -0.101205 0.019569
v -0.499785 -0.099077 0.019832
v -0.501681 -0.101712 0.019933
v -0.509983 0.156665 0.004993
v -0.509908 0.153170 0.007972
v -0.507067 0.153124 0.005214
v -0.509979 0.155699 0.007024
v -0.508342 0.155263 0.006707
v -0.507917 0.153195 0.007180
v -0.507970 0.155666 0.005074
v -0.692901 -0.118911 -0.178804
v -0.695817 -0.115369 -0.179025
v -0.692975 -0.115416 -0.181782
v -0.694914 -0.117912 -0.178885
v -0.694541 -0.117508 -0.180518
v -0.694966 -0.115441 -0.180991
v -0.692905 -0.117945 -0.180835
v -0.701268 0.140628 -0.191820
v -0.701108 0.136856 -0.194434
v -0.703949 0.136903 -0.191676
v -0.701203 0.139466 -0.193744
v -0.702809 0.138959 -0.193380
v -0.703099 0.136831 -0.193642
v -0.703212 0.139499 -0.191794
v -0.695892 -0.109271 0.015334
v -0.696052 -0.105499 0.017948
v -0.698808 -0.105730 0.015113
v -0.695957 -0.108109 0.017258
v -0.697582 -0.107708 0.016849
v -0.698018 -0.105604 0.017102
v -0.697905 -0.108272 0.015253
v -0.704259 0.150268 0.002318
v -0.706940 0.146542 0.002462
v -0.704185 0.146773 0.005296
v -0.706203 0.149139 0.002344
v -0.705850 0.148759 0.003987
v -0.706151 0.146668 0.004450
v -0.704255 0.149302 0.004348
v 0.661585 0.535323 -1.586881
v 0.661783 0.537002 -1.590583
v 0.680350 0.536895 -1.586058
v 0.661714 0.535757 -1.589470
v 0.672513 0.535869 -1.588493
v 0.674983 0.536869 -1.588888
v 0.674842 0.535681 -1.586271
v 0.663672 0.663259 -1.595333
v 0.663528 0.665217 -1.591769
v 0.682238 0.663151 -1.590809
v 0.663641 0.664585 -1.594318
v 0.674433 0.664225 -1.593323
v 0.676769 0.664509 -1.591118
v 0.676871 0.663125 -1.593639
v 0.649711 0.544992 -1.334625
v 0.668475 0.546564 -1.333802
v 0.649567 0.546950 -1.331060
v 0.662968 0.545350 -1.334015
v 0.660442 0.545699 -1.332042
v 0.662866 0.546735 -1.331494
v 0.649598 0.545623 -1.332076
v 0.651654 0.674886 -1.339513
v 0.651455 0.673207 -1.335811
v 0.670364 0.672821 -1.338553
v 0.651525 0.674452 -1.336924
v 0.662361 0.674055 -1.336872
v 0.664755 0.672991 -1.336245
v 0.664895 0.674179 -1.338863
v -0.639311 0.552450 -1.648774
v -0.658021 0.554515 -1.649734
v -0.639112 0.554129 -1.652476
v -0.652552 0.553157 -1.649424
v -0.650018 0.553281 -1.651415
v -0.652412 0.554344 -1.652042
v -0.639182 0.552884 -1.651363
v -0.637368 0.682344 -1.653661
v -0.637224 0.680386 -1.657226
v -0.656132 0.680772 -1.654484
v -0.637255 0.681712 -1.656211
v -0.648099 0.681637 -1.656245
v -0.650523 0.680601 -1.656793
v -0.650625 0.681985 -1.654272
v -0.651185 0.562119 -1.396518
v -0.651329 0.564077 -1.392954
v -0.669895 0.564184 -1.397478
v -0.651298 0.562750 -1.393969
v -0.662090 0.563111 -1.394964
v -0.664528 0.564211 -1.394648
v -0.664426 0.562826 -1.397169
v -0.649242 0.692013 -1.401406
v -0.668007 0.690441 -1.402229
v -0.649441 0.690334 -1.397704
v -0.662499 0.691655 -1.402016
v -0.660170 0.691467 -1.399794
v -0.662640 0.690467 -1.399399
v -0.649371 0.691579 -1.398817
v 0.619061 -0.414728 -1.381735
v 0.619040 -0.412897 -1.384728
v 0.636607 -0.412285 -1.381307
v 0.619077 -0.414128 -1.383886
v 0.629234 -0.413488 -1.383276
v 0.631484 -0.412400 -1.383583
v 0.631499 -0.413695 -1.381467
v 0.613861 -0.296515 -1.378958
v 0.613733 -0.294994 -1.375799
v 0.631427 -0.295903 -1.375537
v 0.613792 -0.295375 -1.377998
v 0.623968 -0.295170 -1.377411
v 0.626214 -0.294942 -1.375579
v 0.626304 -0.296018 -1.377813
v 0.615341 -0.425480 -1.168198
v 0.632886 -0.423037 -1.167770
v 0.615213 -0.423959 -1.165040
v 0.627778 -0.424447 -1.167930
v 0.625451 -0.424418 -1.166188
v 0.627687 -0.423371 -1.165696
v 0.615281 -0.425099 -1.165999
v 0.610012 -0.305746 -1.162262
v 0.610033 -0.307577 -1.159270
v 0.627707 -0.306655 -1.162000
v 0.609996 -0.306346 -1.160112
v 0.620186 -0.306101 -1.160322
v 0.622508 -0.306989 -1.159926
v 0.622493 -0.305694 -1.162042
v -0.604265 -0.467982 -1.405732
v -0.621960 -0.467073 -1.405995
v -0.604286 -0.466151 -1.408724
v -0.616746 -0.468034 -1.405952
v -0.614438 -0.467627 -1.407672
v -0.616761 -0.466739 -1.408068
v -0.604249 -0.467382 -1.407882
v -0.609594 -0.348248 -1.399796
v -0.609465 -0.349769 -1.402955
v -0.627139 -0.350691 -1.400225
v -0.609534 -0.348629 -1.401995
v -0.619704 -0.349310 -1.401806
v -0.621940 -0.350357 -1.402298
v -0.622031 -0.349281 -1.400065
v -0.607985 -0.478734 -1.192195
v -0.608114 -0.477213 -1.189036
v -0.625680 -0.477825 -1.192457
v -0.608045 -0.478353 -1.189996
v -0.618221 -0.478558 -1.190583
v -0.620557 -0.477710 -1.190181
v -0.620466 -0.478786 -1.192415
v -0.613314 -0.359000 -1.186259
v -0.630860 -0.361443 -1.186688
v -0.613293 -0.360831 -1.183266
v -0.625751 -0.360033 -1.186527
v -0.623487 -0.360240 -1.184718
v -0.625737 -0.361328 -1.184411
v -0.613330 -0.359600 -1.184108
v -0.019884 -1.292383 0.013082
v 0.004480 -1.292383 0.013082
v -0.007702 -1.295296 0.013082
v -0.072654 -1.247642 0.013082
v -0.060471 -1.268950 0.013082
v -0.069086 -1.259796 0.013082
v -0.060472 -1.179883 0.013082
v -0.072654 -1.201191 0.013082
v -0.069086 -1.189037 0.013082
v 0.004480 -1.156450 0.013082
v -0.019884 -1.156450 0.013082
v -0.007702 -1.153537 0.013082
v 0.057250 -1.201191 0.013082
v 0.045067 -1.179883 0.013082
v 0.053682 -1.189037 0.013082
v 0.045067 -1.268950 0.013082
v 0.057250 -1.247642 0.013082
v 0.053682 -1.259796 0.013082
v 0.004480 -1.265896 0.146243
v -0.019884 -1.265896 0.146243
v -0.007702 -1.268587 0.147358
v -0.060471 -1.244246 0.137276
v -0.072654 -1.224561 0.129121
v -0.069086 -1.235789 0.133772
v -0.072654 -1.181645 0.111345
v -0.060471 -1.161959 0.103191
v -0.069086 -1.170417 0.106694
v -0.019884 -1.140310 0.094224
v 0.004480 -1.140310 0.094224
v -0.007702 -1.137618 0.093109
v 0.045067 -1.161959 0.103191
v 0.057250 -1.181645 0.111345
v 0.053682 -1.170417 0.106694
v 0.057250 -1.224560 0.129121
v 0.045067 -1.244246 0.137276
v 0.053682 -1.235789 0.133772
v 0.004480 -1.190466 0.259131
v -0.019884 -1.190466 0.259131
v -0.007702 -1.192526 0.261192
v -0.060472 -1.173896 0.242562
v -0.072654 -1.158829 0.227495
v -0.069086 -1.167423 0.236089
v -0.072654 -1.125983 0.194649
v -0.060472 -1.110916 0.179582
v -0.069086 -1.117390 0.186055
v -0.019884 -1.094347 0.163012
v 0.004480 -1.094347 0.163012
v -0.007702 -1.092287 0.160952
v 0.045067 -1.110916 0.179582
v 0.057250 -1.125983 0.194649
v 0.053682 -1.117389 0.186055
v 0.057250 -1.158829 0.227495
v 0.045067 -1.173896 0.242562
v 0.053682 -1.167423 0.236089
v 0.004480 -1.077578 0.334561
v -0.019884 -1.077578 0.334561
v -0.007702 -1.078693 0.337253
v -0.060472 -1.068610 0.312912
v -0.072654 -1.060456 0.293226
v -0.069086 -1.065107 0.304454
v -0.072654 -1.042680 0.250310
v -0.060472 -1.034526 0.230625
v -0.069086 -1.038029 0.239082
v -0.019885 -1.025558 0.208975
v 0.004480 -1.025558 0.208975
v -0.007702 -1.024443 0.206284
v 0.045067 -1.034526 0.230625
v 0.057250 -1.042680 0.250310
v 0.053682 -1.038029 0.239082
v 0.057250 -1.060456 0.293226
v 0.045067 -1.068610 0.312912
v 0.053682 -1.065107 0.304454
v 0.004480 -0.944417 0.361048
v -0.019885 -0.944417 0.361048
v -0.007702 -0.944417 0.363962
v -0.060472 -0.944417 0.337616
v -0.072654 -0.944417 0.316308
v -0.069086 -0.944417 0.328461
v -0.072654 -0.944417 0.269856
v -0.060472 -0.944417 0.248548
v -0.069086 -0.944417 0.257703
v -0.019885 -0.944417 0.225116
v 0.004480 -0.944417 0.225116
v -0.007702 -0.944417 0.222202
v 0.045067 -0.944417 0.248548
v 0.057250 -0.944417 0.269856
v 0.053682 -0.944417 0.257703
v 0.057250 -0.944417 0.316308
v 0.045067 -0.944417 0.337616
v 0.053682 -0.944417 0.328461
v 0.004480 -0.811256 0.334561
v -0.019885 -0.811256 0.334561
v -0.007702 -0.810141 0.337253
v -0.060472 -0.820223 0.312912
v -0.072654 -0.828377 0.293226
v -0.069086 -0.823726 0.304454
v -0.072654 -0.846153 0.250311
v -0.060472 -0.854307 0.230625
v -0.069086 -0.850804 0.239082
v -0.019885 -0.863275 0.208975
v 0.004480 -0.863275 0.208975
v -0.007702 -0.864390 0.206284
v 0.045067 -0.854307 0.230625
v 0.057250 -0.846153 0.250310
v 0.053682 -0.850804 0.239082
v 0.057250 -0.828377 0.293226
v 0.045067 -0.820223 0.312912
v 0.053682 -0.823726 0.304454
v 0.004480 -0.698367 0.259131
v -0.019885 -0.698367 0.259131
v -0.007702 -0.696307 0.261191
v -0.060472 -0.714937 0.242562
v -0.072654 -0.730004 0.227495
v -0.069086 -0.721410 0.236089
v -0.072654 -0.762850 0.194649
v -0.060472 -0.777917 0.179582
v -0.069086 -0.771444 0.186055
v -0.019885 -0.794486 0.163012
v 0.004480 -0.794486 0.163012
v -0.007702 -0.796546 0.160952
v 0.045067 -0.777917 0.179582
v 0.057250 -0.762850 0.194649
v 0.053682 -0.771444 0.186055
v 0.057250 -0.730004 0.227495
v 0.045067 -0.714937 0.242562
v 0.053682 -0.721410 0.236089
v 0.004480 -0.622937 0.146243
v -0.019885 -0.622938 0.146243
v -0.007702 -0.620246 0.147358
v -0.060472 -0.644587 0.137276
v -0.072654 -0.664273 0.129121
v -0.069086 -0.653044 0.133772
v -0.072654 -0.707188 0.111345
v -0.060472 -0.726874 0.103191
v -0.069086 -0.718416 0.106694
v -0.019885 -0.748523 0.094224
v 0.004480 -0.748523 0.094224
v -0.007702 -0.751215 0.093109
v 0.045067 -0.726874 0.103191
v 0.057250 -0.707188 0.111345
v 0.053682 -0.718416 0.106694
v 0.057250 -0.664273 0.129121
v 0.045067 -0.644587 0.137276
v 0.053682 -0.653044 0.133772
v 0.004480 -0.596450 0.013082
v -0.019885 -0.596450 0.013082
v -0.007702 -0.593537 0.013082
v -0.060472 -0.619883 0.013082
v -0.072654 -0.641191 0.013082
v -0.069086 -0.629037 0.013082
v -0.072654 -0.687642 0.013082
v -0.060472 -0.708950 0.013082
v -0.069086 -0.699796 0.013082
v -0.019885 -0.732383 0.013082
v 0.004480 -0.732383 0.013082
v -0.007702 -0.735296 0.013082
v 0.045067 -0.708950 0.013082
v 0.057250 -0.687642 0.013082
v 0.053682 -0.699796 0.013082
v 0.057250 -0.641191 0.013082
v 0.045067 -0.619883 0.013082
v 0.053682 -0.629037 0.013082
v 0.004480 -0.622938 -0.120079
v -0.019885 -0.622937 -0.120079
v -0.007702 -0.620246 -0.121194
v -0.060472 -0.644587 -0.111112
v -0.072654 -0.664272 -0.102957
v -0.069086 -0.653044 -0.107608
v -0.072654 -0.707188 -0.085181
v -0.060472 -0.726874 -0.077027
v -0.069086 -0.718417 -0.080530
v -0.019885 -0.748523 -0.068060
v 0.004480 -0.748523 -0.068060
v -0.007702 -0.751215 -0.066945
v 0.045067 -0.726874 -0.077027
v 0.057250 -0.707188 -0.085181
v 0.053682 -0.718417 -0.080530
v 0.057250 -0.664272 -0.102957
v 0.045067 -0.644587 -0.111112
v 0.053682 -0.653044 -0.107608
v 0.004480 -0.698367 -0.232967
v -0.019885 -0.698367 -0.232967
v -0.007702 -0.696307 -0.235027
v -0.060472 -0.714937 -0.216398
v -0.072654 -0.730004 -0.201331
v -0.069086 -0.721410 -0.209925
v -0.072654 -0.762850 -0.168485
v -0.060472 -0.777917 -0.153418
v -0.069086 -0.771444 -0.159891
v -0.019885 -0.794486 -0.136848
v 0.004480 -0.794486 -0.136848
v -0.007702 -0.796546 -0.134788
v 0.045067 -0.777917 -0.153418
v 0.057250 -0.762850 -0.168485
v 0.053682 -0.771444 -0.159891
v 0.057250 -0.730004 -0.201331
v 0.045067 -0.714937 -0.216398
v 0.053682 -0.721410 -0.209925
v 0.004480 -0.811256 -0.308397
v -0.019885 -0.811256 -0.308397
v -0.007702 -0.810141 -0.311089
v -0.060472 -0.820223 -0.286748
v -0.072654 -0.828377 -0.267062
v -0.069086 -0.823726 -0.278290
v -0.072654 -0.846153 -0.224147
v -0.060472 -0.854307 -0.204461
v -0.069086 -0.850804 -0.212918
v -0.019885 -0.863275 -0.182811
v 0.004480 -0.863275 -0.182811
v -0.007702 -0.864390 -0.180120
v 0.045067 -0.854307 -0.204461
v 0.057250 -0.846153 -0.224147
v 0.053682 -0.850804 -0.212918
v 0.057250 -0.828377 -0.267062
v 0.045067 -0.820223 -0.286748
v 0.053682 -0.823726 -0.278290
v 0.004480 -0.944417 -0.334884
v -0.019885 -0.944417 -0.334884
v -0.007702 -0.944417 -0.337798
v -0.060472 -0.944417 -0.311452
v -0.072654 -0.944417 -0.290144
v -0.069086 -0.944417 -0.302297
v -0.072654 -0.944417 -0.243692
v -0.060472 -0.944417 -0.222384
v -0.069086 -0.944417 -0.231539
v -0.019885 -0.944417 -0.198952
v 0.004480 -0.944417 -0.198952
v -0.007702 -0.944417 -0.196038
v 0.045067 -0.944417 -0.222384
v 0.057250 -0.944417 -0.243692
v 0.053682 -0.944417 -0.231539
v 0.057250 -0.944417 -0.290144
v 0.045067 -0.944417 -0.311452
v 0.053682 -0.944417 -0.302297
v 0.004480 -1.077578 -0.308397
v -0.019884 -1.077577 -0.308397
v -0.007702 -1.078693 -0.311089
v -0.060472 -1.068610 -0.286748
v -0.072654 -1.060456 -0.267062
v -0.069086 -1.065107 -0.278290
v -0.072654 -1.042680 -0.224146
v -0.060472 -1.034526 -0.204461
v -0.069086 -1.038029 -0.212918
v -0.019884 -1.025558 -0.182811
v 0.004480 -1.025558 -0.182811
v -0.007702 -1.024443 -0.180120
v 0.045067 -1.034526 -0.204461
v 0.057250 -1.042680 -0.224147
v 0.053682 -1.038029 -0.212918
v 0.057250 -1.060456 -0.267062
v 0.045067 -1.068610 -0.286748
v 0.053682 -1.065107 -0.278290
v 0.004480 -1.190466 -0.232968
v -0.019884 -1.190466 -0.232968
v -0.007702 -1.192526 -0.235028
v -0.060472 -1.173896 -0.216398
v -0.072654 -1.158829 -0.201331
v -0.069086 -1.167423 -0.209925
v -0.072654 -1.125983 -0.168485
v -0.060472 -1.110916 -0.153418
v -0.069086 -1.117389 -0.159891
v -0.019884 -1.094347 -0.136848
v 0.004480 -1.094347 -0.136848
v -0.007702 -1.092287 -0.134788
v 0.045067 -1.110916 -0.153418
v 0.057250 -1.125983 -0.168485
v 0.053682 -1.117389 -0.159891
v 0.057250 -1.158829 -0.201331
v 0.045067 -1.173896 -0.216398
v 0.053682 -1.167423 -0.209925
v 0.004480 -1.265896 -0.120079
v -0.019884 -1.265896 -0.120079
v -0.007702 -1.268587 -0.121194
v -0.060472 -1.244246 -0.111112
v -0.072654 -1.224561 -0.102958
v -0.069086 -1.235789 -0.107609
v -0.072654 -1.181645 -0.085181
v -0.060472 -1.161959 -0.077027
v -0.069086 -1.170417 -0.080530
v -0.019884 -1.140310 -0.068060
v 0.004480 -1.140310 -0.068060
v -0.007702 -1.137618 -0.066945
v 0.045067 -1.161959 -0.077027
v 0.057250 -1.181645 -0.085181
v 0.053682 -1.170417 -0.080530
v 0.057250 -1.224560 -0.102958
v 0.045067 -1.244246 -0.111112
v 0.053682 -1.235789 -0.107609
vn -0.9290 0.3274 0.1727
vn -0.9292 0.3246 -0.1766
vn -0.7415 0.2550 -0.6206
vn -0.3480 0.1143 -0.9305
vn 0.3466 -0.1294 -0.9290
vn 0.7406 -0.2650 -0.6174
vn 0.9290 -0.3274 -0.1727
vn 0.9292 -0.3246 0.1766
vn 0.7415 -0.2550 0.6206
vn 0.3479 -0.1143 0.9305
vn -0.3466 0.1294 0.9290
vn -0.7406 0.2650 0.6174
vn -0.6364 0.7596 0.1343
vn -0.6366 0.7573 -0.1457
vn -0.5447 0.6443 -0.5369
vn -0.2865 0.3334 -0.8982
vn 0.2853 -0.3479 -0.8931
vn 0.5439 -0.6529 -0.5272
vn 0.6364 -0.7596 -0.1343
vn 0.6366 -0.7573 0.1457
vn 0.5447 -0.6443 0.5369
vn 0.2865 -0.3334 0.8982
vn -0.2853 0.3479 0.8931
vn -0.5439 0.6529 0.5272
vn -0.3515 0.9301 0.1068
vn -0.3516 0.9282 -0.1214
vn -0.3155 0.8294 -0.4611
vn -0.1852 0.4809 -0.8570
vn 0.1839 -0.4947 -0.8494
vn 0.3149 -0.8367 -0.4481
vn 0.3515 -0.9301 -0.1068
vn 0.3516 -0.9282 0.1214
vn 0.3155 -0.8294 0.4611
vn 0.1852 -0.4809 0.8570
vn -0.1839 0.4947 0.8494
vn -0.3149 0.8367 0.4481
vn -0.1175 0.9885 0.0947
vn -0.1177 0.9869 -0.1105
vn -0.1078 0.8993 -0.4238
vn -0.0671 0.5521 -0.8311
vn 0.0659 -0.5655 -0.8221
vn 0.1072 -0.9061 -0.4094
vn 0.1175 -0.9885 -0.0947
vn 0.1177 -0.9869 0.1105
vn 0.1078 -0.8993 0.4238
vn 0.0671 -0.5521 0.8311
vn -0.0659 0.5655 0.8221
vn -0.1072 0.9061 0.4094
vn 0.0988 0.9906 0.0945
vn 0.0987 0.9889 -0.1107
vn 0.0899 0.9012 -0.4240
vn 0.0553 0.5533 -0.8312
vn -0.0565 -0.5667 -0.8220
vn -0.0905 -0.9079 -0.4092
vn -0.0988 -0.9906 -0.0945
vn -0.0987 -0.9889 0.1107
vn -0.0899 -0.9012 0.4240
vn -0.0553 -0.5533 0.8312
vn 0.0565 0.5667 0.8220
vn 0.0905 0.9079 0.4092
vn 0.3339 0.9366 0.1063
vn 0.3337 0.9348 -0.1219
vn 0.2989 0.8352 -0.4616
vn 0.1746 0.4843 -0.8573
vn -0.1758 -0.4981 -0.8491
vn -0.2996 -0.8426 -0.4476
vn -0.3339 -0.9366 -0.1063
vn -0.3337 -0.9348 0.1219
vn -0.2989 -0.8352 0.4616
vn -0.1746 -0.4843 0.8573
vn 0.1758 0.4981 0.8491
vn 0.2996 0.8426 0.4476
vn 0.6220 0.7715 0.1333
vn 0.6218 0.7693 -0.1467
vn 0.5315 0.6545 -0.5377
vn 0.2787 0.3388 -0.8986
vn -0.2800 -0.3533 -0.8926
vn -0.5322 -0.6631 -0.5263
vn -0.6220 -0.7715 -0.1333
vn -0.6218 -0.7693 0.1467
vn -0.5315 -0.6545 0.5377
vn -0.2787 -0.3388 0.8986
vn 0.2800 0.3533 0.8926
vn 0.5322 0.6631 0.5263
vn 0.9228 0.3451 0.1712
vn 0.9226 0.3423 -0.1781
vn 0.7355 0.2691 -0.6218
vn 0.3442 0.1209 -0.9311
vn -0.3456 -0.1360 -0.9285
vn -0.7364 -0.2791 -0.6163
vn -0.9228 -0.3451 -0.1712
vn -0.9226 -0.3423 0.1781
vn -0.7355 -0.2691 0.6218
vn -0.3442 -0.1209 0.9311
vn 0.3456 0.1360 0.9285
vn 0.7364 0.2791 0.6163
vn -0.3479 0.1143 -0.9305
vn 0.6364 -0.7595 -0.1343
vn -0.1840 0.4947 0.8494
vn -0.8617 -0.3240 -0.3904
vn -0.8677 0.3012 -0.3955
vn -0.8671 0.3076 0.3918
vn -0.8612 -0.3177 0.3969
vn -0.0007 -0.0081 -1.0000
vn 0.8671 -0.3076 -0.3918
vn 0.8612 0.3177 -0.3969
vn 0.8677 -0.3012 0.3955
vn 0.8617 0.3240 0.3904
vn 0.0007 0.0081 1.0000
vn -0.6082 0.7275 0.3176
vn -0.6086 0.7223 -0.3285
vn 0.6082 -0.7275 -0.3176
vn 0.6086 -0.7223 0.3285
vn -0.3408 0.9034 0.2602
vn -0.3412 0.8991 -0.2742
vn 0.3408 -0.9034 -0.2602
vn 0.3412 -0.8991 0.2742
vn -0.1146 0.9655 0.2339
vn -0.1149 0.9616 -0.2493
vn 0.1146 -0.9655 -0.2339
vn 0.1149 -0.9616 0.2493
vn 0.0965 0.9675 0.2337
vn 0.0962 0.9636 -0.2495
vn -0.0965 -0.9675 -0.2337
vn -0.0962 -0.9636 0.2495
vn 0.3240 0.9097 0.2596
vn 0.3236 0.9054 -0.2748
vn -0.3240 -0.9097 -0.2596
vn -0.3236 -0.9054 0.2748
vn 0.5947 0.7390 0.3167
vn 0.5942 0.7337 -0.3294
vn -0.5947 -0.7390 -0.3167
vn -0.5942 -0.7337 0.3294
vn 0.2919 0.8967 -0.3328
vn 0.5736 0.7993 -0.1790
vn 0.9136 0.3864 -0.1267
vn 0.5299 -0.7366 0.4203
vn 0.1816 -0.9073 0.3794
vn 0.8351 -0.5076 0.2119
vn 0.2327 0.8945 -0.3818
vn 0.8622 0.4553 -0.2219
vn 0.5692 0.7028 -0.4268
vn 0.2400 -0.9131 0.3296
vn 0.5253 -0.8332 0.1725
vn 0.8895 -0.4420 0.1161
vn -0.1808 0.9269 -0.3289
vn -0.8342 0.5273 -0.1615
vn -0.5254 0.8332 -0.1725
vn -0.2914 -0.8818 0.3708
vn -0.5692 -0.7027 0.4268
vn -0.9124 -0.3591 0.1965
vn -0.2407 0.8982 -0.3677
vn -0.5299 0.7366 -0.4203
vn -0.8908 0.4147 -0.1858
vn -0.2336 -0.9141 0.3314
vn -0.8631 -0.4750 0.1715
vn -0.5736 -0.7993 0.1790
vn 0.2917 0.8894 -0.3519
vn 0.8630 0.4653 -0.1968
vn 0.9754 0.0554 0.2133
vn 0.9993 -0.0157 0.0328
vn 0.2405 -0.9058 0.3487
vn 0.8350 -0.5176 0.1868
vn 0.9676 -0.1153 -0.2248
vn 0.9980 -0.0458 -0.0445
vn 0.0261 0.9209 -0.3890
vn 0.0236 0.8616 -0.5071
vn -0.0270 -0.9409 0.3375
vn -0.0289 -0.9772 0.2104
vn -0.9993 0.0157 -0.0327
vn -0.9754 -0.0554 -0.2133
vn -0.2405 0.9058 -0.3487
vn -0.8350 0.5176 -0.1868
vn -0.2917 -0.8895 0.3519
vn -0.8630 -0.4653 0.1968
vn -0.9676 0.1153 0.2248
vn -0.9980 0.0458 0.0445
vn 0.0270 0.9409 -0.3375
vn 0.0289 0.9772 -0.2104
vn -0.0261 -0.9209 0.3890
vn -0.0236 -0.8616 0.5071
vn 0.0266 0.9313 -0.3634
vn 0.9995 -0.0308 -0.0059
vn 0.0167 0.3631 0.9316
vn -0.0266 -0.9313 0.3634
vn -0.0167 -0.3631 -0.9316
vn -0.9995 0.0308 0.0059
vn 0.4191 -0.8390 -0.3469
vn 0.3116 -0.2810 -0.9077
vn 0.9038 -0.2540 -0.3443
vn 0.4186 0.2248 -0.8799
vn 0.3979 0.8210 -0.4095
vn 0.9354 0.2535 -0.2466
vn 0.2846 -0.8539 0.4356
vn 0.8850 -0.3414 0.3165
vn 0.3266 -0.2608 0.9085
vn 0.4702 0.7961 0.3810
vn 0.2670 0.2531 0.9299
vn 0.8951 0.1671 0.4134
vn -0.3627 -0.7984 -0.4806
vn -0.9124 -0.2388 -0.3323
vn -0.3474 -0.1792 -0.9205
vn -0.3922 0.8563 -0.3361
vn -0.2395 0.3272 -0.9141
vn -0.8743 0.2729 -0.4014
vn -0.4973 -0.8134 0.3020
vn -0.3390 -0.2992 0.8919
vn -0.9246 -0.1860 0.3324
vn -0.3198 0.8314 0.4544
vn -0.9079 0.3268 0.2625
vn -0.3978 0.2152 0.8919
vn 0.4317 -0.9020 -0.0058
vn 0.9367 -0.3491 0.0282
vn 0.4185 0.0049 -0.9082
vn 0.9372 -0.0349 -0.3469
vn 0.5148 0.8563 0.0421
vn 0.9653 0.2572 0.0447
vn 0.3454 -0.0418 0.9375
vn 0.9070 -0.0542 0.4176
vn -0.0603 -0.8912 0.4497
vn -0.0520 -0.3273 0.9435
vn 0.0228 0.8672 0.4975
vn -0.0233 0.2790 0.9600
vn -0.9373 0.0349 0.3469
vn -0.4185 -0.0049 0.9082
vn -0.5148 -0.8563 -0.0421
vn -0.9653 -0.2572 -0.0447
vn -0.4316 0.9020 0.0058
vn -0.9367 0.3491 -0.0282
vn -0.3454 0.0418 -0.9375
vn -0.9070 0.0542 -0.4176
vn -0.0228 -0.8672 -0.4975
vn 0.0233 -0.2790 -0.9600
vn 0.0603 0.8912 -0.4497
vn 0.0520 0.3273 -0.9435
vn -0.0472 -0.9985 -0.0272
vn 0.9981 -0.0482 0.0383
vn 0.0395 0.0253 -0.9989
vn 0.0472 0.9985 0.0272
vn -0.0395 -0.0253 0.9989
vn -0.9981 0.0482 -0.0383
vn 0.2669 0.9051 -0.3309
vn 0.5501 0.8166 -0.1747
vn 0.9023 0.4143 -0.1191
vn 0.5487 -0.7196 0.4255
vn 0.2063 -0.9010 0.3817
vn 0.8486 -0.4813 0.2196
vn 0.2081 0.9010 -0.3805
vn 0.8496 0.4817 -0.2148
vn 0.5509 0.7198 -0.4224
vn 0.2653 -0.9050 0.3324
vn 0.5494 -0.8164 0.1778
vn 0.9017 -0.4141 0.1242
vn -0.2064 0.9207 -0.3312
vn -0.8487 0.5011 -0.1692
vn -0.5494 0.8164 -0.1777
vn -0.2670 -0.8902 0.3690
vn -0.5508 -0.7198 0.4225
vn -0.9025 -0.3870 0.1888
vn -0.2652 0.8901 -0.3705
vn -0.5487 0.7196 -0.4255
vn -0.9015 0.3868 -0.1939
vn -0.2080 -0.9208 0.3301
vn -0.8495 -0.5014 0.1644
vn -0.5501 -0.8166 0.1747
vn 0.2670 0.8979 -0.3501
vn 0.8499 0.4917 -0.1897
vn 0.9713 0.0857 0.2217
vn 0.9990 0.0152 0.0414
vn 0.2653 -0.8978 0.3515
vn 0.8490 -0.4914 0.1944
vn 0.9726 -0.0854 -0.2163
vn 0.9992 -0.0149 -0.0358
vn 0.0009 0.9210 -0.3895
vn 0.0013 0.8616 -0.5076
vn -0.0008 -0.9411 0.3380
vn -0.0004 -0.9775 0.2110
vn -0.9990 -0.0152 -0.0414
vn -0.9713 -0.0857 -0.2217
vn -0.2653 0.8978 -0.3515
vn -0.8489 0.4915 -0.1944
vn -0.2670 -0.8979 0.3501
vn -0.8499 -0.4917 0.1897
vn -0.9726 0.0854 0.2163
vn -0.9992 0.0149 0.0359
vn 0.0008 0.9411 -0.3380
vn 0.0004 0.9775 -0.2110
vn -0.0009 -0.9210 0.3895
vn -0.0013 -0.8616 0.5076
vn 0.0009 0.9314 -0.3639
vn 1.0000 0.0002 0.0028
vn -0.0027 0.3639 0.9314
vn -0.0009 -0.9314 0.3639
vn 0.0027 -0.3639 -0.9314
vn -1.0000 -0.0002 -0.0028
vn 0.4771 -0.8282 -0.2938
vn 0.3130 -0.3257 -0.8921
vn 0.9134 -0.2088 -0.3494
vn 0.3798 0.1876 -0.9059
vn 0.3219 0.8151 -0.4817
vn 0.9064 0.3057 -0.2914
vn 0.3614 -0.7926 0.4911
vn 0.9162 -0.2456 0.3166
vn 0.3663 -0.1630 0.9161
vn 0.4134 0.8576 0.3061
vn 0.2663 0.3448 0.9001
vn 0.8878 0.2681 0.3742
vn -0.3082 -0.8593 -0.4082
vn -0.8975 -0.3344 -0.2874
vn -0.3521 -0.2769 -0.8941
vn -0.4666 0.7943 -0.3890
vn -0.2850 0.2353 -0.9292
vn -0.9019 0.1718 -0.3962
vn -0.4239 -0.8236 0.3767
vn -0.2944 -0.2544 0.9212
vn -0.8992 -0.2311 0.3714
vn -0.3751 0.8368 0.3988
vn -0.9251 0.2744 0.2624
vn -0.3940 0.2523 0.8838
vn 0.5021 -0.8633 0.0506
vn 0.9620 -0.2717 0.0283
vn 0.3967 -0.0332 -0.9174
vn 0.9292 0.0114 -0.3695
vn 0.4455 0.8945 -0.0376
vn 0.9424 0.3344 -0.0021
vn 0.3682 0.0584 0.9279
vn 0.9174 0.0494 0.3949
vn 0.0210 -0.8554 0.5176
vn -0.0049 -0.2558 0.9667
vn -0.0356 0.9024 0.4294
vn -0.0244 0.3503 0.9363
vn -0.9292 -0.0114 0.3695
vn -0.3967 0.0332 0.9174
vn -0.4455 -0.8945 0.0376
vn -0.9424 -0.3344 0.0021
vn -0.5021 0.8633 -0.0506
vn -0.9620 0.2717 -0.0283
vn -0.3682 -0.0584 -0.9279
vn -0.9174 -0.0494 -0.3949
vn 0.0356 -0.9024 -0.4294
vn 0.0244 -0.3503 -0.9363
vn -0.0210 0.8554 -0.5176
vn 0.0049 0.2558 -0.9667
vn 0.0322 -0.9982 0.0501
vn 0.9994 0.0329 0.0138
vn 0.0154 -0.0496 -0.9987
vn -0.0322 0.9982 -0.0501
vn -0.0154 0.0496 0.9987
vn -0.9994 -0.0329 -0.0138
vn 0.0322 -0.9925 -0.1176
vn 0.0740 -0.6669 -0.7414
vn 0.2123 -0.8942 -0.3942
vn 0.1151 0.5017 -0.8574
vn 0.0543 0.9698 -0.2377
vn 0.2384 0.8553 -0.4601
vn 0.0060 -0.9706 0.2406
vn 0.1711 -0.8607 0.4796
vn 0.0200 -0.5034 0.8638
vn 0.0470 0.9915 0.1213
vn 0.0208 0.6655 0.7461
vn 0.1973 0.8888 0.4137
vn -0.0352 -0.9853 -0.1670
vn -0.1973 -0.8888 -0.4137
vn -0.0360 -0.5662 -0.8235
vn -0.0175 0.9805 -0.1956
vn -0.0017 0.6078 -0.7941
vn -0.1711 0.8607 -0.4796
vn -0.0617 -0.9795 0.1918
vn -0.0930 -0.6067 0.7895
vn -0.2384 -0.8553 0.4601
vn -0.0250 0.9861 0.1642
vn -0.2122 0.8942 0.3942
vn -0.0992 0.5678 0.8171
vn 0.0252 -0.9989 0.0395
vn 0.2132 -0.9759 0.0474
vn 0.1269 -0.0392 -0.9911
vn 0.4662 -0.0402 -0.8838
vn 0.0550 0.9978 -0.0357
vn 0.2423 0.9699 -0.0258
vn 0.0332 0.0371 0.9988
vn 0.3811 0.0291 0.9241
vn -0.0242 -0.9707 0.2392
vn -0.0457 -0.6078 0.7928
vn 0.0051 0.9862 0.1656
vn -0.0266 0.6669 0.7446
vn -0.4662 0.0402 0.8838
vn -0.1268 0.0392 0.9911
vn -0.0550 -0.9978 0.0357
vn -0.2423 -0.9699 0.0258
vn -0.0252 0.9989 -0.0395
vn -0.2132 0.9759 -0.0474
vn -0.0332 -0.0371 -0.9988
vn -0.3811 -0.0291 -0.9241
vn -0.0051 -0.9862 -0.1656
vn 0.0267 -0.6669 -0.7447
vn 0.0242 0.9707 -0.2393
vn 0.0457 0.6081 -0.7925
vn -0.0149 -0.9992 0.0376
vn 0.9988 -0.0132 0.0475
vn 0.0470 -0.0383 -0.9982
vn 0.0149 0.9992 -0.0376
vn -0.0470 0.0383 0.9982
vn -0.9988 0.0131 -0.0475
vn 0.0855 -0.9721 -0.2184
vn 0.0848 -0.5609 -0.8235
vn 0.2440 -0.8264 -0.5075
vn 0.0550 0.5474 -0.8351
vn -0.0100 0.9852 -0.1712
vn 0.1676 0.8908 -0.4223
vn 0.0689 -0.9826 0.1723
vn 0.2277 -0.8736 0.4301
vn 0.0696 -0.5419 0.8376
vn -0.0079 0.9755 0.2199
vn 0.0034 0.5648 0.8252
vn 0.1513 0.8436 0.5152
vn 0.0177 -0.9630 -0.2688
vn -0.1512 -0.8437 -0.5151
vn -0.0250 -0.4608 -0.8872
vn -0.0795 0.9893 -0.1225
vn -0.0571 0.6410 -0.7654
vn -0.2277 0.8736 -0.4300
vn 0.0020 -0.9926 0.1210
vn -0.0311 -0.6447 0.7638
vn -0.1676 -0.8908 0.4223
vn -0.0766 0.9605 0.2676
vn -0.2440 0.8264 0.5074
vn -0.0996 0.4554 0.8847
vn 0.0837 -0.9953 -0.0487
vn 0.2671 -0.9627 -0.0438
vn 0.0894 0.0533 -0.9946
vn 0.4040 0.0632 -0.9126
vn -0.0050 0.9987 0.0502
vn 0.1806 0.9822 0.0526
vn 0.0547 -0.0470 0.9974
vn 0.3720 -0.0294 0.9278
vn 0.0395 -0.9843 0.1718
vn 0.0130 -0.6434 0.7654
vn -0.0471 0.9622 0.2683
vn -0.0407 0.5634 0.8252
vn -0.4040 -0.0632 0.9126
vn -0.0894 -0.0533 0.9946
vn 0.0050 -0.9987 -0.0502
vn -0.1805 -0.9822 -0.0526
vn -0.0837 0.9953 0.0487
vn -0.2671 0.9627 0.0438
vn -0.0547 0.0470 -0.9974
vn -0.3720 0.0294 -0.9278
vn 0.0472 -0.9622 -0.2684
vn 0.0407 -0.5633 -0.8252
vn -0.0395 0.9843 -0.1718
vn -0.0130 0.6436 -0.7653
vn 0.0444 -0.9978 -0.0495
vn 0.9989 0.0435 0.0196
vn 0.0174 0.0503 -0.9986
vn -0.0444 0.9978 0.0495
vn -0.0174 -0.0503 0.9986
vn -0.9989 -0.0435 -0.0196
vn 0.2284 -0.9549 0.1899
vn -0.2284 -0.9549 0.1899
vn -0.7216 -0.6790 0.1351
vn -0.9580 -0.2813 0.0559
vn -0.9580 0.2813 -0.0559
vn -0.7216 0.6790 -0.1351
vn -0.2284 0.9549 -0.1899
vn 0.2283 0.9549 -0.1899
vn 0.7216 0.6790 -0.1351
vn 0.9580 0.2813 -0.0559
vn 0.9580 -0.2813 0.0559
vn 0.7216 -0.6790 0.1351
vn 0.2284 -0.8095 0.5409
vn -0.2284 -0.8095 0.5409
vn -0.7216 -0.5756 0.3846
vn -0.9580 -0.2384 0.1593
vn -0.9580 0.2384 -0.1593
vn -0.7216 0.5756 -0.3846
vn -0.2284 0.8095 -0.5409
vn 0.2284 0.8095 -0.5409
vn 0.7216 0.5756 -0.3846
vn 0.9580 0.2384 -0.1593
vn 0.9580 -0.2384 0.1593
vn 0.7216 -0.5756 0.3846
vn 0.2284 -0.5409 0.8095
vn -0.2284 -0.5409 0.8095
vn -0.7216 -0.3846 0.5756
vn -0.9580 -0.1593 0.2384
vn -0.9580 0.1593 -0.2384
vn -0.7216 0.3846 -0.5756
vn -0.2284 0.5409 -0.8095
vn 0.2284 0.5409 -0.8095
vn 0.7216 0.3846 -0.5757
vn 0.9580 0.1593 -0.2384
vn 0.9580 -0.1593 0.2384
vn 0.7216 -0.3846 0.5756
vn 0.2283 -0.1899 0.9549
vn -0.2284 -0.1899 0.9549
vn -0.7216 -0.1351 0.6790
vn -0.9580 -0.0559 0.2813
vn -0.9580 0.0559 -0.2813
vn -0.7216 0.1351 -0.6790
vn -0.2284 0.1899 -0.9549
vn 0.2283 0.1899 -0.9549
vn 0.7216 0.1351 -0.6790
vn 0.9580 0.0559 -0.2813
vn 0.9580 -0.0559 0.2813
vn 0.7216 -0.1351 0.6790
vn 0.2284 0.1899 0.9549
vn -0.2284 0.1899 0.9549
vn -0.7216 0.1351 0.6790
vn -0.9580 0.0559 0.2813
vn -0.9580 -0.0559 -0.2813
vn -0.7216 -0.1351 -0.6790
vn -0.2284 -0.1899 -0.9549
vn 0.2284 -0.1899 -0.9549
vn 0.7216 -0.1351 -0.6790
vn 0.9580 -0.0559 -0.2813
vn 0.9580 0.0559 0.2813
vn 0.7216 0.1351 0.6790
vn 0.2284 0.5409 0.8095
vn -0.2284 0.5409 0.8095
vn -0.7216 0.3846 0.5756
vn -0.9580 0.1593 0.2384
vn -0.9580 -0.1593 -0.2384
vn -0.7216 -0.3846 -0.5756
vn -0.2284 -0.5409 -0.8095
vn 0.2284 -0.5409 -0.8095
vn 0.7216 -0.3846 -0.5756
vn 0.9580 -0.1593 -0.2384
vn 0.9580 0.1593 0.2384
vn 0.7216 0.3846 0.5756
vn 0.2284 0.8095 0.5409
vn -0.2284 0.8095 0.5409
vn -0.7216 0.5756 0.3846
vn -0.9580 0.2384 0.1593
vn -0.9580 -0.2384 -0.1593
vn -0.7216 -0.5756 -0.3846
vn -0.2284 -0.8095 -0.5409
vn 0.2283 -0.8095 -0.5409
vn 0.7216 -0.5756 -0.3846
vn 0.9580 -0.2384 -0.1593
vn 0.9580 0.2384 0.1593
vn 0.7216 0.5756 0.3846
vn 0.2283 0.9549 0.1899
vn -0.2284 0.9549 0.1899
vn -0.7216 0.6790 0.1351
vn -0.9580 0.2813 0.0559
vn -0.9580 -0.2813 -0.0559
vn -0.7216 -0.6790 -0.1351
vn -0.2284 -0.9549 -0.1899
vn 0.2284 -0.9549 -0.1899
vn 0.7216 -0.6790 -0.1351
vn 0.9580 -0.2813 -0.0559
vn 0.9580 0.2813 0.0559
vn 0.7216 0.6790 0.1351
vn 0.2284 0.9549 -0.1899
vn -0.7216 -0.5757 0.3846
vn -0.2283 -0.8095 0.5409
vn 0.2283 -0.8095 0.5409
vn 0.7216 0.3846 -0.5756
vn 0.2284 0.1899 -0.9549
vn 0.2284 -0.1899 0.9549
vn 0.2283 -0.5409 -0.8095
vn 0.2283 0.5409 0.8095
vn 0.2283 0.8095 0.5409
vn 0.2284 0.9549 0.1899
vn -0.4927 -0.8535 -0.1698
vn -0.4927 -0.8535 0.1698
vn 0.4927 -0.8535 0.1698
vn 0.4927 -0.8535 -0.1698
vn -1.0000 -0.0000 -0.0000
vn -0.4927 0.8535 -0.1698
vn -0.4927 0.8535 0.1698
vn 0.4927 0.8535 -0.1698
vn 0.4927 0.8535 0.1698
vn 1.0000 -0.0000 -0.0000
vn 0.4927 -0.7235 0.4834
vn -0.4927 -0.7235 0.4834
vn -0.4927 0.7235 -0.4834
vn 0.4927 0.7235 -0.4834
vn 0.4927 -0.4834 0.7235
vn -0.4927 -0.4834 0.7235
vn -0.4927 0.4834 -0.7235
vn 0.4927 0.4834 -0.7235
vn 0.4927 -0.1698 0.8535
vn -0.4927 -0.1698 0.8535
vn -0.4927 0.1698 -0.8535
vn 0.4927 0.1698 -0.8535
vn 0.4927 0.1698 0.8535
vn -0.4927 0.1698 0.8535
vn -0.4927 -0.1698 -0.8535
vn 0.4927 -0.1698 -0.8535
vn 0.4927 0.4834 0.7235
vn -0.4927 0.4834 0.7235
vn -0.4927 -0.4834 -0.7235
vn 0.4927 -0.4834 -0.7235
vn 0.4927 0.7235 0.4834
vn -0.4927 0.7235 0.4834
vn -0.4927 -0.7235 -0.4834
vn 0.4927 -0.7235 -0.4834
vn 0.3480 -0.1143 0.9305
vn 0.1840 -0.4947 -0.8494
vn 0.0553 0.5533 -0.8311
vn -0.0553 -0.5533 0.8311
vn 0.3515 -0.9301 -0.1069
vn 0.2336 0.9141 -0.3314
vn 0.5694 0.8126 -0.1248
vn 0.8631 0.4750 -0.1715
vn 0.5260 -0.7094 0.4692
vn 0.2408 -0.8982 0.3677
vn 0.8908 -0.4147 0.1859
vn 0.2913 0.8818 -0.3708
vn 0.9123 0.3592 -0.1965
vn 0.5631 0.6759 -0.4756
vn 0.1807 -0.9269 0.3289
vn 0.5196 -0.8461 0.1183
vn 0.8342 -0.5272 0.1615
vn -0.2401 0.9131 -0.3296
vn -0.8895 0.4419 -0.1162
vn -0.5196 0.8461 -0.1184
vn -0.2326 -0.8945 0.3818
vn -0.5630 -0.6758 0.4756
vn -0.8622 -0.4554 0.2220
vn -0.1816 0.9072 -0.3794
vn -0.5260 0.7094 -0.4692
vn -0.8351 0.5076 -0.2119
vn -0.2919 -0.8967 0.3327
vn -0.9136 -0.3863 0.1267
vn -0.5694 -0.8125 0.1248
vn 0.2917 0.8895 -0.3518
vn 0.9993 -0.0157 0.0327
vn 0.2404 -0.9059 0.3487
vn -0.2404 0.9059 -0.3487
vn -0.2917 -0.8894 0.3519
vn -0.8630 -0.4654 0.1968
vn 0.3198 -0.8314 -0.4544
vn 0.3978 -0.2152 -0.8919
vn 0.9079 -0.3267 -0.2626
vn 0.3390 0.2992 -0.8919
vn 0.4973 0.8133 -0.3020
vn 0.9246 0.1860 -0.3324
vn 0.3921 -0.8563 0.3361
vn 0.8743 -0.2729 0.4014
vn 0.2395 -0.3272 0.9141
vn 0.3627 0.7984 0.4806
vn 0.3474 0.1792 0.9205
vn 0.9124 0.2388 0.3323
vn -0.4702 -0.7960 -0.3810
vn -0.8951 -0.1671 -0.4134
vn -0.2669 -0.2530 -0.9299
vn -0.2846 0.8539 -0.4357
vn -0.3265 0.2608 -0.9085
vn -0.8850 0.3415 -0.3165
vn -0.3979 -0.8210 0.4095
vn -0.4186 -0.2248 0.8799
vn -0.9354 -0.2535 0.2467
vn -0.4191 0.8390 0.3469
vn -0.9038 0.2540 0.3444
vn -0.3116 0.2810 0.9077
vn 0.4316 -0.9020 -0.0058
vn 0.9373 -0.0349 -0.3468
vn 0.3455 -0.0418 0.9375
vn -0.4317 0.9020 0.0058
vn 0.2079 0.9208 -0.3301
vn 0.5450 0.8297 -0.1205
vn 0.8495 0.5014 -0.1644
vn 0.5435 -0.6926 0.4743
vn 0.2652 -0.8902 0.3705
vn 0.9015 -0.3868 0.1939
vn 0.2670 0.8902 -0.3690
vn 0.9025 0.3871 -0.1889
vn 0.5460 0.6927 -0.4712
vn 0.2064 -0.9207 0.3312
vn 0.5445 -0.8296 0.1235
vn 0.8487 -0.5011 0.1691
vn -0.2654 0.9050 -0.3324
vn -0.9017 0.4141 -0.1242
vn -0.5446 0.8296 -0.1235
vn -0.2081 -0.9011 0.3805
vn -0.5460 -0.6926 0.4713
vn -0.8496 -0.4817 0.2149
vn -0.2063 0.9010 -0.3817
vn -0.5436 0.6925 -0.4743
vn -0.8486 0.4814 -0.2195
vn -0.2669 -0.9051 0.3309
vn -0.9023 -0.4143 0.1191
vn -0.5450 -0.8297 0.1205
vn 0.2670 0.8979 -0.3500
vn -0.8489 0.4914 -0.1945
vn -0.2670 -0.8979 0.3500
vn -0.8498 -0.4918 0.1897
vn -0.9992 0.0149 0.0358
vn -0.0026 0.3639 0.9314
vn 0.3751 -0.8368 -0.3988
vn 0.3940 -0.2523 -0.8838
vn 0.9251 -0.2744 -0.2623
vn 0.2943 0.2543 -0.9212
vn 0.4239 0.8237 -0.3767
vn 0.8992 0.2311 -0.3714
vn 0.4666 -0.7943 0.3890
vn 0.9019 -0.1718 0.3962
vn 0.2850 -0.2353 0.9292
vn 0.3082 0.8593 0.4082
vn 0.3521 0.2769 0.8941
vn 0.8975 0.3344 0.2874
vn -0.4134 -0.8576 -0.3062
vn -0.8878 -0.2681 -0.3742
vn -0.2663 -0.3448 -0.9001
vn -0.3615 0.7926 -0.4910
vn -0.3663 0.1630 -0.9161
vn -0.9162 0.2456 -0.3166
vn -0.3219 -0.8151 0.4817
vn -0.3798 -0.1876 0.9058
vn -0.9064 -0.3057 0.2915
vn -0.4772 0.8282 0.2938
vn -0.9134 0.2088 0.3494
vn -0.3130 0.3257 0.8921
vn 0.3966 -0.0332 -0.9174
vn 0.9292 0.0114 -0.3694
vn 0.9174 0.0494 0.3948
vn 0.0210 -0.8554 0.5175
vn -0.9174 -0.0494 -0.3948
vn -0.0210 0.8554 -0.5175
vn 0.0250 -0.9861 -0.1641
vn 0.0992 -0.5677 -0.8172
vn 0.2937 -0.8763 -0.3818
vn 0.0931 0.6065 -0.7896
vn 0.0617 0.9795 -0.1918
vn 0.3192 0.8360 -0.4462
vn 0.0175 -0.9805 0.1955
vn 0.2535 -0.8435 0.4735
vn 0.0017 -0.6080 0.7939
vn 0.0352 0.9853 0.1670
vn 0.0360 0.5660 0.8236
vn 0.2791 0.8688 0.4090
vn -0.0470 -0.9915 -0.1213
vn -0.2791 -0.8688 -0.4090
vn -0.0208 -0.6656 -0.7460
vn -0.0060 0.9706 -0.2406
vn -0.0200 0.5036 -0.8637
vn -0.2535 0.8435 -0.4735
vn -0.0543 -0.9698 0.2377
vn -0.1152 -0.5016 0.8574
vn -0.3193 -0.8360 0.4463
vn -0.0322 0.9925 0.1175
vn -0.2938 0.8763 0.3818
vn -0.0740 0.6668 0.7415
vn 0.2133 -0.9758 0.0474
vn 0.1268 -0.0392 -0.9911
vn -0.0242 -0.9707 0.2393
vn -0.0457 -0.6081 0.7925
vn 0.0051 0.9862 0.1657
vn -0.4662 0.0402 0.8837
vn -0.2132 0.9758 -0.0474
vn 0.0266 -0.6670 -0.7446
vn 0.0457 0.6077 -0.7929
vn -0.9988 0.0132 -0.0475
vn 0.0766 -0.9605 -0.2676
vn 0.0996 -0.4552 -0.8848
vn 0.3222 -0.8065 -0.4957
vn 0.0311 0.6448 -0.7637
vn -0.0020 0.9927 -0.1210
vn 0.2474 0.8768 -0.4123
vn 0.0796 -0.9893 0.1225
vn 0.3062 -0.8527 0.4232
vn 0.0571 -0.6410 0.7654
vn -0.0177 0.9630 0.2688
vn 0.0250 0.4607 0.8872
vn 0.2313 0.8305 0.5066
vn 0.0079 -0.9755 -0.2199
vn -0.2313 -0.8306 -0.5066
vn -0.0034 -0.5646 -0.8253
vn -0.0689 0.9826 -0.1723
vn -0.0696 0.5420 -0.8375
vn -0.3062 0.8528 -0.4231
vn 0.0100 -0.9852 0.1712
vn -0.0550 -0.5474 0.8350
vn -0.2474 -0.8768 0.4123
vn -0.0855 0.9721 0.2184
vn -0.3222 0.8065 0.4957
vn -0.0848 0.5609 0.8235
vn 0.0838 -0.9953 -0.0487
vn 0.1805 0.9822 0.0526
vn 0.0130 -0.6436 0.7653
vn -0.0472 0.9622 0.2683
vn -0.0407 0.5632 0.8253
vn -0.3719 0.0294 -0.9278
vn 0.0471 -0.9622 -0.2683
vn 0.0407 -0.5633 -0.8253
vn -0.0130 0.6434 -0.7654
vn -0.2283 0.9549 -0.1899
vn -0.2283 0.8095 -0.5409
vn 0.2283 0.8095 -0.5409
vn 0.7216 0.5757 -0.3846
vn 0.2283 -0.5409 0.8095
vn -0.2283 -0.5409 0.8095
vn 0.2283 0.5409 -0.8095
vn -0.2283 -0.5409 -0.8095
vn 0.2284 -0.8095 -0.5409
vn -0.2283 -0.9549 -0.1899
vn 0.2283 -0.9549 -0.1899
vn -0.2283 -0.9549 0.1899
vn 0.2283 -0.9549 0.1899
vn -0.2283 0.5409 0.8095
vn -0.2283 -0.8095 -0.5409
vt 0.500000 0.472418
vt 0.562500 0.500000
vt 0.500000 0.500000
vt 0.500000 0.527582
vt 0.562500 0.639084
vt 0.500000 0.666667
vt 0.500000 0.639084
vt 0.562500 0.666667
vt 0.500000 0.694656
vt 0.562500 0.805345
vt 0.500000 0.833333
vt 0.500000 0.805344
vt 0.562500 0.833333
vt 0.500000 0.860916
vt 0.562500 0.972417
vt 0.500000 1.000000
vt 0.500000 0.972417
vt 0.500000 -0.000000
vt 0.562500 0.027583
vt 0.500000 0.027582
vt 0.500000 0.139084
vt 0.562500 0.166667
vt 0.500000 0.166667
vt 0.562500 0.194655
vt 0.500000 0.194655
vt 0.500000 0.305345
vt 0.562500 0.333333
vt 0.500000 0.333333
vt 0.562500 0.360916
vt 0.500000 0.360916
vt 0.562500 0.472417
vt 0.625000 0.500000
vt 0.562500 0.527583
vt 0.625000 0.639084
vt 0.625000 0.666667
vt 0.562500 0.694655
vt 0.625000 0.805345
vt 0.625000 0.833333
vt 0.562500 0.860916
vt 0.625000 0.972417
vt 0.562500 1.000000
vt 0.562500 -0.000000
vt 0.625000 0.027583
vt 0.562500 0.139084
vt 0.625000 0.166667
vt 0.625000 0.194655
vt 0.562500 0.305345
vt 0.625000 0.333333
vt 0.625000 0.360916
vt 0.625000 0.472417
vt 0.687500 0.500000
vt 0.625000 0.527582
vt 0.687500 0.639084
vt 0.687500 0.666667
vt 0.625000 0.694656
vt 0.687500 0.805344
vt 0.687500 0.833333
vt 0.625000 0.860916
vt 0.687500 0.972417
vt 0.625000 1.000000
vt 0.625000 -0.000000
vt 0.687500 0.027583
vt 0.625000 0.139084
vt 0.687500 0.166667
vt 0.687500 0.194655
vt 0.625000 0.305345
vt 0.687500 0.333333
vt 0.687500 0.360916
vt 0.687500 0.472417
vt 0.750000 0.500000
vt 0.687500 0.527583
vt 0.750000 0.639084
vt 0.750000 0.666667
vt 0.687500 0.694655
vt 0.750000 0.805344
vt 0.750000 0.833333
vt 0.687500 0.860916
vt 0.750000 0.972417
vt 0.687500 1.000000
vt 0.687500 -0.000000
vt 0.750000 0.027582
vt 0.687500 0.139084
vt 0.750000 0.166667
vt 0.750000 0.194655
vt 0.687500 0.305345
vt 0.750000 0.333333
vt 0.750000 0.360916
vt 0.812500 0.472417
vt 0.750000 0.472418
vt 0.812500 0.527583
vt 0.750000 0.527582
vt 0.812500 0.666667
vt 0.812500 0.694655
vt 0.750000 0.694656
vt 0.812500 0.833333
vt 0.812500 0.860916
vt 0.750000 0.860916
vt 0.812500 1.000000
vt 0.750000 1.000000
vt 0.812500 -0.000000
vt 0.750000 -0.000000
vt 0.812500 0.139084
vt 0.750000 0.139084
vt 0.812500 0.166667
vt 0.812500 0.305345
vt 0.750000 0.305345
vt 0.812500 0.333333
vt 0.875000 0.472418
vt 0.812500 0.500000
vt 0.875000 0.527583
vt 0.812500 0.639084
vt 0.875000 0.666667
vt 0.875000 0.694655
vt 0.812500 0.805345
vt 0.875000 0.833333
vt 0.875000 0.860916
vt 0.812500 0.972417
vt 0.875000 1.000000
vt 0.875000 -0.000000
vt 0.812500 0.027583
vt 0.875000 0.139084
vt 0.875000 0.166667
vt 0.812500 0.194655
vt 0.875000 0.305345
vt 0.875000 0.333333
vt 0.812500 0.360916
vt 0.937500 0.472418
vt 0.875000 0.500000
vt 0.937500 0.527582
vt 0.875000 0.639084
vt 0.937500 0.666667
vt 0.937500 0.694655
vt 0.875000 0.805344
vt 0.937500 0.833333
vt 0.937500 0.860916
vt 0.875000 0.972418
vt 0.937500 1.000000
vt 0.937500 -0.000000
vt 0.875000 0.027583
vt 0.937500 0.139084
vt 0.937500 0.166667
vt 0.875000 0.194655
vt 0.937500 0.305345
vt 0.937500 0.333333
vt 0.875000 0.360916
vt 1.000000 0.472417
vt 0.937500 0.500000
vt 1.000000 0.527582
vt 0.937500 0.639084
vt 0.999890 0.666667
vt 1.000000 0.694656
vt 0.937500 0.805345
vt 1.000000 0.833333
vt 1.000000 0.860916
vt 0.937500 0.972417
vt 1.000000 1.000000
vt 1.000000 -0.000000
vt 0.937500 0.027583
vt 1.000000 0.139084
vt 1.000000 0.166667
vt 0.937500 0.194655
vt 1.000000 0.305345
vt 0.999890 0.333333
vt 0.937500 0.360916
vt 0.000000 0.472418
vt 0.062500 0.500000
vt 0.000200 0.500000
vt 0.000000 0.527582
vt 0.062500 0.639084
vt 0.000110 0.666667
vt 0.000000 0.639084
vt 0.062500 0.666667
vt 0.000000 0.694656
vt 0.062500 0.805345
vt 0.000000 0.833333
vt 0.000000 0.805344
vt 0.062500 0.833333
vt 0.000000 0.860916
vt 0.062500 0.972418
vt 0.000000 1.000000
vt 0.000000 0.972418
vt 0.000000 -0.000000
vt 0.062500 0.027583
vt 0.000000 0.027582
vt 0.000000 0.139084
vt 0.062500 0.166667
vt 0.000000 0.166667
vt 0.062500 0.194655
vt 0.000000 0.194655
vt 0.000000 0.305345
vt 0.062500 0.333333
vt 0.000110 0.333333
vt 0.062500 0.360916
vt 0.000000 0.360916
vt 0.062500 0.472418
vt 0.125000 0.500000
vt 0.062500 0.527583
vt 0.125000 0.639084
vt 0.125000 0.666667
vt 0.062500 0.694655
vt 0.125000 0.805344
vt 0.125000 0.833333
vt 0.062500 0.860916
vt 0.125000 0.972418
vt 0.062500 1.000000
vt 0.062500 -0.000000
vt 0.125000 0.027582
vt 0.062500 0.139084
vt 0.125000 0.166667
vt 0.125000 0.194655
vt 0.062500 0.305345
vt 0.125000 0.333333
vt 0.125000 0.360916
vt 0.125000 0.472417
vt 0.187500 0.500000
vt 0.125000 0.527582
vt 0.187500 0.639084
vt 0.187500 0.666667
vt 0.125000 0.694655
vt 0.187500 0.805345
vt 0.187500 0.833333
vt 0.125000 0.860916
vt 0.187500 0.972418
vt 0.125000 1.000000
vt 0.125000 -0.000000
vt 0.187500 0.027583
vt 0.125000 0.139084
vt 0.187500 0.166667
vt 0.187500 0.194655
vt 0.125000 0.305345
vt 0.187500 0.333333
vt 0.187500 0.360916
vt 0.187500 0.472418
vt 0.250000 0.500000
vt 0.187500 0.527583
vt 0.250000 0.639084
vt 0.250000 0.666667
vt 0.187500 0.694655
vt 0.250000 0.805344
vt 0.250000 0.833333
vt 0.187500 0.860916
vt 0.250000 0.972417
vt 0.187500 1.000000
vt 0.187500 -0.000000
vt 0.250000 0.027582
vt 0.187500 0.139084
vt 0.250000 0.166667
vt 0.250000 0.194655
vt 0.187500 0.305345
vt 0.250000 0.333333
vt 0.250000 0.360916
vt 0.312500 0.472418
vt 0.250000 0.472418
vt 0.312500 0.527583
vt 0.250000 0.527583
vt 0.312500 0.666667
vt 0.312500 0.694655
vt 0.250000 0.694656
vt 0.312500 0.833333
vt 0.312500 0.860916
vt 0.250000 0.860916
vt 0.312500 1.000000
vt 0.250000 1.000000
vt 0.312500 -0.000000
vt 0.250000 -0.000000
vt 0.312500 0.139084
vt 0.250000 0.139084
vt 0.312500 0.166667
vt 0.312500 0.305345
vt 0.250000 0.305345
vt 0.312500 0.333333
vt 0.375000 0.472417
vt 0.312500 0.500000
vt 0.375000 0.527582
vt 0.312500 0.639084
vt 0.375000 0.666667
vt 0.375000 0.694655
vt 0.312500 0.805344
vt 0.375000 0.833333
vt 0.375000 0.860916
vt 0.312500 0.972418
vt 0.375000 1.000000
vt 0.375000 -0.000000
vt 0.312500 0.027582
vt 0.375000 0.139084
vt 0.375000 0.166667
vt 0.312500 0.194655
vt 0.375000 0.305345
vt 0.375000 0.333333
vt 0.312500 0.360916
vt 0.437500 0.472417
vt 0.375000 0.500000
vt 0.437500 0.527583
vt 0.375000 0.639084
vt 0.437500 0.666667
vt 0.437500 0.694655
vt 0.375000 0.805345
vt 0.437500 0.833333
vt 0.437500 0.860916
vt 0.375000 0.972417
vt 0.437500 1.000000
vt 0.437500 -0.000000
vt 0.375000 0.027583
vt 0.437500 0.139084
vt 0.437500 0.166667
vt 0.375000 0.194655
vt 0.437500 0.305345
vt 0.437500 0.333333
vt 0.375000 0.360916
vt 0.437500 0.500000
vt 0.437500 0.639084
vt 0.437500 0.805345
vt 0.437500 0.027582
vt 0.437500 0.972417
vt 0.437500 0.194655
vt 0.437500 0.360916
vt 1.000000 0.360916
vt 1.000000 0.639084
vt 1.000000 0.805344
vt 1.000000 0.972418
vt 1.000000 0.027582
vt 1.000000 0.194655
vt 0.128500 0.746500
vt 0.126479 0.750000
vt 0.125000 0.746500
vt 0.378500 1.000000
vt 0.375000 0.996500
vt 0.378500 0.996500
vt 0.378500 0.003500
vt 0.375000 0.001479
vt 0.378500 0.000000
vt 0.625000 0.996500
vt 0.621500 1.000000
vt 0.621500 0.996500
vt 0.871500 0.746500
vt 0.875000 0.748521
vt 0.871500 0.750000
vt 0.621500 0.003500
vt 0.623521 0.000000
vt 0.625000 0.003500
vt 0.128500 0.503500
vt 0.125000 0.501479
vt 0.128500 0.500000
vt 0.378500 0.246500
vt 0.375740 0.250740
vt 0.375000 0.246500
vt 0.375000 0.253500
vt 0.378500 0.250000
vt 0.378500 0.253500
vt 0.871500 0.503500
vt 0.873521 0.500000
vt 0.875000 0.503500
vt 0.621500 0.250000
vt 0.625000 0.253500
vt 0.621500 0.253500
vt 0.621500 0.246500
vt 0.624260 0.249260
vt 0.371500 0.746500
vt 0.375493 0.750000
vt 0.373250 0.751750
vt 0.378500 0.746500
vt 0.375000 0.746500
vt 0.378500 0.750000
vt 0.378500 0.753500
vt 0.628500 0.746500
vt 0.625000 0.749507
vt 0.625000 0.746500
vt 0.621500 0.750000
vt 0.626750 0.751750
vt 0.621500 0.753500
vt 0.621500 0.746500
vt 0.371500 0.503500
vt 0.375000 0.500493
vt 0.375000 0.503500
vt 0.378500 0.500000
vt 0.373250 0.498250
vt 0.378500 0.496500
vt 0.378500 0.503500
vt 0.628500 0.503500
vt 0.624507 0.500000
vt 0.626750 0.498250
vt 0.621500 0.503500
vt 0.625000 0.503500
vt 0.621500 0.500000
vt 0.621500 0.496500
vt 0.125000 0.503500
vt 0.375000 0.003500
vt 0.621500 0.000000
vt 0.875000 0.746500
vt 0.871500 0.500000
vt 0.128500 0.750000
vt 0.128500 0.746500
vt 0.376479 1.000000
vt 0.625000 0.998521
vt 0.871500 0.746500
vt 0.128500 0.503500
vt 0.871500 0.503500
vt 0.371500 0.746500
vt 0.628500 0.746500
vt 0.371500 0.503500
vt 0.625000 0.246500
vt 0.871500 0.746500
vt 0.378500 0.253500
vt 0.621500 0.253500
vt 0.378500 0.246500
vt 0.378500 0.746500
vt 0.625000 0.746500
vt 0.621500 0.746500
vt 0.626750 0.498250
vt 0.378500 0.250000
vt 0.621500 0.246500
vt 0.621500 0.496500
vt 0.562500 0.468740
vt 0.500000 0.500000
vt 0.500000 0.468740
vt 0.500000 0.531260
vt 0.562500 0.635406
vt 0.500000 0.666667
vt 0.500000 0.635406
vt 0.562500 0.698387
vt 0.500000 0.698387
vt 0.500000 0.801613
vt 0.562500 0.833333
vt 0.500000 0.833333
vt 0.500000 0.864594
vt 0.562500 0.968740
vt 0.500000 0.968740
vt 0.562500 -0.000000
vt 0.500000 0.031260
vt 0.500000 -0.000000
vt 0.562500 0.135406
vt 0.500000 0.166667
vt 0.500000 0.135407
vt 0.562500 0.166667
vt 0.500000 0.198387
vt 0.562500 0.301613
vt 0.500000 0.333333
vt 0.500000 0.301613
vt 0.562500 0.333333
vt 0.500000 0.364594
vt 0.562500 0.531260
vt 0.625000 0.666667
vt 0.562500 0.666667
vt 0.562500 0.801613
vt 0.625000 0.833333
vt 0.562500 0.864594
vt 0.625000 1.000000
vt 0.562500 1.000000
vt 0.625000 -0.000000
vt 0.562500 0.031260
vt 0.625000 0.135406
vt 0.625000 0.166667
vt 0.562500 0.198387
vt 0.625000 0.301613
vt 0.625000 0.364594
vt 0.562500 0.364594
vt 0.687500 0.468740
vt 0.625000 0.468740
vt 0.625000 0.531260
vt 0.687500 0.635406
vt 0.625000 0.635406
vt 0.687500 0.698387
vt 0.625000 0.698387
vt 0.687500 0.801613
vt 0.625000 0.801613
vt 0.687500 0.864594
vt 0.625000 0.864594
vt 0.625000 0.968740
vt 0.625000 0.031260
vt 0.687500 0.135407
vt 0.687500 0.198387
vt 0.625000 0.198387
vt 0.625000 0.333333
vt 0.750000 0.468740
vt 0.750000 0.500000
vt 0.687500 0.531260
vt 0.750000 0.635407
vt 0.687500 0.666667
vt 0.750000 0.666667
vt 0.750000 0.801613
vt 0.687500 0.833333
vt 0.750000 0.864594
vt 0.750000 0.968740
vt 0.687500 0.968740
vt 0.750000 0.031260
vt 0.687500 0.031260
vt 0.750000 0.135406
vt 0.687500 0.166667
vt 0.750000 0.198387
vt 0.687500 0.301613
vt 0.750000 0.333333
vt 0.750000 0.364594
vt 0.687500 0.364594
vt 0.812500 0.500000
vt 0.750000 0.531260
vt 0.812500 0.666667
vt 0.750000 0.698387
vt 0.812500 0.833333
vt 0.750000 0.833333
vt 0.812500 0.968740
vt 0.750000 -0.000000
vt 0.812500 0.031260
vt 0.812500 0.135406
vt 0.750000 0.166667
vt 0.812500 0.198387
vt 0.750000 0.301613
vt 0.812500 0.333333
vt 0.812500 0.468740
vt 0.812500 0.531260
vt 0.875000 0.635407
vt 0.812500 0.635407
vt 0.812500 0.698387
vt 0.812500 0.801613
vt 0.812500 0.864594
vt 0.875000 0.968740
vt 0.812500 -0.000000
vt 0.875000 0.031260
vt 0.875000 0.135406
vt 0.812500 0.166667
vt 0.875000 0.198387
vt 0.812500 0.301613
vt 0.875000 0.333333
vt 0.812500 0.364594
vt 0.875000 0.468740
vt 0.937500 0.500000
vt 0.937500 0.531260
vt 0.875000 0.531260
vt 0.937500 0.666667
vt 0.875000 0.698387
vt 0.875000 0.801613
vt 0.937500 0.833333
vt 0.937500 0.864594
vt 0.875000 0.864594
vt 0.937500 0.968740
vt 0.875000 1.000000
vt 0.937500 -0.000000
vt 0.875000 -0.000000
vt 0.875000 0.166667
vt 0.875000 0.301613
vt 0.937500 0.333333
vt 0.875000 0.364594
vt 1.000000 0.468740
vt 0.937500 0.468740
vt 1.000000 0.531260
vt 0.937500 0.635407
vt 0.999791 0.666667
vt 0.937500 0.698387
vt 1.000000 0.801613
vt 0.937500 0.801613
vt 1.000000 0.864594
vt 0.937500 1.000000
vt 0.937500 0.031260
vt 1.000000 0.135406
vt 0.937500 0.135406
vt 1.000000 0.198387
vt 0.937500 0.198387
vt 1.000000 0.301613
vt 0.937500 0.301613
vt 0.999791 0.333333
vt 0.937500 0.364594
vt 0.000000 0.468740
vt 0.000363 0.500000
vt 0.062500 0.531260
vt 0.000000 0.531260
vt 0.000000 0.635406
vt 0.062500 0.666667
vt 0.000209 0.666667
vt 0.000000 0.698387
vt 0.062500 0.801613
vt 0.000000 0.833333
vt 0.000000 0.801613
vt 0.062500 0.864594
vt 0.000000 0.864593
vt 0.000000 0.968740
vt 0.062500 -0.000000
vt 0.000000 0.031260
vt 0.000000 0.135406
vt 0.062500 0.198387
vt 0.000000 0.198387
vt 0.062500 0.301613
vt 0.000209 0.333333
vt 0.000000 0.301613
vt 0.062500 0.333333
vt 0.000000 0.364594
vt 0.062500 0.468740
vt 0.125000 0.500000
vt 0.125000 0.635407
vt 0.062500 0.635406
vt 0.125000 0.698387
vt 0.062500 0.698387
vt 0.125000 0.801613
vt 0.062500 0.833333
vt 0.125000 0.864594
vt 0.062500 0.968740
vt 0.125000 -0.000000
vt 0.062500 0.031260
vt 0.125000 0.135406
vt 0.062500 0.135406
vt 0.125000 0.198387
vt 0.125000 0.301613
vt 0.125000 0.364594
vt 0.062500 0.364594
vt 0.125000 0.468740
vt 0.187500 0.500000
vt 0.125000 0.531260
vt 0.187500 0.635406
vt 0.187500 0.698387
vt 0.187500 0.801613
vt 0.187500 0.833333
vt 0.187500 0.968740
vt 0.125000 0.968740
vt 0.187500 -0.000000
vt 0.125000 0.031260
vt 0.187500 0.135406
vt 0.125000 0.166667
vt 0.187500 0.166667
vt 0.187500 0.301613
vt 0.125000 0.333333
vt 0.187500 0.333333
vt 0.187500 0.468740
vt 0.250000 0.500000
vt 0.187500 0.531260
vt 0.250000 0.635406
vt 0.187500 0.666667
vt 0.250000 0.698387
vt 0.250000 0.801613
vt 0.250000 0.833333
vt 0.187500 0.864594
vt 0.250000 0.968740
vt 0.187500 1.000000
vt 0.250000 0.031260
vt 0.187500 0.031260
vt 0.250000 0.135407
vt 0.250000 0.166667
vt 0.187500 0.198387
vt 0.250000 0.301613
vt 0.250000 0.364594
vt 0.187500 0.364594
vt 0.250000 0.468740
vt 0.312500 0.531260
vt 0.250000 0.531260
vt 0.312500 0.666667
vt 0.250000 0.666667
vt 0.312500 0.801613
vt 0.312500 0.833333
vt 0.250000 0.864594
vt 0.312500 0.968740
vt 0.312500 0.166667
vt 0.250000 0.198387
vt 0.312500 0.333333
vt 0.250000 0.333333
vt 0.375000 0.468740
vt 0.312500 0.468740
vt 0.375000 0.531260
vt 0.375000 0.635407
vt 0.312500 0.635406
vt 0.375000 0.666667
vt 0.312500 0.698387
vt 0.375000 0.833333
vt 0.312500 0.864593
vt 0.375000 0.968740
vt 0.375000 0.031260
vt 0.312500 0.031260
vt 0.312500 0.135406
vt 0.375000 0.166667
vt 0.312500 0.198387
vt 0.375000 0.301613
vt 0.312500 0.301613
vt 0.375000 0.364594
vt 0.312500 0.364594
vt 0.437500 0.500000
vt 0.437500 0.531260
vt 0.437500 0.666667
vt 0.437500 0.698387
vt 0.375000 0.698387
vt 0.375000 0.801613
vt 0.437500 0.833333
vt 0.375000 0.864594
vt 0.437500 1.000000
vt 0.375000 1.000000
vt 0.437500 0.031260
vt 0.375000 0.135406
vt 0.437500 0.198387
vt 0.375000 0.198387
vt 0.437500 0.301613
vt 0.375000 0.333333
vt 0.437500 0.364594
vt 0.437500 0.864594
vt 0.437500 0.801613
vt 0.437500 0.968740
vt 0.437500 0.333333
vt 0.437500 0.635406
vt 0.437500 0.468740
vt 0.437500 0.135406
vt 1.000000 0.698387
vt 1.000000 0.968740
vt 0.999800 0.500000
vt 0.999637 0.500000
vt 1.000000 0.635406
vt 1.000000 0.833333
vt 1.000000 0.031260
vt 1.000000 0.364594
vt 0.437500 -0.000000
s 0
usemtl hide
f 2/1/1 21/2/1 3/3/1
f 21/2/2 1/4/2 3/3/2
f 22/5/3 6/6/3 5/7/3
f 24/8/4 4/9/4 6/6/4
f 25/10/5 9/11/5 8/12/5
f 27/13/6 7/14/6 9/11/6
f 28/15/7 12/16/7 11/17/7
f 12/18/8 29/19/8 10/20/8
f 14/21/9 33/22/9 15/23/9
f 15/23/10 32/24/10 13/25/10
f 17/26/11 36/27/11 18/28/11
f 18/28/12 35/29/12 16/30/12
f 19/31/13 39/32/13 21/2/13
f 39/32/14 20/33/14 21/2/14
f 40/34/15 24/8/15 22/5/15
f 42/35/16 23/36/16 24/8/16
f 43/37/17 27/13/17 25/10/17
f 45/38/18 26/39/18 27/13/18
f 46/40/19 30/41/19 28/15/19
f 30/42/20 47/43/20 29/19/20
f 31/44/21 51/45/21 33/22/21
f 33/22/22 50/46/22 32/24/22
f 34/47/23 54/48/23 36/27/23
f 36/27/24 53/49/24 35/29/24
f 37/50/25 57/51/25 39/32/25
f 57/51/26 38/52/26 39/32/26
f 58/53/27 42/35/27 40/34/27
f 60/54/28 41/55/28 42/35/28
f 61/56/29 45/38/29 43/37/29
f 63/57/30 44/58/30 45/38/30
f 64/59/31 48/60/31 46/40/31
f 48/61/32 65/62/32 47/43/32
f 49/63/33 69/64/33 51/45/33
f 51/45/34 68/65/34 50/46/34
f 52/66/35 72/67/35 54/48/35
f 54/48/36 71/68/36 53/49/36
f 55/69/37 75/70/37 57/51/37
f 75/70/38 56/71/38 57/51/38
f 76/72/39 60/54/39 58/53/39
f 78/73/40 59/74/40 60/54/40
f 79/75/41 63/57/41 61/56/41
f 81/76/42 62/77/42 63/57/42
f 82/78/43 66/79/43 64/59/43
f 66/80/44 83/81/44 65/62/44
f 67/82/45 87/83/45 69/64/45
f 69/64/46 86/84/46 68/65/46
f 70/85/47 90/86/47 72/67/47
f 72/67/48 89/87/48 71/68/48
f 91/88/49 75/70/49 73/89/49
f 75/70/50 92/90/50 74/91/50
f 76/72/51 96/92/51 78/73/51
f 78/73/52 95/93/52 77/94/52
f 79/75/53 99/95/53 81/76/53
f 81/76/54 98/96/54 80/97/54
f 82/78/55 102/98/55 84/99/55
f 102/100/56 83/81/56 84/101/56
f 103/102/57 87/83/57 85/103/57
f 105/104/58 86/84/58 87/83/58
f 106/105/59 90/86/59 88/106/59
f 108/107/60 89/87/60 90/86/60
f 109/108/61 93/109/61 91/88/61
f 93/109/62 110/110/62 92/90/62
f 94/111/63 114/112/63 96/92/63
f 96/92/64 113/113/64 95/93/64
f 97/114/65 117/115/65 99/95/65
f 99/95/66 116/116/66 98/96/66
f 100/117/67 120/118/67 102/98/67
f 120/119/68 101/120/68 102/100/68
f 121/121/69 105/104/69 103/102/69
f 123/122/70 104/123/70 105/104/70
f 124/124/71 108/107/71 106/105/71
f 126/125/72 107/126/72 108/107/72
f 127/127/73 111/128/73 109/108/73
f 111/128/74 128/129/74 110/110/74
f 112/130/75 132/131/75 114/112/75
f 114/112/76 131/132/76 113/113/76
f 115/133/77 135/134/77 117/115/77
f 117/115/78 134/135/78 116/116/78
f 118/136/79 138/137/79 120/118/79
f 138/138/80 119/139/80 120/119/80
f 139/140/81 123/122/81 121/121/81
f 141/141/82 122/142/82 123/122/82
f 142/143/83 126/125/83 124/124/83
f 144/144/84 125/145/84 126/125/84
f 145/146/85 129/147/85 127/127/85
f 129/147/86 146/148/86 128/129/86
f 130/149/87 150/150/87 132/131/87
f 132/131/88 149/151/88 131/132/88
f 133/152/89 153/153/89 135/134/89
f 135/134/90 152/154/90 134/135/90
f 136/155/91 156/156/91 138/137/91
f 156/157/92 137/158/92 138/138/92
f 157/159/93 141/141/93 139/140/93
f 159/160/94 140/161/94 141/141/94
f 160/162/95 144/144/95 142/143/95
f 162/163/96 143/164/96 144/144/96
f 145/165/8 165/166/8 147/167/8
f 165/166/7 146/168/7 147/167/7
f 166/169/6 150/170/6 148/171/6
f 168/172/5 149/173/5 150/170/5
f 169/174/97 153/175/97 151/176/97
f 171/177/3 152/178/3 153/175/3
f 172/179/2 156/180/2 154/181/2
f 156/182/1 173/183/1 155/184/1
f 157/185/12 177/186/12 159/187/12
f 159/187/11 176/188/11 158/189/11
f 160/190/10 180/191/10 162/192/10
f 162/192/9 179/193/9 161/194/9
f 163/195/20 183/196/20 165/166/20
f 183/196/98 164/197/98 165/166/98
f 184/198/18 168/172/18 166/169/18
f 186/199/17 167/200/17 168/172/17
f 187/201/16 171/177/16 169/174/16
f 189/202/15 170/203/15 171/177/15
f 190/204/14 174/205/14 172/179/14
f 174/206/13 191/207/13 173/183/13
f 175/208/24 195/209/24 177/186/24
f 177/186/23 194/210/23 176/188/23
f 178/211/22 198/212/22 180/191/22
f 180/191/21 197/213/21 179/193/21
f 181/214/32 201/215/32 183/196/32
f 201/215/31 182/216/31 183/196/31
f 202/217/30 186/199/30 184/198/30
f 204/218/29 185/219/29 186/199/29
f 205/220/28 189/202/28 187/201/28
f 207/221/27 188/222/27 189/202/27
f 208/223/26 192/224/26 190/204/26
f 192/225/25 209/226/25 191/207/25
f 193/227/36 213/228/36 195/209/36
f 195/209/99 212/229/99 194/210/99
f 196/230/34 216/231/34 198/212/34
f 198/212/33 215/232/33 197/213/33
f 199/233/44 219/234/44 201/215/44
f 219/234/43 200/235/43 201/215/43
f 220/236/42 204/218/42 202/217/42
f 222/237/41 203/238/41 204/218/41
f 223/239/40 207/221/40 205/220/40
f 225/240/39 206/241/39 207/221/39
f 226/242/38 210/243/38 208/223/38
f 210/244/37 227/245/37 209/226/37
f 211/246/48 231/247/48 213/228/48
f 213/228/47 230/248/47 212/229/47
f 214/249/46 234/250/46 216/231/46
f 216/231/45 233/251/45 215/232/45
f 235/252/56 219/234/56 217/253/56
f 219/234/55 236/254/55 218/255/55
f 220/236/54 240/256/54 222/237/54
f 222/237/53 239/257/53 221/258/53
f 223/239/52 243/259/52 225/240/52
f 225/240/51 242/260/51 224/261/51
f 226/242/50 246/262/50 228/263/50
f 246/264/49 227/245/49 228/265/49
f 247/266/60 231/247/60 229/267/60
f 249/268/59 230/248/59 231/247/59
f 250/269/58 234/250/58 232/270/58
f 252/271/57 233/251/57 234/250/57
f 253/272/68 237/273/68 235/252/68
f 237/273/67 254/274/67 236/254/67
f 238/275/66 258/276/66 240/256/66
f 240/256/65 257/277/65 239/257/65
f 241/278/64 261/279/64 243/259/64
f 243/259/63 260/280/63 242/260/63
f 244/281/62 264/282/62 246/262/62
f 264/283/61 245/284/61 246/264/61
f 265/285/72 249/268/72 247/266/72
f 267/286/71 248/287/71 249/268/71
f 268/288/70 252/271/70 250/269/70
f 270/289/69 251/290/69 252/271/69
f 271/291/80 255/292/80 253/272/80
f 255/292/79 272/293/79 254/274/79
f 256/294/78 276/295/78 258/276/78
f 258/276/77 275/296/77 257/277/77
f 259/297/76 279/298/76 261/279/76
f 261/279/75 278/299/75 260/280/75
f 262/300/74 282/301/74 264/282/74
f 282/302/73 263/303/73 264/283/73
f 283/304/84 267/286/84 265/285/84
f 285/305/83 266/306/83 267/286/83
f 286/307/82 270/289/82 268/288/82
f 288/308/81 269/309/81 270/289/81
f 1/4/91 273/310/91 3/3/91
f 273/310/92 2/1/92 3/3/92
f 4/9/89 276/295/89 6/6/89
f 6/6/90 274/311/90 5/7/90
f 7/14/87 279/298/87 9/11/87
f 9/11/88 277/312/88 8/12/88
f 281/313/85 12/18/85 10/20/85
f 12/16/86 280/314/86 11/17/86
f 284/315/95 15/23/95 13/25/95
f 285/305/96 14/21/96 15/23/96
f 287/316/93 18/28/93 16/30/93
f 288/308/94 17/26/94 18/28/94
f 272/293/100 5/7/100 274/311/100
f 20/33/101 5/7/101 1/4/101
f 16/30/102 19/31/102 2/1/102
f 16/30/103 271/291/103 287/316/103
f 23/36/104 8/12/104 4/9/104
f 275/296/104 8/12/104 277/312/104
f 26/39/105 11/17/105 7/14/105
f 278/299/106 11/17/106 280/314/106
f 10/20/107 31/44/107 14/21/107
f 10/20/108 283/304/108 281/313/108
f 13/25/109 34/47/109 17/26/109
f 13/25/109 286/307/109 284/315/109
f 35/29/110 37/50/110 19/31/110
f 38/52/111 22/5/111 20/33/111
f 41/55/104 25/10/104 23/36/104
f 44/58/112 28/15/112 26/39/112
f 29/19/113 49/63/113 31/44/113
f 32/24/109 52/66/109 34/47/109
f 53/49/114 55/69/114 37/50/114
f 56/71/115 40/34/115 38/52/115
f 59/74/104 43/37/104 41/55/104
f 62/77/116 46/40/116 44/58/116
f 47/43/117 67/82/117 49/63/117
f 50/46/109 70/85/109 52/66/109
f 71/68/118 73/89/118 55/69/118
f 74/91/119 58/53/119 56/71/119
f 77/94/104 61/56/104 59/74/104
f 80/97/120 64/59/120 62/77/120
f 65/62/121 85/103/121 67/82/121
f 68/65/109 88/106/109 70/85/109
f 107/126/122 73/89/122 89/87/122
f 74/91/123 94/111/123 76/72/123
f 77/94/104 97/114/104 79/75/104
f 80/97/124 100/117/124 82/78/124
f 101/120/125 85/103/125 83/81/125
f 104/123/109 88/106/109 86/84/109
f 125/145/126 91/88/126 107/126/126
f 92/90/127 112/130/127 94/111/127
f 95/93/104 115/133/104 97/114/104
f 98/96/128 118/136/128 100/117/128
f 119/139/129 103/102/129 101/120/129
f 122/142/109 106/105/109 104/123/109
f 143/164/130 109/108/130 125/145/130
f 110/110/131 130/149/131 112/130/131
f 113/113/104 133/152/104 115/133/104
f 116/116/132 136/155/132 118/136/132
f 137/158/133 121/121/133 119/139/133
f 140/161/109 124/124/109 122/142/109
f 161/317/108 127/127/108 143/164/108
f 128/129/106 148/318/106 130/149/106
f 131/132/104 151/319/104 133/152/104
f 134/135/100 154/320/100 136/155/100
f 155/321/103 139/140/103 137/158/103
f 158/322/109 142/143/109 140/161/109
f 161/194/107 163/195/107 145/165/107
f 164/197/105 148/171/105 146/168/105
f 167/200/104 151/176/104 149/173/104
f 170/203/101 154/181/101 152/178/101
f 155/184/102 175/208/102 157/185/102
f 158/189/109 178/211/109 160/190/109
f 179/193/113 181/214/113 163/195/113
f 182/216/112 166/169/112 164/197/112
f 185/219/104 169/174/104 167/200/104
f 188/222/111 172/179/111 170/203/111
f 173/183/110 193/227/110 175/208/110
f 176/188/109 196/230/109 178/211/109
f 197/213/117 199/233/117 181/214/117
f 200/235/116 184/198/116 182/216/116
f 203/238/104 187/201/104 185/219/104
f 206/241/115 190/204/115 188/222/115
f 191/207/114 211/246/114 193/227/114
f 194/210/109 214/249/109 196/230/109
f 215/232/121 217/253/121 199/233/121
f 218/255/120 202/217/120 200/235/120
f 221/258/104 205/220/104 203/238/104
f 224/261/119 208/223/119 206/241/119
f 209/226/118 229/267/118 211/246/118
f 212/229/109 232/270/109 214/249/109
f 251/290/125 217/253/125 233/251/125
f 218/255/124 238/275/124 220/236/124
f 221/258/104 241/278/104 223/239/104
f 224/261/123 244/281/123 226/242/123
f 245/284/122 229/267/122 227/245/122
f 248/287/109 232/270/109 230/248/109
f 269/309/129 235/252/129 251/290/129
f 236/254/128 256/294/128 238/275/128
f 239/257/104 259/297/104 241/278/104
f 242/260/127 262/300/127 244/281/127
f 263/303/126 247/266/126 245/284/126
f 266/306/109 250/269/109 248/287/109
f 287/316/133 253/272/133 269/309/133
f 254/274/132 274/311/132 256/294/132
f 257/277/104 277/312/104 259/297/104
f 260/280/131 280/314/131 262/300/131
f 281/313/130 265/285/130 263/303/130
f 284/315/109 268/288/109 266/306/109
f 289/323/134 293/324/134 295/325/134
f 294/326/135 292/327/135 290/328/135
f 291/329/136 293/330/136 294/331/136
f 299/332/137 302/333/137 296/334/137
f 297/335/138 300/336/138 299/337/138
f 298/338/139 300/339/139 301/340/139
f 303/341/140 307/342/140 309/343/140
f 304/344/141 307/345/141 306/346/141
f 309/347/142 308/348/142 305/349/142
f 310/350/143 314/351/143 316/352/143
f 315/353/144 313/354/144 311/355/144
f 312/356/145 314/357/145 315/353/145
f 317/358/146 321/359/146 323/360/146
f 318/361/147 321/359/147 320/362/147
f 323/360/148 322/363/148 319/364/148
f 324/365/149 328/366/149 330/367/149
f 329/368/150 327/369/150 325/370/150
f 326/371/151 328/366/151 329/368/151
f 331/372/152 335/373/152 337/374/152
f 336/375/153 334/376/153 332/377/153
f 333/378/154 335/373/154 336/375/154
f 338/379/155 342/380/155 344/381/155
f 339/382/156 342/380/156 341/383/156
f 344/381/157 343/384/157 340/385/157
f 289/323/158 306/386/158 303/341/158
f 295/387/159 304/344/159 306/346/159
f 290/328/160 302/333/160 294/326/160
f 302/388/161 291/329/161 294/331/161
f 297/335/162 316/352/162 301/389/162
f 301/340/163 312/356/163 298/338/163
f 311/355/164 308/348/164 315/353/164
f 308/348/165 312/356/165 315/353/165
f 303/341/166 334/376/166 331/372/166
f 309/347/167 332/377/167 334/376/167
f 338/379/168 313/390/168 310/350/168
f 313/354/169 340/385/169 311/355/169
f 339/382/170 336/375/170 343/384/170
f 343/384/171 332/377/171 340/385/171
f 331/372/172 320/362/172 317/358/172
f 320/362/173 333/378/173 318/361/173
f 338/379/174 330/367/174 341/383/174
f 330/367/175 339/382/175 341/383/175
f 325/370/176 322/363/176 329/368/176
f 329/368/177 318/361/177 326/371/177
f 289/323/178 323/360/178 292/391/178
f 323/360/179 290/328/179 292/327/179
f 297/335/180 327/369/180 324/365/180
f 327/369/181 296/334/181 325/370/181
f 331/372/182 289/323/182 303/341/182
f 291/329/183 312/356/183 304/344/183
f 325/370/184 290/328/184 319/364/184
f 338/379/185 297/335/185 324/365/185
f 305/349/186 340/385/186 332/377/186
f 333/378/187 326/371/187 318/361/187
f 401/392/242 405/324/242 407/325/242
f 406/326/243 404/327/243 402/328/243
f 403/329/244 405/330/244 406/331/244
f 411/332/245 414/333/245 408/334/245
f 409/402/246 412/336/246 411/337/246
f 410/338/247 412/339/247 413/340/247
f 415/396/248 419/342/248 421/343/248
f 416/344/249 419/345/249 418/346/249
f 421/347/250 420/348/250 417/403/250
f 422/397/251 426/351/251 428/352/251
f 427/353/252 425/354/252 423/404/252
f 424/356/253 426/357/253 427/353/253
f 429/398/254 433/359/254 435/360/254
f 430/361/255 433/359/255 432/362/255
f 435/360/256 434/363/256 431/364/256
f 436/365/257 440/366/257 442/367/257
f 441/368/258 439/369/258 437/370/258
f 438/371/259 440/366/259 441/368/259
f 443/400/260 447/373/260 449/374/260
f 448/375/261 446/376/261 444/377/261
f 445/378/262 447/373/262 448/375/262
f 450/379/263 454/380/263 456/381/263
f 451/382/264 454/380/264 453/383/264
f 456/381/265 455/384/265 452/385/265
f 415/396/266 407/325/266 418/386/266
f 418/346/267 403/329/267 416/344/267
f 402/328/268 414/333/268 406/326/268
f 406/331/269 410/338/269 403/329/269
f 422/397/270 413/389/270 409/402/270
f 413/340/271 424/356/271 410/338/271
f 417/403/272 427/353/272 423/404/272
f 420/348/273 424/356/273 427/353/273
f 415/396/274 446/376/274 443/400/274
f 421/347/275 444/377/275 446/376/275
f 422/397/276 456/381/276 425/390/276
f 456/381/277 423/404/277 425/354/277
f 445/378/278 455/384/278 451/382/278
f 448/375/279 452/385/279 455/384/279
f 443/400/280 432/362/280 429/398/280
f 432/362/281 445/378/281 430/361/281
f 450/379/282 442/367/282 453/383/282
f 442/367/283 451/382/283 453/383/283
f 431/364/284 441/368/284 437/370/284
f 441/368/285 430/361/285 438/371/285
f 401/392/286 435/360/286 404/391/286
f 404/327/287 431/364/287 402/328/287
f 436/365/288 411/337/288 439/369/288
f 439/369/289 408/334/289 437/370/289
f 443/400/290 401/392/290 415/396/290
f 410/338/291 416/344/291 403/329/291
f 431/364/292 408/334/292 402/328/292
f 450/379/293 409/402/293 436/365/293
f 417/403/294 452/385/294 444/377/294
f 451/382/295 430/361/295 445/378/295
f 513/392/350 517/324/350 519/325/350
f 514/328/351 517/393/351 516/327/351
f 519/387/352 518/331/352 515/329/352
f 520/334/353 524/394/353 526/333/353
f 521/402/354 524/336/354 523/337/354
f 526/388/355 525/340/355 522/338/355
f 527/341/356 531/342/356 533/343/356
f 532/410/357 530/346/357 528/344/357
f 529/403/358 531/345/358 532/410/358
f 534/397/359 538/351/359 540/352/359
f 535/355/360 538/357/360 537/354/360
f 540/401/361 539/353/361 536/411/361
f 541/398/362 545/359/362 547/360/362
f 546/363/363 544/362/363 542/361/363
f 543/364/364 545/359/364 546/363/364
f 548/365/365 552/366/365 554/367/365
f 549/370/366 552/366/366 551/369/366
f 554/367/367 553/368/367 550/408/367
f 555/400/368 559/373/368 561/374/368
f 556/377/369 559/373/369 558/376/369
f 561/374/370 560/375/370 557/378/370
f 562/379/371 566/380/371 568/381/371
f 567/384/372 565/383/372 563/382/372
f 564/412/373 566/380/373 567/384/373
f 513/392/374 530/386/374 527/341/374
f 519/387/375 528/344/375 530/346/375
f 514/328/376 526/333/376 518/326/376
f 526/388/377 515/329/377 518/331/377
f 521/402/378 540/352/378 525/389/378
f 540/401/379 522/338/379 525/340/379
f 535/355/380 532/410/380 539/353/380
f 532/410/381 536/411/381 539/353/381
f 555/400/382 533/343/382 558/376/382
f 533/347/383 556/377/383 558/376/383
f 562/379/384 537/390/384 534/397/384
f 537/354/385 564/412/385 535/355/385
f 563/382/386 560/375/386 567/384/386
f 560/375/387 564/412/387 567/384/387
f 555/400/388 544/362/388 541/398/388
f 544/362/389 557/378/389 542/361/389
f 548/365/390 565/383/390 562/379/390
f 565/383/391 550/408/391 563/382/391
f 543/364/392 553/368/392 549/370/392
f 553/368/393 542/361/393 550/408/393
f 513/392/394 547/360/394 516/391/394
f 547/360/395 514/328/395 516/327/395
f 548/365/396 523/337/396 551/369/396
f 523/332/397 549/370/397 551/369/397
f 555/400/398 513/392/398 527/341/398
f 522/338/399 528/344/399 515/329/399
f 549/370/400 514/328/400 543/364/400
f 534/397/401 548/365/401 562/379/401
f 529/403/402 564/412/402 556/377/402
f 563/382/403 542/361/403 557/378/403
f 2/1/1 19/31/1 21/2/1
f 21/2/2 20/33/2 1/4/2
f 22/5/3 24/8/3 6/6/3
f 24/8/4 23/36/4 4/9/4
f 25/10/5 27/13/5 9/11/5
f 27/13/6 26/39/6 7/14/6
f 28/15/7 30/41/7 12/16/7
f 12/18/8 30/42/8 29/19/8
f 14/21/9 31/44/9 33/22/9
f 15/23/599 33/22/599 32/24/599
f 17/26/11 34/47/11 36/27/11
f 18/28/12 36/27/12 35/29/12
f 19/31/13 37/50/13 39/32/13
f 39/32/14 38/52/14 20/33/14
f 40/34/15 42/35/15 24/8/15
f 42/35/16 41/55/16 23/36/16
f 43/37/17 45/38/17 27/13/17
f 45/38/18 44/58/18 26/39/18
f 46/40/19 48/60/19 30/41/19
f 30/42/20 48/61/20 47/43/20
f 31/44/21 49/63/21 51/45/21
f 33/22/22 51/45/22 50/46/22
f 34/47/23 52/66/23 54/48/23
f 36/27/24 54/48/24 53/49/24
f 37/50/25 55/69/25 57/51/25
f 57/51/26 56/71/26 38/52/26
f 58/53/27 60/54/27 42/35/27
f 60/54/28 59/74/28 41/55/28
f 61/56/600 63/57/600 45/38/600
f 63/57/30 62/77/30 44/58/30
f 64/59/31 66/79/31 48/60/31
f 48/61/32 66/80/32 65/62/32
f 49/63/33 67/82/33 69/64/33
f 51/45/34 69/64/34 68/65/34
f 52/66/35 70/85/35 72/67/35
f 54/48/36 72/67/36 71/68/36
f 55/69/37 73/89/37 75/70/37
f 75/70/38 74/91/38 56/71/38
f 76/72/39 78/73/39 60/54/39
f 78/73/40 77/94/40 59/74/40
f 79/75/41 81/76/41 63/57/41
f 81/76/42 80/97/42 62/77/42
f 82/78/43 84/99/43 66/79/43
f 66/80/44 84/101/44 83/81/44
f 67/82/45 85/103/45 87/83/45
f 69/64/46 87/83/46 86/84/46
f 70/85/47 88/106/47 90/86/47
f 72/67/48 90/86/48 89/87/48
f 91/88/49 93/109/49 75/70/49
f 75/70/50 93/109/50 92/90/50
f 76/72/51 94/111/51 96/92/51
f 78/73/601 96/92/601 95/93/601
f 79/75/53 97/114/53 99/95/53
f 81/76/54 99/95/54 98/96/54
f 82/78/55 100/117/55 102/98/55
f 102/100/56 101/120/56 83/81/56
f 103/102/57 105/104/57 87/83/57
f 105/104/602 104/123/602 86/84/602
f 106/105/59 108/107/59 90/86/59
f 108/107/60 107/126/60 89/87/60
f 109/108/61 111/128/61 93/109/61
f 93/109/62 111/128/62 110/110/62
f 94/111/63 112/130/63 114/112/63
f 96/92/64 114/112/64 113/113/64
f 97/114/65 115/133/65 117/115/65
f 99/95/66 117/115/66 116/116/66
f 100/117/67 118/136/67 120/118/67
f 120/119/68 119/139/68 101/120/68
f 121/121/69 123/122/69 105/104/69
f 123/122/70 122/142/70 104/123/70
f 124/124/71 126/125/71 108/107/71
f 126/125/72 125/145/72 107/126/72
f 127/127/73 129/147/73 111/128/73
f 111/128/74 129/147/74 128/129/74
f 112/130/75 130/149/75 132/131/75
f 114/112/76 132/131/76 131/132/76
f 115/133/77 133/152/77 135/134/77
f 117/115/78 135/134/78 134/135/78
f 118/136/79 136/155/79 138/137/79
f 138/138/80 137/158/80 119/139/80
f 139/140/81 141/141/81 123/122/81
f 141/141/82 140/161/82 122/142/82
f 142/143/83 144/144/83 126/125/83
f 144/144/84 143/164/84 125/145/84
f 145/146/85 147/697/85 129/147/85
f 129/147/86 147/697/86 146/148/86
f 130/149/87 148/318/87 150/150/87
f 132/131/88 150/150/88 149/151/88
f 133/152/89 151/319/89 153/153/89
f 135/134/90 153/153/90 152/154/90
f 136/155/91 154/320/91 156/156/91
f 156/157/92 155/321/92 137/158/92
f 157/159/93 159/160/93 141/141/93
f 159/160/94 158/322/94 140/161/94
f 160/162/95 162/163/95 144/144/95
f 162/163/96 161/317/96 143/164/96
f 145/165/8 163/195/8 165/166/8
f 165/166/7 164/197/7 146/168/7
f 166/169/6 168/172/6 150/170/6
f 168/172/5 167/200/5 149/173/5
f 169/174/4 171/177/4 153/175/4
f 171/177/3 170/203/3 152/178/3
f 172/179/2 174/205/2 156/180/2
f 156/182/1 174/206/1 173/183/1
f 157/185/12 175/208/12 177/186/12
f 159/187/11 177/186/11 176/188/11
f 160/190/10 178/211/10 180/191/10
f 162/192/9 180/191/9 179/193/9
f 163/195/20 181/214/20 183/196/20
f 183/196/19 182/216/19 164/197/19
f 184/198/18 186/199/18 168/172/18
f 186/199/17 185/219/17 167/200/17
f 187/201/16 189/202/16 171/177/16
f 189/202/15 188/222/15 170/203/15
f 190/204/14 192/224/14 174/205/14
f 174/206/13 192/225/13 191/207/13
f 175/208/24 193/227/24 195/209/24
f 177/186/23 195/209/23 194/210/23
f 178/211/22 196/230/22 198/212/22
f 180/191/21 198/212/21 197/213/21
f 181/214/32 199/233/32 201/215/32
f 201/215/603 200/235/603 182/216/603
f 202/217/30 204/218/30 186/199/30
f 204/218/600 203/238/600 185/219/600
f 205/220/28 207/221/28 189/202/28
f 207/221/27 206/241/27 188/222/27
f 208/223/26 210/243/26 192/224/26
f 192/225/25 210/244/25 209/226/25
f 193/227/36 211/246/36 213/228/36
f 195/209/35 213/228/35 212/229/35
f 196/230/34 214/249/34 216/231/34
f 198/212/33 216/231/33 215/232/33
f 199/233/44 217/253/44 219/234/44
f 219/234/43 218/255/43 200/235/43
f 220/236/42 222/237/42 204/218/42
f 222/237/41 221/258/41 203/238/41
f 223/239/40 225/240/40 207/221/40
f 225/240/39 224/261/39 206/241/39
f 226/242/38 228/263/38 210/243/38
f 210/244/37 228/265/37 227/245/37
f 211/246/48 229/267/48 231/247/48
f 213/228/47 231/247/47 230/248/47
f 214/249/46 232/270/46 234/250/46
f 216/231/45 234/250/45 233/251/45
f 235/252/56 237/273/56 219/234/56
f 219/234/55 237/273/55 236/254/55
f 220/236/54 238/275/54 240/256/54
f 222/237/53 240/256/53 239/257/53
f 223/239/601 241/278/601 243/259/601
f 225/240/51 243/259/51 242/260/51
f 226/242/50 244/281/50 246/262/50
f 246/264/49 245/284/49 227/245/49
f 247/266/60 249/268/60 231/247/60
f 249/268/59 248/287/59 230/248/59
f 250/269/58 252/271/58 234/250/58
f 252/271/57 251/290/57 233/251/57
f 253/272/68 255/292/68 237/273/68
f 237/273/67 255/292/67 254/274/67
f 238/275/66 256/294/66 258/276/66
f 240/256/65 258/276/65 257/277/65
f 241/278/64 259/297/64 261/279/64
f 243/259/63 261/279/63 260/280/63
f 244/281/62 262/300/62 264/282/62
f 264/283/61 263/303/61 245/284/61
f 265/285/72 267/286/72 249/268/72
f 267/286/71 266/306/71 248/287/71
f 268/288/70 270/289/70 252/271/70
f 270/289/69 269/309/69 251/290/69
f 271/291/80 273/310/80 255/292/80
f 255/292/79 273/310/79 272/293/79
f 256/294/78 274/311/78 276/295/78
f 258/276/77 276/295/77 275/296/77
f 259/297/76 277/312/76 279/298/76
f 261/279/75 279/298/75 278/299/75
f 262/300/74 280/314/74 282/301/74
f 282/302/73 281/313/73 263/303/73
f 283/304/84 285/305/84 267/286/84
f 285/305/83 284/315/83 266/306/83
f 286/307/82 288/308/82 270/289/82
f 288/308/81 287/316/81 269/309/81
f 1/4/91 272/293/91 273/310/91
f 273/310/92 271/291/92 2/1/92
f 4/9/89 275/296/89 276/295/89
f 6/6/90 276/295/90 274/311/90
f 7/14/87 278/299/87 279/298/87
f 9/11/88 279/298/88 277/312/88
f 281/313/85 282/302/85 12/18/85
f 12/16/86 282/301/86 280/314/86
f 284/315/95 285/305/95 15/23/95
f 285/305/96 283/304/96 14/21/96
f 287/316/93 288/308/93 18/28/93
f 288/308/94 286/307/94 17/26/94
f 272/293/100 1/4/100 5/7/100
f 20/33/101 22/5/101 5/7/101
f 16/30/102 35/29/102 19/31/102
f 16/30/103 2/1/103 271/291/103
f 23/36/104 25/10/104 8/12/104
f 275/296/104 4/9/104 8/12/104
f 26/39/105 28/15/105 11/17/105
f 278/299/106 7/14/106 11/17/106
f 10/20/107 29/19/107 31/44/107
f 10/20/108 14/21/108 283/304/108
f 13/25/109 32/24/109 34/47/109
f 13/25/109 17/26/109 286/307/109
f 35/29/110 53/49/110 37/50/110
f 38/52/111 40/34/111 22/5/111
f 41/55/104 43/37/104 25/10/104
f 44/58/112 46/40/112 28/15/112
f 29/19/113 47/43/113 49/63/113
f 32/24/109 50/46/109 52/66/109
f 53/49/114 71/68/114 55/69/114
f 56/71/115 58/53/115 40/34/115
f 59/74/104 61/56/104 43/37/104
f 62/77/116 64/59/116 46/40/116
f 47/43/117 65/62/117 67/82/117
f 50/46/109 68/65/109 70/85/109
f 71/68/118 89/87/118 73/89/118
f 74/91/119 76/72/119 58/53/119
f 77/94/104 79/75/104 61/56/104
f 80/97/120 82/78/120 64/59/120
f 65/62/121 83/81/121 85/103/121
f 68/65/109 86/84/109 88/106/109
f 107/126/122 91/88/122 73/89/122
f 74/91/123 92/90/123 94/111/123
f 77/94/104 95/93/104 97/114/104
f 80/97/124 98/96/124 100/117/124
f 101/120/125 103/102/125 85/103/125
f 104/123/109 106/105/109 88/106/109
f 125/145/126 109/108/126 91/88/126
f 92/90/127 110/110/127 112/130/127
f 95/93/104 113/113/104 115/133/104
f 98/96/128 116/116/128 118/136/128
f 119/139/129 121/121/129 103/102/129
f 122/142/109 124/124/109 106/105/109
f 143/164/130 127/127/130 109/108/130
f 110/110/131 128/129/131 130/149/131
f 113/113/104 131/132/104 133/152/104
f 116/116/132 134/135/132 136/155/132
f 137/158/133 139/140/133 121/121/133
f 140/161/109 142/143/109 124/124/109
f 161/317/108 145/146/108 127/127/108
f 128/129/106 146/148/106 148/318/106
f 131/132/104 149/151/104 151/319/104
f 134/135/100 152/154/100 154/320/100
f 155/321/103 157/159/103 139/140/103
f 158/322/109 160/162/109 142/143/109
f 161/194/107 179/193/107 163/195/107
f 164/197/105 166/169/105 148/171/105
f 167/200/104 169/174/104 151/176/104
f 170/203/101 172/179/101 154/181/101
f 155/184/102 173/183/102 175/208/102
f 158/189/109 176/188/109 178/211/109
f 179/193/113 197/213/113 181/214/113
f 182/216/112 184/198/112 166/169/112
f 185/219/104 187/201/104 169/174/104
f 188/222/111 190/204/111 172/179/111
f 173/183/110 191/207/110 193/227/110
f 176/188/109 194/210/109 196/230/109
f 197/213/117 215/232/117 199/233/117
f 200/235/116 202/217/116 184/198/116
f 203/238/104 205/220/104 187/201/104
f 206/241/115 208/223/115 190/204/115
f 191/207/114 209/226/114 211/246/114
f 194/210/109 212/229/109 214/249/109
f 215/232/121 233/251/121 217/253/121
f 218/255/120 220/236/120 202/217/120
f 221/258/104 223/239/104 205/220/104
f 224/261/119 226/242/119 208/223/119
f 209/226/118 227/245/118 229/267/118
f 212/229/109 230/248/109 232/270/109
f 251/290/125 235/252/125 217/253/125
f 218/255/124 236/254/124 238/275/124
f 221/258/104 239/257/104 241/278/104
f 224/261/123 242/260/123 244/281/123
f 245/284/122 247/266/122 229/267/122
f 248/287/109 250/269/109 232/270/109
f 269/309/129 253/272/129 235/252/129
f 236/254/128 254/274/128 256/294/128
f 239/257/104 257/277/104 259/297/104
f 242/260/127 260/280/127 262/300/127
f 263/303/126 265/285/126 247/266/126
f 266/306/109 268/288/109 250/269/109
f 287/316/133 271/291/133 253/272/133
f 254/274/132 272/293/132 274/311/132
f 257/277/104 275/296/104 277/312/104
f 260/280/131 278/299/131 280/314/131
f 281/313/130 283/304/130 265/285/130
f 284/315/109 286/307/109 268/288/109
f 289/323/604 292/391/604 293/324/604
f 294/326/605 293/393/605 292/327/605
f 291/329/606 295/387/606 293/330/606
f 299/332/607 300/394/607 302/333/607
f 297/335/608 301/389/608 300/336/608
f 298/338/609 302/388/609 300/339/609
f 303/341/610 306/386/610 307/342/610
f 304/344/611 308/348/611 307/345/611
f 309/347/612 307/345/612 308/348/612
f 310/350/613 313/390/613 314/351/613
f 315/353/614 314/357/614 313/354/614
f 312/356/615 316/401/615 314/357/615
f 317/358/616 320/362/616 321/359/616
f 318/361/617 322/363/617 321/359/617
f 323/360/618 321/359/618 322/363/618
f 324/365/619 327/369/619 328/366/619
f 329/368/620 328/366/620 327/369/620
f 326/371/621 330/367/621 328/366/621
f 331/372/622 334/376/622 335/373/622
f 336/375/623 335/373/623 334/376/623
f 333/378/624 337/374/624 335/373/624
f 338/379/625 341/383/625 342/380/625
f 339/382/626 343/384/626 342/380/626
f 344/381/627 342/380/627 343/384/627
f 289/323/628 295/325/628 306/386/628
f 295/387/159 291/329/159 304/344/159
f 290/328/160 296/334/160 302/333/160
f 302/388/629 298/338/629 291/329/629
f 297/335/630 310/350/630 316/352/630
f 301/340/163 316/401/163 312/356/163
f 311/355/164 305/349/164 308/348/164
f 308/348/165 304/344/165 312/356/165
f 303/341/166 309/343/166 334/376/166
f 309/347/167 305/349/167 332/377/167
f 338/379/168 344/381/168 313/390/168
f 313/354/169 344/381/169 340/385/169
f 339/382/170 333/378/170 336/375/170
f 343/384/171 336/375/171 332/377/171
f 331/372/631 337/374/631 320/362/631
f 320/362/173 337/374/173 333/378/173
f 338/379/632 324/365/632 330/367/632
f 330/367/633 326/371/633 339/382/633
f 325/370/176 319/364/176 322/363/176
f 329/368/177 322/363/177 318/361/177
f 289/323/178 317/358/178 323/360/178
f 323/360/179 319/364/179 290/328/179
f 297/335/180 299/337/180 327/369/180
f 327/369/181 299/332/181 296/334/181
f 331/372/182 317/358/182 289/323/182
f 291/329/183 298/338/183 312/356/183
f 325/370/184 296/334/184 290/328/184
f 338/379/185 310/350/185 297/335/185
f 305/349/186 311/355/186 340/385/186
f 333/378/187 339/382/187 326/371/187
f 401/392/662 404/391/662 405/324/662
f 406/326/663 405/393/663 404/327/663
f 403/329/664 407/387/664 405/330/664
f 411/332/665 412/394/665 414/333/665
f 409/402/666 413/389/666 412/336/666
f 410/338/667 414/388/667 412/339/667
f 415/396/668 418/386/668 419/342/668
f 416/344/669 420/348/669 419/345/669
f 421/347/670 419/345/670 420/348/670
f 422/397/671 425/390/671 426/351/671
f 427/353/672 426/357/672 425/354/672
f 424/356/673 428/401/673 426/357/673
f 429/398/674 432/362/674 433/359/674
f 430/361/675 434/363/675 433/359/675
f 435/360/676 433/359/676 434/363/676
f 436/365/677 439/369/677 440/366/677
f 441/368/678 440/366/678 439/369/678
f 438/371/679 442/367/679 440/366/679
f 443/400/680 446/376/680 447/373/680
f 448/375/681 447/373/681 446/376/681
f 445/378/682 449/374/682 447/373/682
f 450/379/683 453/383/683 454/380/683
f 451/382/684 455/384/684 454/380/684
f 456/381/685 454/380/685 455/384/685
f 415/396/686 401/392/686 407/325/686
f 418/346/267 407/387/267 403/329/267
f 402/328/268 408/334/268 414/333/268
f 406/331/269 414/388/269 410/338/269
f 422/397/270 428/352/270 413/389/270
f 413/340/271 428/401/271 424/356/271
f 417/403/272 420/348/272 427/353/272
f 420/348/273 416/344/273 424/356/273
f 415/396/274 421/343/274 446/376/274
f 421/347/275 417/403/275 444/377/275
f 422/397/276 450/379/276 456/381/276
f 456/381/277 452/385/277 423/404/277
f 445/378/278 448/375/278 455/384/278
f 448/375/279 444/377/279 452/385/279
f 443/400/280 449/374/280 432/362/280
f 432/362/687 449/374/687 445/378/687
f 450/379/688 436/365/688 442/367/688
f 442/367/689 438/371/689 451/382/689
f 431/364/284 434/363/284 441/368/284
f 441/368/690 434/363/690 430/361/690
f 401/392/286 429/398/286 435/360/286
f 404/327/287 435/360/287 431/364/287
f 436/365/288 409/402/288 411/337/288
f 439/369/289 411/332/289 408/334/289
f 443/400/290 429/398/290 401/392/290
f 410/338/291 424/356/291 416/344/291
f 431/364/691 437/370/691 408/334/691
f 450/379/293 422/397/293 409/402/293
f 417/403/294 423/404/294 452/385/294
f 451/382/295 438/371/295 430/361/295
f 513/392/722 516/391/722 517/324/722
f 514/328/723 518/326/723 517/393/723
f 519/387/724 517/330/724 518/331/724
f 520/334/725 523/332/725 524/394/725
f 521/402/726 525/389/726 524/336/726
f 526/388/727 524/339/727 525/340/727
f 527/341/728 530/386/728 531/342/728
f 532/410/729 531/345/729 530/346/729
f 529/403/730 533/347/730 531/345/730
f 534/397/731 537/390/731 538/351/731
f 535/355/732 539/353/732 538/357/732
f 540/401/733 538/357/733 539/353/733
f 541/398/734 544/362/734 545/359/734
f 546/363/735 545/359/735 544/362/735
f 543/364/736 547/360/736 545/359/736
f 548/365/737 551/369/737 552/366/737
f 549/370/738 553/368/738 552/366/738
f 554/367/739 552/366/739 553/368/739
f 555/400/740 558/376/740 559/373/740
f 556/377/741 560/375/741 559/373/741
f 561/374/742 559/373/742 560/375/742
f 562/379/743 565/383/743 566/380/743
f 567/384/744 566/380/744 565/383/744
f 564/412/745 568/381/745 566/380/745
f 513/392/374 519/325/374 530/386/374
f 519/387/746 515/329/746 528/344/746
f 514/328/747 520/334/747 526/333/747
f 526/388/377 522/338/377 515/329/377
f 521/402/378 534/397/378 540/352/378
f 540/401/379 536/411/379 522/338/379
f 535/355/380 529/403/380 532/410/380
f 532/410/381 528/344/381 536/411/381
f 555/400/748 527/341/748 533/343/748
f 533/347/749 529/403/749 556/377/749
f 562/379/750 568/381/750 537/390/750
f 537/354/385 568/381/385 564/412/385
f 563/382/751 557/378/751 560/375/751
f 560/375/387 556/377/387 564/412/387
f 555/400/388 561/374/388 544/362/388
f 544/362/389 561/374/389 557/378/389
f 548/365/390 554/367/390 565/383/390
f 565/383/752 554/367/752 550/408/752
f 543/364/392 546/363/392 553/368/392
f 553/368/393 546/363/393 542/361/393
f 513/392/394 541/398/394 547/360/394
f 547/360/753 543/364/753 514/328/753
f 548/365/396 521/402/396 523/337/396
f 523/332/754 520/334/754 549/370/754
f 555/400/398 541/398/398 513/392/398
f 522/338/399 536/411/399 528/344/399
f 549/370/400 520/334/400 514/328/400
f 534/397/401 521/402/401 548/365/401
f 529/403/402 535/355/402 564/412/402
f 563/382/755 550/408/755 542/361/755
usemtl iron
f 345/392/188 349/324/188 351/325/188
f 346/328/189 349/393/189 348/327/189
f 347/329/190 349/330/190 350/331/190
f 352/334/191 356/394/191 358/333/191
f 353/395/192 356/336/192 355/337/192
f 354/338/193 356/339/193 357/340/193
f 359/396/194 363/342/194 365/343/194
f 360/344/195 363/345/195 362/346/195
f 361/349/196 363/345/196 364/348/196
f 366/397/197 370/351/197 372/352/197
f 367/355/198 370/357/198 369/354/198
f 368/356/199 370/357/199 371/353/199
f 373/398/200 377/359/200 379/360/200
f 374/361/201 377/359/201 376/362/201
f 375/364/202 377/359/202 378/363/202
f 380/399/203 384/366/203 386/367/203
f 381/370/204 384/366/204 383/369/204
f 382/371/205 384/366/205 385/368/205
f 387/400/206 391/373/206 393/374/206
f 388/377/207 391/373/207 390/376/207
f 389/378/208 391/373/208 392/375/208
f 394/379/209 398/380/209 400/381/209
f 395/382/210 398/380/210 397/383/210
f 396/385/211 398/380/211 399/384/211
f 359/396/212 351/325/212 362/386/212
f 362/346/213 347/329/213 360/344/213
f 352/334/214 350/326/214 346/328/214
f 358/388/215 347/329/215 350/331/215
f 353/395/216 372/352/216 357/389/216
f 372/401/217 354/338/217 357/340/217
f 367/355/218 364/348/218 371/353/218
f 371/353/219 360/344/219 368/356/219
f 359/396/220 390/376/220 387/400/220
f 390/376/221 361/349/221 388/377/221
f 394/379/222 369/390/222 366/397/222
f 400/381/223 367/355/223 369/354/223
f 395/382/224 392/375/224 399/384/224
f 399/384/225 388/377/225 396/385/225
f 387/400/226 376/362/226 373/398/226
f 393/374/227 374/361/227 376/362/227
f 394/379/228 386/367/228 397/383/228
f 386/367/229 395/382/229 397/383/229
f 381/370/230 378/363/230 385/368/230
f 378/363/231 382/371/231 385/368/231
f 345/392/232 379/360/232 348/391/232
f 379/360/233 346/328/233 348/327/233
f 353/395/234 383/369/234 380/399/234
f 355/332/235 381/370/235 383/369/235
f 387/400/236 345/392/236 359/396/236
f 354/338/237 360/344/237 347/329/237
f 381/370/238 346/328/238 375/364/238
f 366/397/239 380/399/239 394/379/239
f 367/355/240 388/377/240 361/349/240
f 395/382/241 374/361/241 389/378/241
f 457/392/296 461/324/296 463/325/296
f 458/328/297 461/393/297 460/327/297
f 459/329/298 461/330/298 462/331/298
f 464/334/299 468/394/299 470/333/299
f 465/402/300 468/336/300 467/337/300
f 466/338/301 468/339/301 469/340/301
f 471/396/302 475/342/302 477/343/302
f 472/405/303 475/345/303 474/346/303
f 473/403/304 475/345/304 476/348/304
f 478/350/305 482/351/305 484/352/305
f 479/355/306 482/357/306 481/354/306
f 480/356/307 482/357/307 483/353/307
f 485/398/308 489/359/308 491/360/308
f 486/406/309 489/359/309 488/362/309
f 487/364/310 489/359/310 490/363/310
f 492/365/311 496/366/311 498/407/311
f 493/370/312 496/366/312 495/369/312
f 494/408/313 496/366/313 497/368/313
f 499/400/314 503/373/314 505/374/314
f 500/377/315 503/373/315 502/376/315
f 501/378/316 503/373/316 504/375/316
f 506/379/317 510/380/317 512/409/317
f 507/382/318 510/380/318 509/383/318
f 508/385/319 510/380/319 511/384/319
f 471/396/320 463/325/320 474/386/320
f 463/387/321 472/405/321 474/346/321
f 458/328/322 470/333/322 462/326/322
f 470/388/323 459/329/323 462/331/323
f 478/350/324 469/389/324 465/402/324
f 484/401/325 466/338/325 469/340/325
f 473/403/326 483/353/326 479/355/326
f 476/348/327 480/356/327 483/353/327
f 471/396/328 502/376/328 499/400/328
f 502/376/329 473/403/329 500/377/329
f 478/350/330 512/409/330 481/390/330
f 481/354/331 508/385/331 479/355/331
f 507/382/332 504/375/332 511/384/332
f 504/375/333 508/385/333 511/384/333
f 485/398/334 505/374/334 488/362/334
f 505/374/335 486/406/335 488/362/335
f 506/379/336 498/407/336 509/383/336
f 498/407/337 507/382/337 509/383/337
f 487/364/338 497/368/338 493/370/338
f 490/363/339 494/408/339 497/368/339
f 485/398/340 460/391/340 457/392/340
f 460/327/341 487/364/341 458/328/341
f 492/365/342 467/337/342 495/369/342
f 467/332/343 493/370/343 495/369/343
f 471/396/344 485/398/344 457/392/344
f 466/338/345 472/405/345 459/329/345
f 493/370/346 458/328/346 487/364/346
f 478/350/347 492/365/347 506/379/347
f 479/355/348 500/377/348 473/403/348
f 507/382/349 486/406/349 501/378/349
f 643/413/458 627/414/458 626/415/458
f 645/2/459 625/416/459 627/414/459
f 646/417/460 630/418/460 629/419/460
f 630/418/461 647/420/461 628/421/461
f 632/422/462 651/423/462 633/424/462
f 651/423/463 631/425/463 633/424/463
f 652/426/464 636/16/464 635/427/464
f 654/428/465 634/429/465 636/430/465
f 655/431/466 639/432/466 638/433/466
f 657/434/467 637/435/467 639/432/467
f 658/436/468 642/437/468 641/438/468
f 660/439/469 640/440/469 642/437/469
f 643/413/470 663/32/470 645/2/470
f 663/32/471 644/441/471 645/2/471
f 646/417/472 666/442/472 648/443/472
f 666/442/473 647/420/473 648/443/473
f 649/444/474 669/445/474 651/423/474
f 669/445/475 650/446/475 651/423/475
f 652/426/476 672/447/476 654/448/476
f 672/449/477 653/450/477 654/428/477
f 673/451/478 657/434/478 655/431/478
f 675/452/479 656/453/479 657/434/479
f 676/454/480 660/439/480 658/436/480
f 660/439/481 677/455/481 659/456/481
f 679/457/482 663/32/482 661/458/482
f 681/51/483 662/459/483 663/32/483
f 682/460/484 666/442/484 664/461/484
f 666/442/485 683/462/485 665/463/485
f 685/464/486 669/445/486 667/465/486
f 669/445/487 686/466/487 668/467/487
f 670/468/488 690/79/488 672/447/488
f 690/80/489 671/469/489 672/449/489
f 691/470/490 675/452/490 673/451/490
f 675/452/491 692/471/491 674/472/491
f 676/454/492 696/67/492 678/473/492
f 696/67/493 677/455/493 678/473/493
f 697/474/494 681/51/494 679/457/494
f 699/475/495 680/476/495 681/51/495
f 700/477/496 684/478/496 682/460/496
f 702/479/497 683/462/497 684/478/497
f 703/480/498 687/481/498 685/464/498
f 687/481/499 704/482/499 686/466/499
f 706/483/500 690/79/500 688/484/500
f 690/80/501 707/485/501 689/486/501
f 709/487/502 693/488/502 691/470/502
f 693/488/503 710/489/503 692/471/503
f 694/490/504 714/491/504 696/67/504
f 696/67/505 713/492/505 695/493/505
f 697/474/506 717/494/506 699/475/506
f 717/494/507 698/495/507 699/475/507
f 700/477/508 720/496/508 702/479/508
f 720/496/509 701/497/509 702/479/509
f 703/480/510 723/498/510 705/499/510
f 723/498/511 704/482/511 705/499/511
f 724/500/512 708/99/512 706/483/512
f 708/501/513 725/502/513 707/485/513
f 727/503/514 711/504/514 709/487/514
f 711/504/515 728/505/515 710/489/515
f 712/506/516 732/507/516 714/491/516
f 732/507/517 713/492/517 714/491/517
f 715/508/518 735/128/518 717/494/518
f 735/128/519 716/509/519 717/494/519
f 736/510/520 720/496/520 718/511/520
f 738/112/521 719/512/521 720/496/521
f 721/513/522 741/115/522 723/498/522
f 741/115/523 722/514/523 723/498/523
f 742/515/524 726/98/524 724/500/524
f 726/516/525 743/517/525 725/502/525
f 745/518/526 729/519/526 727/503/526
f 729/519/527 746/520/527 728/505/527
f 730/521/528 750/522/528 732/507/528
f 750/522/529 731/523/529 732/507/529
f 733/524/530 753/525/530 735/128/530
f 735/128/531 752/526/531 734/527/531
f 736/510/532 756/528/532 738/112/532
f 756/528/533 737/529/533 738/112/533
f 739/530/534 759/531/534 741/115/534
f 741/115/535 758/532/535 740/533/535
f 760/534/536 744/535/536 742/515/536
f 762/536/537 743/517/537 744/537/537
f 745/518/538 765/141/538 747/538/538
f 765/141/539 746/520/539 747/538/539
f 748/539/540 768/540/540 750/522/540
f 768/540/541 749/541/541 750/522/541
f 769/542/542 753/525/542 751/543/542
f 753/525/543 770/544/543 752/526/543
f 754/545/544 774/546/544 756/528/544
f 774/546/545 755/547/545 756/528/545
f 775/548/546 759/531/546 757/549/546
f 759/531/547 776/550/547 758/532/547
f 760/534/548 780/156/548 762/551/548
f 780/157/549 761/552/549 762/536/549
f 781/553/550 765/141/550 763/554/550
f 765/141/551 782/555/551 764/556/551
f 784/557/552 768/540/552 766/558/552
f 786/559/553 767/560/553 768/540/553
f 769/561/554 789/166/554 771/562/554
f 771/562/464 788/563/464 770/564/464
f 772/565/463 792/566/463 774/567/463
f 792/566/462 773/568/462 774/567/462
f 793/569/461 777/570/461 775/571/461
f 777/570/460 794/572/460 776/573/460
f 778/574/459 798/205/459 780/180/459
f 798/575/458 779/576/458 780/182/458
f 781/577/469 801/186/469 783/187/469
f 783/187/468 800/578/468 782/579/468
f 802/580/467 786/581/467 784/582/467
f 804/583/466 785/584/466 786/581/466
f 787/585/477 807/586/477 789/166/477
f 807/586/476 788/563/476 789/166/476
f 808/587/475 792/566/475 790/588/475
f 792/566/474 809/589/474 791/590/474
f 811/591/473 795/592/473 793/569/473
f 795/592/555 812/593/555 794/572/555
f 796/594/556 816/224/556 798/205/556
f 816/595/557 797/596/557 798/575/557
f 817/597/481 801/186/481 799/598/481
f 801/186/480 818/599/480 800/578/480
f 820/600/479 804/583/479 802/580/479
f 804/583/478 821/601/478 803/602/478
f 805/603/489 825/604/489 807/586/489
f 825/604/488 806/605/488 807/586/488
f 826/606/487 810/199/487 808/587/487
f 810/199/486 827/607/486 809/589/486
f 829/608/485 813/202/485 811/591/485
f 831/609/484 812/593/484 813/202/484
f 832/610/483 816/224/483 814/611/483
f 834/612/482 815/613/482 816/595/482
f 835/614/493 819/615/493 817/597/493
f 837/616/492 818/599/492 819/615/492
f 838/617/491 822/618/491 820/600/491
f 840/619/558 821/601/558 822/618/558
f 823/620/559 843/621/559 825/604/559
f 843/621/500 824/622/500 825/604/500
f 844/623/499 828/624/499 826/606/499
f 828/624/498 845/625/498 827/607/498
f 847/626/497 831/609/497 829/608/497
f 849/627/496 830/628/496 831/609/496
f 850/629/495 834/630/495 832/610/495
f 834/612/560 851/631/560 833/632/560
f 853/633/505 837/616/505 835/614/505
f 855/634/504 836/635/504 837/616/504
f 856/636/503 840/619/503 838/617/503
f 840/619/502 857/637/502 839/638/502
f 841/639/513 861/273/513 843/621/513
f 843/621/512 860/640/512 842/641/512
f 844/623/511 864/642/511 846/643/511
f 864/642/510 845/625/510 846/643/510
f 865/644/509 849/627/509 847/626/509
f 867/645/508 848/646/508 849/627/508
f 868/647/507 852/263/507 850/629/507
f 870/264/506 851/631/506 852/265/506
f 853/633/517 873/648/517 855/634/517
f 873/648/516 854/649/516 855/634/516
f 856/636/515 876/650/515 858/651/515
f 876/650/514 857/637/514 858/651/514
f 877/652/561 861/273/561 859/653/561
f 861/273/524 878/654/524 860/640/524
f 880/655/523 864/642/523 862/656/523
f 882/657/522 863/658/522 864/642/522
f 865/644/521 885/659/521 867/645/521
f 885/659/520 866/660/520 867/645/520
f 886/661/519 870/262/519 868/647/519
f 870/264/562 887/662/562 869/663/562
f 871/664/529 891/665/529 873/648/529
f 891/665/528 872/666/528 873/648/528
f 892/667/527 876/650/527 874/668/527
f 876/650/526 893/669/526 875/670/526
f 877/652/537 897/671/537 879/292/537
f 879/292/536 896/672/536 878/654/536
f 880/655/535 900/673/535 882/657/535
f 882/657/534 899/674/534 881/675/534
f 883/676/533 903/677/533 885/659/533
f 903/677/532 884/678/532 885/659/532
f 886/661/531 906/679/531 888/680/531
f 888/283/563 905/681/563 887/662/563
f 889/682/541 909/305/541 891/665/541
f 891/665/540 908/683/540 890/684/540
f 910/685/539 894/686/539 892/667/539
f 894/686/538 911/687/538 893/669/538
f 896/672/548 627/414/548 625/416/548
f 897/671/549 626/415/549 627/414/549
f 899/674/546 630/418/546 628/421/546
f 900/673/547 629/419/547 630/418/547
f 902/688/544 633/424/544 631/425/544
f 633/424/545 901/689/545 632/422/545
f 905/681/564 636/430/564 634/429/564
f 636/16/543 904/690/543 635/427/543
f 637/435/552 909/305/552 639/432/552
f 909/305/553 638/433/553 639/432/553
f 640/440/550 912/691/550 642/437/550
f 912/691/551 641/438/551 642/437/551
f 625/416/565 898/692/565 896/672/565
f 625/416/566 646/417/566 629/419/566
f 659/456/567 626/415/567 640/440/567
f 911/687/568 626/415/568 895/693/568
f 647/420/569 632/422/569 628/421/569
f 628/421/569 901/689/569 899/674/569
f 631/425/570 652/426/570 635/427/570
f 631/425/571 904/690/571 902/688/571
f 634/429/572 655/431/572 638/433/572
f 634/429/573 907/694/573 905/681/573
f 637/435/574 658/436/574 641/438/574
f 637/435/574 910/685/574 908/683/574
f 677/455/575 643/413/575 659/456/575
f 662/459/576 646/417/576 644/441/576
f 665/463/569 649/444/569 647/420/569
f 668/467/577 652/426/577 650/446/577
f 653/450/578 673/451/578 655/431/578
f 674/472/574 658/436/574 656/453/574
f 695/493/579 661/458/579 677/455/579
f 662/459/580 682/460/580 664/461/580
f 665/463/569 685/464/569 667/465/569
f 686/466/581 670/468/581 668/467/581
f 671/469/582 691/470/582 673/451/582
f 692/471/574 676/454/574 674/472/574
f 695/493/583 697/474/583 679/457/583
f 680/476/584 700/477/584 682/460/584
f 683/462/569 703/480/569 685/464/569
f 686/466/585 706/483/585 688/484/585
f 689/486/586 709/487/586 691/470/586
f 710/489/574 694/490/574 692/471/574
f 713/492/587 715/508/587 697/474/587
f 716/509/588 700/477/588 698/495/588
f 719/512/569 703/480/569 701/497/569
f 704/482/589 724/500/589 706/483/589
f 725/502/590 709/487/590 707/485/590
f 728/505/574 712/506/574 710/489/574
f 749/541/591 715/508/591 731/523/591
f 716/509/592 736/510/592 718/511/592
f 737/529/569 721/513/569 719/512/569
f 740/533/593 724/500/593 722/514/593
f 743/517/594 727/503/594 725/502/594
f 746/520/574 730/521/574 728/505/574
f 749/541/595 751/543/595 733/524/595
f 734/527/596 754/545/596 736/510/596
f 755/547/569 739/530/569 737/529/569
f 740/533/597 760/534/597 742/515/597
f 743/517/598 763/554/598 745/518/598
f 746/520/574 766/558/574 748/539/574
f 767/560/573 769/542/573 751/543/573
f 770/544/571 754/545/571 752/526/571
f 773/695/569 757/549/569 755/547/569
f 758/532/565 778/696/565 760/534/565
f 761/552/568 781/553/568 763/554/568
f 764/556/574 784/557/574 766/558/574
f 803/602/572 769/561/572 785/584/572
f 788/563/570 772/565/570 770/564/570
f 773/568/569 793/569/569 775/571/569
f 794/572/566 778/574/566 776/573/566
f 779/576/567 799/598/567 781/577/567
f 800/578/574 784/582/574 782/579/574
f 821/601/578 787/585/578 803/602/578
f 806/605/577 790/588/577 788/563/577
f 809/589/569 793/569/569 791/590/569
f 812/593/576 796/594/576 794/572/576
f 797/596/575 817/597/575 799/598/575
f 800/578/574 820/600/574 802/580/574
f 839/638/582 805/603/582 821/601/582
f 806/605/581 826/606/581 808/587/581
f 809/589/569 829/608/569 811/591/569
f 830/628/580 814/611/580 812/593/580
f 815/613/579 835/614/579 817/597/579
f 818/599/574 838/617/574 820/600/574
f 857/637/586 823/620/586 839/638/586
f 842/641/585 826/606/585 824/622/585
f 827/607/569 847/626/569 829/608/569
f 830/628/584 850/629/584 832/610/584
f 833/632/583 853/633/583 835/614/583
f 854/649/574 838/617/574 836/635/574
f 875/670/590 841/639/590 857/637/590
f 860/640/589 844/623/589 842/641/589
f 845/625/569 865/644/569 847/626/569
f 848/646/588 868/647/588 850/629/588
f 851/631/587 871/664/587 853/633/587
f 872/666/574 856/636/574 854/649/574
f 875/670/594 877/652/594 859/653/594
f 878/654/593 862/656/593 860/640/593
f 863/658/569 883/676/569 865/644/569
f 884/678/592 868/647/592 866/660/592
f 887/662/591 871/664/591 869/663/591
f 872/666/574 892/667/574 874/668/574
f 893/669/598 895/693/598 877/652/598
f 896/672/597 880/655/597 878/654/597
f 881/675/569 901/689/569 883/676/569
f 902/688/596 886/661/596 884/678/596
f 887/662/595 907/694/595 889/682/595
f 890/684/574 910/685/574 892/667/574
f 345/392/634 348/391/634 349/324/634
f 346/328/635 350/326/635 349/393/635
f 347/329/636 351/387/636 349/330/636
f 352/334/637 355/332/637 356/394/637
f 353/395/638 357/389/638 356/336/638
f 354/338/639 358/388/639 356/339/639
f 359/396/640 362/386/640 363/342/640
f 360/344/641 364/348/641 363/345/641
f 361/349/642 365/347/642 363/345/642
f 366/397/643 369/390/643 370/351/643
f 367/355/644 371/353/644 370/357/644
f 368/356/645 372/401/645 370/357/645
f 373/398/646 376/362/646 377/359/646
f 374/361/647 378/363/647 377/359/647
f 375/364/648 379/360/648 377/359/648
f 380/399/649 383/369/649 384/366/649
f 381/370/650 385/368/650 384/366/650
f 382/371/651 386/367/651 384/366/651
f 387/400/652 390/376/652 391/373/652
f 388/377/653 392/375/653 391/373/653
f 389/378/654 393/374/654 391/373/654
f 394/379/655 397/383/655 398/380/655
f 395/382/656 399/384/656 398/380/656
f 396/385/657 400/381/657 398/380/657
f 359/396/658 345/392/658 351/325/658
f 362/346/213 351/387/213 347/329/213
f 352/334/214 358/333/214 350/326/214
f 358/388/659 354/338/659 347/329/659
f 353/395/216 366/397/216 372/352/216
f 372/401/217 368/356/217 354/338/217
f 367/355/660 361/349/660 364/348/660
f 371/353/219 364/348/219 360/344/219
f 359/396/220 365/343/220 390/376/220
f 390/376/221 365/347/221 361/349/221
f 394/379/222 400/381/222 369/390/222
f 400/381/223 396/385/223 367/355/223
f 395/382/224 389/378/224 392/375/224
f 399/384/225 392/375/225 388/377/225
f 387/400/226 393/374/226 376/362/226
f 393/374/227 389/378/227 374/361/227
f 394/379/661 380/399/661 386/367/661
f 386/367/229 382/371/229 395/382/229
f 381/370/230 375/364/230 378/363/230
f 378/363/231 374/361/231 382/371/231
f 345/392/232 373/398/232 379/360/232
f 379/360/233 375/364/233 346/328/233
f 353/395/234 355/337/234 383/369/234
f 355/332/235 352/334/235 381/370/235
f 387/400/236 373/398/236 345/392/236
f 354/338/237 368/356/237 360/344/237
f 381/370/238 352/334/238 346/328/238
f 366/397/239 353/395/239 380/399/239
f 367/355/240 396/385/240 388/377/240
f 395/382/241 382/371/241 374/361/241
f 457/392/692 460/391/692 461/324/692
f 458/328/693 462/326/693 461/393/693
f 459/329/694 463/387/694 461/330/694
f 464/334/695 467/332/695 468/394/695
f 465/402/696 469/389/696 468/336/696
f 466/338/697 470/388/697 468/339/697
f 471/396/698 474/386/698 475/342/698
f 472/405/699 476/348/699 475/345/699
f 473/403/700 477/347/700 475/345/700
f 478/350/701 481/390/701 482/351/701
f 479/355/702 483/353/702 482/357/702
f 480/356/703 484/401/703 482/357/703
f 485/398/704 488/362/704 489/359/704
f 486/406/705 490/363/705 489/359/705
f 487/364/706 491/360/706 489/359/706
f 492/365/707 495/369/707 496/366/707
f 493/370/708 497/368/708 496/366/708
f 494/408/709 498/407/709 496/366/709
f 499/400/710 502/376/710 503/373/710
f 500/377/711 504/375/711 503/373/711
f 501/378/712 505/374/712 503/373/712
f 506/379/713 509/383/713 510/380/713
f 507/382/714 511/384/714 510/380/714
f 508/385/715 512/409/715 510/380/715
f 471/396/320 457/392/320 463/325/320
f 463/387/321 459/329/321 472/405/321
f 458/328/716 464/334/716 470/333/716
f 470/388/717 466/338/717 459/329/717
f 478/350/324 484/352/324 469/389/324
f 484/401/325 480/356/325 466/338/325
f 473/403/326 476/348/326 483/353/326
f 476/348/718 472/405/718 480/356/718
f 471/396/719 477/343/719 502/376/719
f 502/376/329 477/347/329 473/403/329
f 478/350/330 506/379/330 512/409/330
f 481/354/331 512/409/331 508/385/331
f 507/382/332 501/378/332 504/375/332
f 504/375/333 500/377/333 508/385/333
f 485/398/334 499/400/334 505/374/334
f 505/374/335 501/378/335 486/406/335
f 506/379/336 492/365/336 498/407/336
f 498/407/337 494/408/337 507/382/337
f 487/364/338 490/363/338 497/368/338
f 490/363/720 486/406/720 494/408/720
f 485/398/340 491/360/340 460/391/340
f 460/327/341 491/360/341 487/364/341
f 492/365/721 465/402/721 467/337/721
f 467/332/343 464/334/343 493/370/343
f 471/396/344 499/400/344 485/398/344
f 466/338/345 480/356/345 472/405/345
f 493/370/346 464/334/346 458/328/346
f 478/350/347 465/402/347 492/365/347
f 479/355/348 508/385/348 500/377/348
f 507/382/349 494/408/349 486/406/349
f 643/413/458 645/2/458 627/414/458
f 645/2/459 644/441/459 625/416/459
f 646/417/460 648/443/460 630/418/460
f 630/418/461 648/443/461 647/420/461
f 632/422/462 649/444/462 651/423/462
f 651/423/463 650/446/463 631/425/463
f 652/426/789 654/448/789 636/16/789
f 654/428/554 653/450/554 634/429/554
f 655/431/466 657/434/466 639/432/466
f 657/434/467 656/453/467 637/435/467
f 658/436/468 660/439/468 642/437/468
f 660/439/469 659/456/469 640/440/469
f 643/413/470 661/458/470 663/32/470
f 663/32/471 662/459/471 644/441/471
f 646/417/472 664/461/472 666/442/472
f 666/442/473 665/463/473 647/420/473
f 649/444/474 667/465/474 669/445/474
f 669/445/475 668/467/475 650/446/475
f 652/426/790 670/468/790 672/447/790
f 672/449/791 671/469/791 653/450/791
f 673/451/792 675/452/792 657/434/792
f 675/452/479 674/472/479 656/453/479
f 676/454/480 678/473/480 660/439/480
f 660/439/481 678/473/481 677/455/481
f 679/457/793 681/51/793 663/32/793
f 681/51/794 680/476/794 662/459/794
f 682/460/484 684/478/484 666/442/484
f 666/442/485 684/478/485 683/462/485
f 685/464/486 687/481/486 669/445/486
f 669/445/487 687/481/487 686/466/487
f 670/468/488 688/484/488 690/79/488
f 690/80/795 689/486/795 671/469/795
f 691/470/558 693/488/558 675/452/558
f 675/452/491 693/488/491 692/471/491
f 676/454/492 694/490/492 696/67/492
f 696/67/493 695/493/493 677/455/493
f 697/474/560 699/475/560 681/51/560
f 699/475/495 698/495/495 680/476/495
f 700/477/496 702/479/496 684/478/496
f 702/479/497 701/497/497 683/462/497
f 703/480/498 705/499/498 687/481/498
f 687/481/499 705/499/499 704/482/499
f 706/483/500 708/99/500 690/79/500
f 690/80/559 708/501/559 707/485/559
f 709/487/502 711/504/502 693/488/502
f 693/488/503 711/504/503 710/489/503
f 694/490/504 712/506/504 714/491/504
f 696/67/505 714/491/505 713/492/505
f 697/474/506 715/508/506 717/494/506
f 717/494/507 716/509/507 698/495/507
f 700/477/508 718/511/508 720/496/508
f 720/496/509 719/512/509 701/497/509
f 703/480/510 721/513/510 723/498/510
f 723/498/511 722/514/511 704/482/511
f 724/500/512 726/98/512 708/99/512
f 708/501/513 726/516/513 725/502/513
f 727/503/514 729/519/514 711/504/514
f 711/504/515 729/519/515 728/505/515
f 712/506/516 730/521/516 732/507/516
f 732/507/517 731/523/517 713/492/517
f 715/508/562 733/524/562 735/128/562
f 735/128/519 734/527/519 716/509/519
f 736/510/520 738/112/520 720/496/520
f 738/112/521 737/529/521 719/512/521
f 721/513/522 739/530/522 741/115/522
f 741/115/523 740/533/523 722/514/523
f 742/515/796 744/535/796 726/98/796
f 726/516/561 744/537/561 743/517/561
f 745/518/526 747/538/526 729/519/526
f 729/519/527 747/538/527 746/520/527
f 730/521/528 748/539/528 750/522/528
f 750/522/529 749/541/529 731/523/529
f 733/524/530 751/543/530 753/525/530
f 735/128/531 753/525/531 752/526/531
f 736/510/532 754/545/532 756/528/532
f 756/528/533 755/547/533 737/529/533
f 739/530/534 757/549/534 759/531/534
f 741/115/535 759/531/535 758/532/535
f 760/534/536 762/551/536 744/535/536
f 762/536/797 761/552/797 743/517/797
f 745/518/538 763/554/538 765/141/538
f 765/141/539 764/556/539 746/520/539
f 748/539/540 766/558/540 768/540/540
f 768/540/541 767/560/541 749/541/541
f 769/542/564 771/698/564 753/525/564
f 753/525/543 771/698/543 770/544/543
f 754/545/544 772/699/544 774/546/544
f 774/546/545 773/695/545 755/547/545
f 775/548/546 777/700/546 759/531/546
f 759/531/547 777/700/547 776/550/547
f 760/534/798 778/696/798 780/156/798
f 780/157/799 779/701/799 761/552/799
f 781/553/550 783/160/550 765/141/550
f 765/141/551 783/160/551 782/555/551
f 784/557/552 786/559/552 768/540/552
f 786/559/553 785/702/553 767/560/553
f 769/561/554 787/585/554 789/166/554
f 771/562/464 789/166/464 788/563/464
f 772/565/463 790/588/463 792/566/463
f 792/566/462 791/590/462 773/568/462
f 793/569/461 795/592/461 777/570/461
f 777/570/460 795/592/460 794/572/460
f 778/574/800 796/594/800 798/205/800
f 798/575/801 797/596/801 779/576/801
f 781/577/469 799/598/469 801/186/469
f 783/187/468 801/186/468 800/578/468
f 802/580/467 804/583/467 786/581/467
f 804/583/466 803/602/466 785/584/466
f 787/585/477 805/603/477 807/586/477
f 807/586/476 806/605/476 788/563/476
f 808/587/475 810/199/475 792/566/475
f 792/566/474 810/199/474 809/589/474
f 811/591/473 813/202/473 795/592/473
f 795/592/472 813/202/472 812/593/472
f 796/594/471 814/611/471 816/224/471
f 816/595/557 815/613/557 797/596/557
f 817/597/481 819/615/481 801/186/481
f 801/186/480 819/615/480 818/599/480
f 820/600/479 822/618/479 804/583/479
f 804/583/478 822/618/478 821/601/478
f 805/603/489 823/620/489 825/604/489
f 825/604/488 824/622/488 806/605/488
f 826/606/487 828/624/487 810/199/487
f 810/199/486 828/624/486 827/607/486
f 829/608/485 831/609/485 813/202/485
f 831/609/484 830/628/484 812/593/484
f 832/610/483 834/630/483 816/224/483
f 834/612/482 833/632/482 815/613/482
f 835/614/493 837/616/493 819/615/493
f 837/616/492 836/635/492 818/599/492
f 838/617/491 840/619/491 822/618/491
f 840/619/558 839/638/558 821/601/558
f 823/620/559 841/639/559 843/621/559
f 843/621/500 842/641/500 824/622/500
f 844/623/499 846/643/499 828/624/499
f 828/624/498 846/643/498 845/625/498
f 847/626/497 849/627/497 831/609/497
f 849/627/496 848/646/496 830/628/496
f 850/629/495 852/263/495 834/630/495
f 834/612/560 852/265/560 851/631/560
f 853/633/505 855/634/505 837/616/505
f 855/634/504 854/649/504 836/635/504
f 856/636/503 858/651/503 840/619/503
f 840/619/502 858/651/502 857/637/502
f 841/639/513 859/653/513 861/273/513
f 843/621/512 861/273/512 860/640/512
f 844/623/511 862/656/511 864/642/511
f 864/642/510 863/658/510 845/625/510
f 865/644/509 867/645/509 849/627/509
f 867/645/508 866/660/508 848/646/508
f 868/647/507 870/262/507 852/263/507
f 870/264/506 869/663/506 851/631/506
f 853/633/517 871/664/517 873/648/517
f 873/648/516 872/666/516 854/649/516
f 856/636/515 874/668/515 876/650/515
f 876/650/514 875/670/514 857/637/514
f 877/652/561 879/292/561 861/273/561
f 861/273/796 879/292/796 878/654/796
f 880/655/523 882/657/523 864/642/523
f 882/657/522 881/675/522 863/658/522
f 865/644/521 883/676/521 885/659/521
f 885/659/520 884/678/520 866/660/520
f 886/661/802 888/680/802 870/262/802
f 870/264/562 888/283/562 887/662/562
f 871/664/529 889/682/529 891/665/529
f 891/665/528 890/684/528 872/666/528
f 892/667/527 894/686/527 876/650/527
f 876/650/526 894/686/526 893/669/526
f 877/652/797 895/693/797 897/671/797
f 879/292/803 897/671/803 896/672/803
f 880/655/535 898/692/535 900/673/535
f 882/657/534 900/673/534 899/674/534
f 883/676/533 901/689/533 903/677/533
f 903/677/532 902/688/532 884/678/532
f 886/661/531 904/690/531 906/679/531
f 888/283/530 906/703/530 905/681/530
f 889/682/541 907/694/541 909/305/541
f 891/665/540 909/305/540 908/683/540
f 910/685/539 912/691/539 894/686/539
f 894/686/538 912/691/538 911/687/538
f 896/672/548 897/671/548 627/414/548
f 897/671/549 895/693/549 626/415/549
f 899/674/546 900/673/546 630/418/546
f 900/673/547 898/692/547 629/419/547
f 902/688/544 903/677/544 633/424/544
f 633/424/545 903/677/545 901/689/545
f 905/681/564 906/703/564 636/430/564
f 636/16/543 906/679/543 904/690/543
f 637/435/552 908/683/552 909/305/552
f 909/305/553 907/694/553 638/433/553
f 640/440/550 911/687/550 912/691/550
f 912/691/551 910/685/551 641/438/551
f 625/416/565 629/419/565 898/692/565
f 625/416/566 644/441/566 646/417/566
f 659/456/567 643/413/567 626/415/567
f 911/687/568 640/440/568 626/415/568
f 647/420/569 649/444/569 632/422/569
f 628/421/569 632/422/569 901/689/569
f 631/425/570 650/446/570 652/426/570
f 631/425/571 635/427/571 904/690/571
f 634/429/572 653/450/572 655/431/572
f 634/429/573 638/433/573 907/694/573
f 637/435/574 656/453/574 658/436/574
f 637/435/574 641/438/574 910/685/574
f 677/455/575 661/458/575 643/413/575
f 662/459/576 664/461/576 646/417/576
f 665/463/569 667/465/569 649/444/569
f 668/467/577 670/468/577 652/426/577
f 653/450/578 671/469/578 673/451/578
f 674/472/574 676/454/574 658/436/574
f 695/493/579 679/457/579 661/458/579
f 662/459/580 680/476/580 682/460/580
f 665/463/569 683/462/569 685/464/569
f 686/466/581 688/484/581 670/468/581
f 671/469/582 689/486/582 691/470/582
f 692/471/574 694/490/574 676/454/574
f 695/493/583 713/492/583 697/474/583
f 680/476/584 698/495/584 700/477/584
f 683/462/569 701/497/569 703/480/569
f 686/466/585 704/482/585 706/483/585
f 689/486/586 707/485/586 709/487/586
f 710/489/574 712/506/574 694/490/574
f 713/492/587 731/523/587 715/508/587
f 716/509/588 718/511/588 700/477/588
f 719/512/569 721/513/569 703/480/569
f 704/482/589 722/514/589 724/500/589
f 725/502/590 727/503/590 709/487/590
f 728/505/574 730/521/574 712/506/574
f 749/541/591 733/524/591 715/508/591
f 716/509/592 734/527/592 736/510/592
f 737/529/569 739/530/569 721/513/569
f 740/533/593 742/515/593 724/500/593
f 743/517/594 745/518/594 727/503/594
f 746/520/574 748/539/574 730/521/574
f 749/541/595 767/560/595 751/543/595
f 734/527/596 752/526/596 754/545/596
f 755/547/569 757/549/569 739/530/569
f 740/533/597 758/532/597 760/534/597
f 743/517/598 761/552/598 763/554/598
f 746/520/574 764/556/574 766/558/574
f 767/560/573 785/702/573 769/542/573
f 770/544/571 772/699/571 754/545/571
f 773/695/569 775/548/569 757/549/569
f 758/532/565 776/550/565 778/696/565
f 761/552/568 779/701/568 781/553/568
f 764/556/574 782/555/574 784/557/574
f 803/602/572 787/585/572 769/561/572
f 788/563/570 790/588/570 772/565/570
f 773/568/569 791/590/569 793/569/569
f 794/572/566 796/594/566 778/574/566
f 779/576/567 797/596/567 799/598/567
f 800/578/574 802/580/574 784/582/574
f 821/601/578 805/603/578 787/585/578
f 806/605/577 808/587/577 790/588/577
f 809/589/569 811/591/569 793/569/569
f 812/593/576 814/611/576 796/594/576
f 797/596/575 815/613/575 817/597/575
f 800/578/574 818/599/574 820/600/574
f 839/638/582 823/620/582 805/603/582
f 806/605/581 824/622/581 826/606/581
f 809/589/569 827/607/569 829/608/569
f 830/628/580 832/610/580 814/611/580
f 815/613/579 833/632/579 835/614/579
f 818/599/574 836/635/574 838/617/574
f 857/637/586 841/639/586 823/620/586
f 842/641/585 844/623/585 826/606/585
f 827/607/569 845/625/569 847/626/569
f 830/628/584 848/646/584 850/629/584
f 833/632/583 851/631/583 853/633/583
f 854/649/574 856/636/574 838/617/574
f 875/670/590 859/653/590 841/639/590
f 860/640/589 862/656/589 844/623/589
f 845/625/569 863/658/569 865/644/569
f 848/646/588 866/660/588 868/647/588
f 851/631/587 869/663/587 871/664/587
f 872/666/574 874/668/574 856/636/574
f 875/670/594 893/669/594 877/652/594
f 878/654/593 880/655/593 862/656/593
f 863/658/569 881/675/569 883/676/569
f 884/678/592 886/661/592 868/647/592
f 887/662/591 889/682/591 871/664/591
f 872/666/574 890/684/574 892/667/574
f 893/669/598 911/687/598 895/693/598
f 896/672/597 898/692/597 880/655/597
f 881/675/569 899/674/569 901/689/569
f 902/688/596 904/690/596 886/661/596
f 887/662/595 905/681/595 907/694/595
f 890/684/574 908/683/574 910/685/574
usemtl darkhide
f 569/323/404 573/324/404 575/325/404
f 570/328/405 573/393/405 572/327/405
f 575/387/406 574/331/406 571/329/406
f 576/334/407 580/394/407 582/333/407
f 577/402/408 580/336/408 579/337/408
f 582/388/409 581/340/409 578/338/409
f 583/341/410 587/342/410 589/343/410
f 588/348/411 586/346/411 584/405/411
f 585/349/412 587/345/412 588/348/412
f 590/397/413 594/351/413 596/352/413
f 591/355/414 594/357/414 593/354/414
f 596/401/415 595/353/415 592/411/415
f 597/398/416 601/359/416 603/360/416
f 602/363/417 600/362/417 598/361/417
f 599/364/418 601/359/418 602/363/418
f 604/365/419 608/366/419 610/367/419
f 605/370/420 608/366/420 607/369/420
f 610/367/421 609/368/421 606/371/421
f 611/400/422 615/373/422 617/374/422
f 612/377/423 615/373/423 614/376/423
f 617/374/424 616/375/424 613/378/424
f 618/379/425 622/380/425 624/409/425
f 623/384/426 621/383/426 619/382/426
f 620/385/427 622/380/427 623/384/427
f 569/323/428 586/386/428 583/341/428
f 575/387/429 584/405/429 586/346/429
f 576/334/430 574/326/430 570/328/430
f 582/388/431 571/329/431 574/331/431
f 577/402/432 596/352/432 581/389/432
f 581/340/433 592/411/433 578/338/433
f 591/355/434 588/348/434 595/353/434
f 595/353/435 584/405/435 592/411/435
f 583/341/436 614/376/436 611/400/436
f 589/347/437 612/377/437 614/376/437
f 590/397/438 624/409/438 593/390/438
f 593/354/439 620/385/439 591/355/439
f 619/382/440 616/375/440 623/384/440
f 623/384/441 612/377/441 620/385/441
f 597/398/442 617/374/442 600/362/442
f 600/362/443 613/378/443 598/361/443
f 604/365/444 621/383/444 618/379/444
f 621/383/445 606/371/445 619/382/445
f 605/370/446 602/363/446 609/368/446
f 609/368/447 598/361/447 606/371/447
f 569/323/448 603/360/448 572/391/448
f 572/327/449 599/364/449 570/328/449
f 577/402/450 607/369/450 604/365/450
f 607/369/451 576/334/451 605/370/451
f 611/400/452 569/323/452 583/341/452
f 571/329/453 592/411/453 584/405/453
f 605/370/454 570/328/454 599/364/454
f 590/397/455 604/365/455 618/379/455
f 591/355/456 612/377/456 585/349/456
f 613/378/457 606/371/457 598/361/457
f 569/323/756 572/391/756 573/324/756
f 570/328/757 574/326/757 573/393/757
f 575/387/758 573/330/758 574/331/758
f 576/334/759 579/332/759 580/394/759
f 577/402/760 581/389/760 580/336/760
f 582/388/761 580/339/761 581/340/761
f 583/341/762 586/386/762 587/342/762
f 588/348/763 587/345/763 586/346/763
f 585/349/764 589/347/764 587/345/764
f 590/397/765 593/390/765 594/351/765
f 591/355/766 595/353/766 594/357/766
f 596/401/767 594/357/767 595/353/767
f 597/398/768 600/362/768 601/359/768
f 602/363/769 601/359/769 600/362/769
f 599/364/770 603/360/770 601/359/770
f 604/365/771 607/369/771 608/366/771
f 605/370/772 609/368/772 608/366/772
f 610/367/773 608/366/773 609/368/773
f 611/400/774 614/376/774 615/373/774
f 612/377/775 616/375/775 615/373/775
f 617/374/776 615/373/776 616/375/776
f 618/379/777 621/383/777 622/380/777
f 623/384/778 622/380/778 621/383/778
f 620/385/779 624/409/779 622/380/779
f 569/323/780 575/325/780 586/386/780
f 575/387/429 571/329/429 584/405/429
f 576/334/430 582/333/430 574/326/430
f 582/388/431 578/338/431 571/329/431
f 577/402/432 590/397/432 596/352/432
f 581/340/781 596/401/781 592/411/781
f 591/355/434 585/349/434 588/348/434
f 595/353/435 588/348/435 584/405/435
f 583/341/436 589/343/436 614/376/436
f 589/347/782 585/349/782 612/377/782
f 590/397/783 618/379/783 624/409/783
f 593/354/784 624/409/784 620/385/784
f 619/382/440 613/378/440 616/375/440
f 623/384/441 616/375/441 612/377/441
f 597/398/442 611/400/442 617/374/442
f 600/362/443 617/374/443 613/378/443
f 604/365/444 610/367/444 621/383/444
f 621/383/445 610/367/445 606/371/445
f 605/370/446 599/364/446 602/363/446
f 609/368/785 602/363/785 598/361/785
f 569/323/786 597/398/786 603/360/786
f 572/327/787 603/360/787 599/364/787
f 577/402/450 579/337/450 607/369/450
f 607/369/788 579/332/788 576/334/788
f 611/400/452 597/398/452 569/323/452
f 571/329/453 578/338/453 592/411/453
f 605/370/454 576/334/454 570/328/454
f 590/397/455 577/402/455 604/365/455
f 591/355/456 620/385/456 612/377/456
f 613/378/457 619/382/457 606/371/457
