# Blender 4.5.10 LTS
# www.blender.org
mtllib halter_b.mtl
o HalterB
v -0.715487 -0.002227 -0.009272
v -0.715465 -0.001980 0.021393
v -0.718389 -0.002131 0.006062
v -0.633356 -0.002641 -0.157500
v -0.654652 -0.002720 -0.142150
v -0.645506 -0.002721 -0.152999
v -0.490593 -0.001157 -0.142281
v -0.511910 -0.001484 -0.157596
v -0.499754 -0.001332 -0.153115
v -0.429545 0.000745 0.021165
v -0.429567 0.000498 -0.009500
v -0.426642 0.000649 0.005830
v -0.511675 0.001159 0.169392
v -0.490379 0.001238 0.154043
v -0.499525 0.001239 0.164892
v -0.654439 -0.000325 0.154173
v -0.633121 0.000002 0.169489
v -0.645277 -0.000150 0.165008
v -0.662809 0.247526 0.019338
v -0.662831 0.247278 -0.011327
v -0.665521 0.248380 0.003999
v -0.606435 0.225756 -0.144032
v -0.586691 0.218482 -0.159321
v -0.597955 0.222597 -0.154855
v -0.474090 0.177725 -0.159072
v -0.454324 0.170698 -0.143696
v -0.462819 0.173683 -0.154557
v -0.397737 0.151324 -0.010742
v -0.397715 0.151572 0.019923
v -0.395024 0.150470 0.004596
v -0.454111 0.173093 0.152627
v -0.473855 0.180368 0.167916
v -0.462590 0.176253 0.163450
v -0.586455 0.221125 0.167668
v -0.606221 0.228152 0.152292
v -0.597726 0.225167 0.163152
v -0.508110 0.460096 0.017508
v -0.508132 0.459848 -0.013157
v -0.510199 0.461806 0.002162
v -0.464774 0.420410 -0.145707
v -0.449589 0.406871 -0.160942
v -0.458253 0.414559 -0.156507
v -0.362977 0.330404 -0.160386
v -0.347770 0.317112 -0.144956
v -0.354306 0.322788 -0.155840
v -0.304221 0.279822 -0.011848
v -0.304199 0.280070 0.018817
v -0.302132 0.278112 0.003498
v -0.347557 0.319508 0.151367
v -0.362742 0.333047 0.166602
v -0.354078 0.325359 0.162167
v -0.449354 0.409514 0.166046
v -0.464560 0.422806 0.150616
v -0.458024 0.417130 0.161500
v -0.274919 0.603367 0.016182
v -0.274941 0.603119 -0.014483
v -0.276068 0.605655 0.000831
v -0.251236 0.551607 -0.146921
v -0.242925 0.533845 -0.162117
v -0.247668 0.543941 -0.157704
v -0.195486 0.433310 -0.161339
v -0.187152 0.415795 -0.145870
v -0.190736 0.423285 -0.156770
v -0.163257 0.366430 -0.012650
v -0.163235 0.366678 0.018015
v -0.162108 0.364142 0.002701
v -0.186939 0.418191 0.150454
v -0.195251 0.435953 0.165650
v -0.190507 0.425856 0.161237
v -0.242689 0.536488 0.164871
v -0.251023 0.554002 0.149402
v -0.247439 0.546512 0.160302
v 0.001264 0.655529 0.015562
v 0.001242 0.655282 -0.015103
v 0.001228 0.658027 0.000208
v 0.001669 0.599373 -0.147490
v 0.001841 0.580073 -0.162667
v 0.001740 0.591047 -0.158265
v 0.002883 0.470775 -0.161784
v 0.003077 0.451724 -0.146297
v 0.002991 0.459874 -0.157205
v 0.003696 0.397962 -0.013025
v 0.003718 0.398210 0.017640
v 0.003732 0.395464 0.002329
v 0.003290 0.454119 0.150026
v 0.003119 0.473419 0.165204
v 0.003220 0.462445 0.160802
v 0.002076 0.582716 0.164321
v 0.001882 0.601768 0.148834
v 0.001969 0.593617 0.159742
v 0.278391 0.608641 0.015741
v 0.278369 0.608393 -0.014924
v 0.279472 0.610950 0.000388
v 0.255439 0.556436 -0.147325
v 0.247444 0.538518 -0.162508
v 0.252001 0.548703 -0.158103
v 0.201931 0.437097 -0.161656
v 0.193957 0.419428 -0.146173
v 0.197380 0.426984 -0.157079
v 0.171219 0.369618 -0.012916
v 0.171241 0.369866 0.017749
v 0.170139 0.367309 0.002437
v 0.194171 0.421823 0.150150
v 0.202167 0.439740 0.165333
v 0.197609 0.429555 0.160928
v 0.247679 0.541161 0.164480
v 0.255653 0.558831 0.148998
v 0.252230 0.551274 0.159904
v 0.514272 0.469840 0.016694
v 0.514250 0.469592 -0.013972
v 0.516304 0.471589 0.001344
v 0.471440 0.429333 -0.146453
v 0.456492 0.415506 -0.161664
v 0.465015 0.423358 -0.157243
v 0.371354 0.337403 -0.160972
v 0.356429 0.323824 -0.145517
v 0.362838 0.329623 -0.156411
v 0.313810 0.285712 -0.012341
v 0.313832 0.285960 0.018324
v 0.311778 0.283963 0.003008
v 0.356642 0.326219 0.150806
v 0.371590 0.340046 0.166017
v 0.363067 0.332194 0.161595
v 0.456728 0.418149 0.165324
v 0.471654 0.431728 0.149870
v 0.465244 0.425929 0.160764
v 0.672998 0.260257 0.018274
v 0.672976 0.260009 -0.012392
v 0.675669 0.261162 0.002931
v 0.616788 0.237415 -0.145006
v 0.597162 0.229765 -0.160264
v 0.608353 0.234094 -0.155816
v 0.485359 0.186869 -0.159837
v 0.465756 0.179467 -0.144429
v 0.474175 0.182613 -0.155303
v 0.409759 0.159020 -0.011386
v 0.409781 0.159268 0.019279
v 0.407088 0.158115 0.003957
v 0.465969 0.181863 0.151894
v 0.485595 0.189512 0.167152
v 0.474404 0.185183 0.162704
v 0.597397 0.232408 0.166725
v 0.617001 0.239810 0.151317
v 0.608582 0.236664 0.162191
v 0.730402 0.011801 0.020241
v 0.730380 0.011553 -0.010425
v 0.733304 0.011704 0.004906
v 0.669354 0.009898 -0.143205
v 0.648037 0.009571 -0.158521
v 0.660193 0.009723 -0.154040
v 0.526591 0.008414 -0.158424
v 0.505295 0.008335 -0.143074
v 0.514441 0.008334 -0.153923
v 0.444460 0.008828 -0.010197
v 0.444482 0.009076 0.020468
v 0.441558 0.008924 0.005138
v 0.505508 0.010730 0.153249
v 0.526826 0.011057 0.168565
v 0.514670 0.010905 0.164083
v 0.648272 0.012214 0.168468
v 0.669568 0.012294 0.153118
v 0.660422 0.012294 0.163967
v 0.677747 -0.237705 0.022295
v 0.677725 -0.237953 -0.008370
v 0.680437 -0.238806 0.006969
v 0.621137 -0.218578 -0.141324
v 0.601371 -0.211552 -0.156700
v 0.612642 -0.215594 -0.152184
v 0.488771 -0.170795 -0.156948
v 0.469027 -0.163520 -0.141659
v 0.477506 -0.166680 -0.152482
v 0.412630 -0.141998 -0.008955
v 0.412652 -0.141751 0.021711
v 0.409940 -0.140897 0.006372
v 0.469240 -0.161125 0.154664
v 0.489006 -0.168151 0.170040
v 0.477735 -0.164109 0.165525
v 0.601606 -0.208909 0.170289
v 0.621350 -0.216183 0.155000
v 0.612871 -0.213023 0.165823
v 0.523048 -0.450274 0.024125
v 0.523026 -0.450522 -0.006540
v 0.525114 -0.452233 0.008806
v 0.479476 -0.413232 -0.139648
v 0.464269 -0.399941 -0.155078
v 0.472940 -0.407556 -0.150532
v 0.377657 -0.323474 -0.155634
v 0.362473 -0.309934 -0.140399
v 0.368993 -0.315786 -0.151199
v 0.319114 -0.270497 -0.007849
v 0.319136 -0.270249 0.022817
v 0.317048 -0.268539 0.007471
v 0.362686 -0.307539 0.155925
v 0.377893 -0.320831 0.171355
v 0.369222 -0.313215 0.166808
v 0.464505 -0.397297 0.171910
v 0.479689 -0.410837 0.156675
v 0.473169 -0.404986 0.167475
v 0.289856 -0.593546 0.025451
v 0.289834 -0.593794 -0.005214
v 0.290983 -0.596082 0.010137
v 0.265938 -0.544429 -0.138434
v 0.257605 -0.526915 -0.153903
v 0.262355 -0.536939 -0.149334
v 0.210166 -0.426380 -0.154682
v 0.201855 -0.408617 -0.139486
v 0.205422 -0.416283 -0.150269
v 0.178150 -0.357105 -0.007047
v 0.178172 -0.356857 0.023618
v 0.177023 -0.354569 0.008267
v 0.202068 -0.406222 0.156838
v 0.210402 -0.423736 0.172307
v 0.205651 -0.413712 0.167738
v 0.257840 -0.524271 0.173086
v 0.266152 -0.542034 0.157890
v 0.262584 -0.534368 0.168673
v 0.013674 -0.645709 0.026071
v 0.013652 -0.645956 -0.004594
v 0.013688 -0.648454 0.010760
v 0.013033 -0.592195 -0.137866
v 0.012839 -0.573143 -0.153353
v 0.012947 -0.584044 -0.148774
v 0.011797 -0.463845 -0.154236
v 0.011625 -0.444546 -0.139058
v 0.011696 -0.452872 -0.149833
v 0.011198 -0.388637 -0.006672
v 0.011220 -0.388389 0.023993
v 0.011184 -0.385891 0.008639
v 0.011838 -0.442151 0.157265
v 0.012032 -0.461202 0.172753
v 0.011925 -0.450301 0.168173
v 0.013075 -0.570500 0.173635
v 0.013246 -0.589799 0.158458
v 0.013176 -0.581474 0.169233
v -0.263453 -0.598820 0.025892
v -0.263475 -0.599068 -0.004773
v -0.264556 -0.601377 0.010580
v -0.240737 -0.549258 -0.138030
v -0.232763 -0.531588 -0.153512
v -0.237314 -0.541701 -0.148936
v -0.187251 -0.430167 -0.154365
v -0.179255 -0.412250 -0.139182
v -0.182693 -0.419982 -0.149959
v -0.156326 -0.360293 -0.006781
v -0.156304 -0.360045 0.023885
v -0.155223 -0.357736 0.008532
v -0.179042 -0.409854 0.157141
v -0.187016 -0.427524 0.172624
v -0.182465 -0.417411 0.168048
v -0.232528 -0.528945 0.173476
v -0.240524 -0.546862 0.158293
v -0.237086 -0.539130 0.169071
v -0.499334 -0.460019 0.024940
v -0.499356 -0.460267 -0.005725
v -0.501388 -0.462016 0.009624
v -0.456738 -0.422155 -0.138902
v -0.441812 -0.408576 -0.154356
v -0.450328 -0.416356 -0.149796
v -0.356674 -0.330473 -0.155049
v -0.341726 -0.316646 -0.139838
v -0.348151 -0.322621 -0.150627
v -0.298916 -0.276387 -0.007356
v -0.298894 -0.276139 0.023309
v -0.296863 -0.274390 0.007960
v -0.341513 -0.314251 0.156486
v -0.356438 -0.327830 0.171940
v -0.347922 -0.320050 0.167380
v -0.441577 -0.405933 0.172632
v -0.456524 -0.419760 0.157421
v -0.450099 -0.413785 0.168211
v -0.658060 -0.250436 0.023360
v -0.658082 -0.250684 -0.007305
v -0.660753 -0.251589 0.008037
v -0.602086 -0.230237 -0.140349
v -0.582482 -0.222835 -0.155756
v -0.593666 -0.227091 -0.151223
v -0.470679 -0.179939 -0.156184
v -0.451053 -0.172289 -0.140926
v -0.459488 -0.175610 -0.151736
v -0.394866 -0.149695 -0.008311
v -0.394844 -0.149447 0.022354
v -0.392173 -0.148542 0.007011
v -0.450840 -0.169894 0.155397
v -0.470444 -0.177296 0.170805
v -0.459259 -0.173040 0.166271
v -0.582246 -0.220192 0.171232
v -0.601872 -0.227842 0.155975
v -0.593437 -0.224521 0.166784
v -0.013485 -0.958504 -0.856112
v 0.007205 -0.958504 -0.856112
v -0.003140 -0.961414 -0.856112
v -0.106197 -0.881314 -0.856112
v -0.095852 -0.902557 -0.856112
v -0.103167 -0.893425 -0.856112
v -0.095852 -0.748504 -0.856112
v -0.106197 -0.769746 -0.856112
v -0.103167 -0.757636 -0.856112
v 0.007205 -0.692557 -0.856112
v -0.013485 -0.692557 -0.856112
v -0.003140 -0.689646 -0.856112
v 0.099917 -0.769746 -0.856112
v 0.089572 -0.748504 -0.856112
v 0.096887 -0.757636 -0.856112
v 0.089572 -0.902557 -0.856112
v 0.099917 -0.881314 -0.856112
v 0.096887 -0.893425 -0.856112
v 0.007205 -0.895002 -0.495974
v -0.013485 -0.895002 -0.495974
v -0.003140 -0.897737 -0.494979
v -0.095852 -0.842429 -0.515109
v -0.106197 -0.822467 -0.522374
v -0.103167 -0.833847 -0.518232
v -0.106197 -0.717628 -0.560533
v -0.095852 -0.697666 -0.567798
v -0.103167 -0.706248 -0.564675
v -0.013485 -0.645093 -0.586933
v 0.007205 -0.645093 -0.586933
v -0.003140 -0.642358 -0.587929
v 0.089572 -0.697666 -0.567798
v 0.099917 -0.717628 -0.560533
v 0.096887 -0.706248 -0.564675
v 0.099917 -0.822467 -0.522374
v 0.089572 -0.842429 -0.515109
v 0.096887 -0.833847 -0.518232
v 0.007205 -0.712155 -0.179274
v -0.013485 -0.712155 -0.179274
v -0.003140 -0.714384 -0.177403
v -0.095852 -0.669297 -0.215236
v -0.106197 -0.653024 -0.228890
v -0.103167 -0.662301 -0.221106
v -0.106197 -0.567558 -0.300605
v -0.095852 -0.551285 -0.314259
v -0.103167 -0.558281 -0.308389
v -0.013485 -0.508428 -0.350221
v 0.007205 -0.508428 -0.350221
v -0.003140 -0.506198 -0.352092
v 0.089572 -0.551285 -0.314259
v 0.099917 -0.567558 -0.300605
v 0.096887 -0.558281 -0.308389
v 0.099917 -0.653024 -0.228890
v 0.089572 -0.669297 -0.215236
v 0.096887 -0.662301 -0.221106
v 0.007205 -0.432017 0.055790
v -0.013485 -0.432017 0.055790
v -0.003140 -0.433472 0.058310
v -0.095852 -0.404043 0.007338
v -0.106197 -0.393422 -0.011058
v -0.103167 -0.399477 -0.000571
v -0.106197 -0.337638 -0.107679
v -0.095852 -0.327017 -0.126076
v -0.103167 -0.331583 -0.118167
v -0.013485 -0.299043 -0.174527
v 0.007205 -0.299043 -0.174527
v -0.003140 -0.297588 -0.177048
v 0.089572 -0.327017 -0.126076
v 0.099917 -0.337638 -0.107679
v 0.096887 -0.331583 -0.118167
v 0.099917 -0.393422 -0.011058
v 0.089572 -0.404043 0.007338
v 0.096887 -0.399477 -0.000571
v 0.007205 -0.088377 0.180864
v -0.013485 -0.088377 0.180864
v -0.003140 -0.088883 0.183731
v -0.095852 -0.078662 0.125767
v -0.106197 -0.074973 0.104848
v -0.103167 -0.077076 0.116774
v -0.106197 -0.055600 -0.005026
v -0.095852 -0.051911 -0.025945
v -0.103167 -0.053497 -0.016952
v -0.013485 -0.042196 -0.081042
v 0.007205 -0.042196 -0.081042
v -0.003140 -0.041691 -0.083909
v 0.089572 -0.051911 -0.025945
v 0.099917 -0.055600 -0.005026
v 0.096887 -0.053497 -0.016952
v 0.099917 -0.074973 0.104848
v 0.089572 -0.078662 0.125767
v 0.096887 -0.077076 0.116774
v 0.007205 0.277317 0.180864
v -0.013485 0.277317 0.180864
v -0.003140 0.277822 0.183731
v -0.095852 0.267601 0.125767
v -0.106197 0.263913 0.104848
v -0.103167 0.266016 0.116774
v -0.106197 0.244539 -0.005025
v -0.095852 0.240850 -0.025945
v -0.103167 0.242436 -0.016952
v -0.013485 0.231135 -0.081042
v 0.007205 0.231135 -0.081042
v -0.003140 0.230630 -0.083908
v 0.089572 0.240850 -0.025945
v 0.099917 0.244539 -0.005025
v 0.096887 0.242436 -0.016952
v 0.099917 0.263913 0.104848
v 0.089572 0.267601 0.125767
v 0.096887 0.266016 0.116774
v 0.007205 0.620956 0.055790
v -0.013485 0.620956 0.055790
v -0.003140 0.622412 0.058310
v -0.095852 0.592983 0.007338
v -0.106197 0.582362 -0.011058
v -0.103167 0.588417 -0.000571
v -0.106197 0.526578 -0.107679
v -0.095852 0.515956 -0.126076
v -0.103167 0.520522 -0.118167
v -0.013485 0.487983 -0.174527
v 0.007205 0.487983 -0.174527
v -0.003140 0.486528 -0.177048
v 0.089572 0.515956 -0.126076
v 0.099917 0.526578 -0.107679
v 0.096887 0.520522 -0.118167
v 0.099917 0.582362 -0.011058
v 0.089572 0.592983 0.007338
v 0.096887 0.588417 -0.000571
v 0.007205 0.901094 -0.179274
v -0.013485 0.901094 -0.179274
v -0.003140 0.903324 -0.177403
v -0.095852 0.858236 -0.215236
v -0.106197 0.841963 -0.228890
v -0.103167 0.851241 -0.221106
v -0.106197 0.756497 -0.300605
v -0.095852 0.740225 -0.314259
v -0.103167 0.747220 -0.308389
v -0.013485 0.697367 -0.350221
v 0.007205 0.697367 -0.350221
v -0.003140 0.695137 -0.352092
v 0.089572 0.740225 -0.314259
v 0.099917 0.756497 -0.300605
v 0.096887 0.747220 -0.308389
v 0.099917 0.841964 -0.228890
v 0.089572 0.858236 -0.215236
v 0.096887 0.851240 -0.221106
v 0.007205 1.083941 -0.495974
v -0.013485 1.083941 -0.495974
v -0.003140 1.086676 -0.494978
v -0.095852 1.031368 -0.515109
v -0.106197 1.011407 -0.522374
v -0.103167 1.022787 -0.518232
v -0.106197 0.906567 -0.560533
v -0.095852 0.886606 -0.567798
v -0.103167 0.895187 -0.564674
v -0.013485 0.834033 -0.586933
v 0.007205 0.834033 -0.586933
v -0.003140 0.831298 -0.587928
v 0.089572 0.886606 -0.567798
v 0.099917 0.906567 -0.560533
v 0.096887 0.895187 -0.564674
v 0.099917 1.011407 -0.522374
v 0.089572 1.031368 -0.515109
v 0.096887 1.022787 -0.518232
v 0.007205 1.147443 -0.856112
v -0.013485 1.147443 -0.856112
v -0.003140 1.150354 -0.856112
v -0.095852 1.091496 -0.856112
v -0.106197 1.070254 -0.856112
v -0.103167 1.082364 -0.856112
v -0.106197 0.958686 -0.856112
v -0.095852 0.937443 -0.856112
v -0.103167 0.946576 -0.856112
v -0.013485 0.881496 -0.856112
v 0.007205 0.881496 -0.856112
v -0.003140 0.878586 -0.856112
v 0.089572 0.937443 -0.856112
v 0.099917 0.958686 -0.856112
v 0.096887 0.946575 -0.856112
v 0.099917 1.070254 -0.856112
v 0.089572 1.091496 -0.856112
v 0.096887 1.082364 -0.856112
v 0.007205 1.083941 -1.216250
v -0.013485 1.083941 -1.216250
v -0.003140 1.086676 -1.217245
v -0.095852 1.031368 -1.197115
v -0.106197 1.011407 -1.189850
v -0.103167 1.022787 -1.193992
v -0.106197 0.906567 -1.151691
v -0.095852 0.886606 -1.144426
v -0.103167 0.895187 -1.147549
v -0.013485 0.834033 -1.125291
v 0.007205 0.834033 -1.125291
v -0.003140 0.831298 -1.124295
v 0.089572 0.886606 -1.144426
v 0.099917 0.906567 -1.151691
v 0.096887 0.895187 -1.147549
v 0.099917 1.011407 -1.189850
v 0.089572 1.031368 -1.197115
v 0.096887 1.022787 -1.193992
v 0.007205 0.901094 -1.532950
v -0.013485 0.901094 -1.532950
v -0.003140 0.903324 -1.534821
v -0.095852 0.858236 -1.496988
v -0.106197 0.841964 -1.483334
v -0.103167 0.851241 -1.491118
v -0.106197 0.756498 -1.411619
v -0.095852 0.740225 -1.397965
v -0.103167 0.747221 -1.403835
v -0.013485 0.697367 -1.362003
v 0.007205 0.697367 -1.362003
v -0.003140 0.695138 -1.360132
v 0.089572 0.740225 -1.397965
v 0.099917 0.756498 -1.411619
v 0.096887 0.747221 -1.403835
v 0.099917 0.841964 -1.483334
v 0.089572 0.858237 -1.496988
v 0.096887 0.851241 -1.491118
v 0.007205 0.620956 -1.768014
v -0.013485 0.620956 -1.768014
v -0.003140 0.622412 -1.770535
v -0.095852 0.592983 -1.719563
v -0.106197 0.582362 -1.701166
v -0.103167 0.588417 -1.711654
v -0.106197 0.526578 -1.604545
v -0.095852 0.515956 -1.586149
v -0.103167 0.520522 -1.594057
v -0.013485 0.487983 -1.537697
v 0.007205 0.487983 -1.537697
v -0.003140 0.486528 -1.535177
v 0.089572 0.515956 -1.586149
v 0.099917 0.526578 -1.604545
v 0.096887 0.520522 -1.594057
v 0.099917 0.582362 -1.701166
v 0.089572 0.592983 -1.719563
v 0.096887 0.588417 -1.711654
v 0.007205 0.277317 -1.893089
v -0.013485 0.277317 -1.893089
v -0.003140 0.277822 -1.895955
v -0.095852 0.267602 -1.837992
v -0.106197 0.263913 -1.817072
v -0.103167 0.266016 -1.828998
v -0.106197 0.244539 -1.707199
v -0.095852 0.240850 -1.686279
v -0.103167 0.242436 -1.695272
v -0.013485 0.231135 -1.631182
v 0.007205 0.231135 -1.631182
v -0.003140 0.230630 -1.628316
v 0.089572 0.240850 -1.686279
v 0.099917 0.244539 -1.707199
v 0.096887 0.242436 -1.695272
v 0.099917 0.263913 -1.817072
v 0.089572 0.267601 -1.837992
v 0.096887 0.266016 -1.828998
v 0.007205 -0.088377 -1.893088
v -0.013485 -0.088377 -1.893088
v -0.003140 -0.088883 -1.895955
v -0.095852 -0.078662 -1.837991
v -0.106197 -0.074973 -1.817072
v -0.103167 -0.077076 -1.828998
v -0.106197 -0.055600 -1.707199
v -0.095852 -0.051911 -1.686279
v -0.103167 -0.053497 -1.695272
v -0.013485 -0.042196 -1.631182
v 0.007205 -0.042196 -1.631182
v -0.003140 -0.041691 -1.628316
v 0.089572 -0.051911 -1.686279
v 0.099917 -0.055600 -1.707199
v 0.096887 -0.053497 -1.695272
v 0.099917 -0.074973 -1.817072
v 0.089572 -0.078662 -1.837991
v 0.096887 -0.077076 -1.828998
v 0.007205 -0.432017 -1.768014
v -0.013485 -0.432017 -1.768014
v -0.003140 -0.433472 -1.770534
v -0.095852 -0.404044 -1.719562
v -0.106197 -0.393422 -1.701166
v -0.103167 -0.399477 -1.711654
v -0.106197 -0.337638 -1.604545
v -0.095852 -0.327017 -1.586149
v -0.103167 -0.331583 -1.594057
v -0.013485 -0.299044 -1.537697
v 0.007205 -0.299044 -1.537697
v -0.003140 -0.297588 -1.535177
v 0.089572 -0.327017 -1.586149
v 0.099917 -0.337638 -1.604545
v 0.096887 -0.331583 -1.594057
v 0.099917 -0.393422 -1.701166
v 0.089572 -0.404043 -1.719562
v 0.096887 -0.399477 -1.711654
v 0.007205 -0.712155 -1.532950
v -0.013485 -0.712155 -1.532951
v -0.003140 -0.714384 -1.534821
v -0.095852 -0.669297 -1.496989
v -0.106197 -0.653024 -1.483334
v -0.103167 -0.662301 -1.491118
v -0.106197 -0.567558 -1.411620
v -0.095852 -0.551285 -1.397965
v -0.103167 -0.558281 -1.403835
v -0.013485 -0.508428 -1.362003
v 0.007205 -0.508428 -1.362003
v -0.003140 -0.506198 -1.360132
v 0.089572 -0.551285 -1.397965
v 0.099917 -0.567558 -1.411620
v 0.096887 -0.558281 -1.403835
v 0.099917 -0.653024 -1.483334
v 0.089572 -0.669297 -1.496988
v 0.096887 -0.662301 -1.491118
v 0.007205 -0.895002 -1.216250
v -0.013485 -0.895002 -1.216250
v -0.003140 -0.897737 -1.217246
v -0.095852 -0.842429 -1.197115
v -0.106197 -0.822467 -1.189850
v -0.103167 -0.833847 -1.193992
v -0.106197 -0.717628 -1.151691
v -0.095852 -0.697666 -1.144426
v -0.103167 -0.706248 -1.147550
v -0.013485 -0.645093 -1.125291
v 0.007205 -0.645093 -1.125291
v -0.003140 -0.642358 -1.124296
v 0.089572 -0.697666 -1.144426
v 0.099917 -0.717628 -1.151691
v 0.096887 -0.706248 -1.147550
v 0.099917 -0.822467 -1.189850
v 0.089572 -0.842429 -1.197115
v 0.096887 -0.833847 -1.193992
v 0.608411 -0.150937 -0.219021
v 0.608073 -0.151158 -0.192868
v 0.583098 -0.150826 -0.185104
v 0.567999 -0.150400 -0.206459
v 0.583644 -0.150468 -0.227421
v 0.609302 -0.152825 -0.205946
v 0.590131 -0.157886 -0.206236
v 0.595880 -0.152766 -0.187962
v 0.574632 -0.152364 -0.195168
v 0.574922 -0.152174 -0.217606
v 0.596349 -0.152459 -0.224267
v 0.437847 -0.045817 -0.303935
v 0.424453 -0.023349 -0.303918
v 0.431820 -0.009532 -0.324870
v 0.449767 -0.023460 -0.337836
v 0.453491 -0.045885 -0.324897
v 0.429373 -0.035642 -0.303958
v 0.434315 -0.032682 -0.322932
v 0.426178 -0.016403 -0.315058
v 0.439599 -0.016462 -0.333042
v 0.451089 -0.035737 -0.333056
v 0.444769 -0.047592 -0.315082
v 0.662864 -0.048806 -0.373886
v 0.638097 -0.048338 -0.382286
v 0.634373 -0.025912 -0.395224
v 0.656838 -0.012520 -0.394821
v 0.674446 -0.026670 -0.381634
v 0.650802 -0.050328 -0.379132
v 0.655321 -0.035618 -0.391637
v 0.635695 -0.038190 -0.390445
v 0.645632 -0.019199 -0.397092
v 0.666879 -0.019600 -0.389886
v 0.670075 -0.038840 -0.378786
v 0.774125 -0.052175 -0.189887
v 0.774463 -0.051954 -0.216041
v 0.786046 -0.029818 -0.223788
v 0.792866 -0.016358 -0.202423
v 0.785499 -0.030176 -0.181471
v 0.775354 -0.053842 -0.202966
v 0.788925 -0.039387 -0.202668
v 0.781674 -0.041988 -0.220940
v 0.791432 -0.023114 -0.213720
v 0.791142 -0.023304 -0.191283
v 0.781205 -0.042295 -0.184636
v 0.633511 -0.051337 -0.027182
v 0.658487 -0.051669 -0.034946
v 0.669861 -0.029669 -0.026529
v 0.651915 -0.015741 -0.013563
v 0.629449 -0.029132 -0.013967
v 0.646294 -0.053277 -0.030040
v 0.650485 -0.038780 -0.017176
v 0.665567 -0.041788 -0.029694
v 0.662082 -0.022739 -0.018357
v 0.640655 -0.022454 -0.011696
v 0.630898 -0.041328 -0.018917
v 0.421957 -0.024982 -0.110607
v 0.435350 -0.047450 -0.110624
v 0.450448 -0.047876 -0.089268
v 0.446386 -0.025671 -0.076053
v 0.428778 -0.011522 -0.089241
v 0.426877 -0.037275 -0.110647
v 0.431327 -0.034637 -0.091504
v 0.441983 -0.049414 -0.099333
v 0.447835 -0.037866 -0.081003
v 0.436345 -0.018591 -0.080989
v 0.423392 -0.018226 -0.099310
v 0.557845 0.153551 -0.394697
v 0.535380 0.140159 -0.395100
v 0.517433 0.154088 -0.382134
v 0.528807 0.176087 -0.373718
v 0.553783 0.175756 -0.381482
v 0.546639 0.146873 -0.396968
v 0.536809 0.163199 -0.391488
v 0.525212 0.147157 -0.390307
v 0.521727 0.166207 -0.378969
v 0.541000 0.177696 -0.378623
v 0.556396 0.165746 -0.389747
v 0.765337 0.149401 -0.298057
v 0.758516 0.135941 -0.319422
v 0.740907 0.150090 -0.332610
v 0.736845 0.172294 -0.319395
v 0.751944 0.171868 -0.298040
v 0.763902 0.142644 -0.309354
v 0.755967 0.159055 -0.317159
v 0.750949 0.143010 -0.327675
v 0.739459 0.162285 -0.327660
v 0.745311 0.173833 -0.309331
v 0.760417 0.161694 -0.298017
v 0.737527 0.147879 -0.070828
v 0.755473 0.133950 -0.083794
v 0.762841 0.147768 -0.104746
v 0.749447 0.170236 -0.104729
v 0.733803 0.170304 -0.083767
v 0.747695 0.140881 -0.075622
v 0.752979 0.157101 -0.085731
v 0.761116 0.140822 -0.093605
v 0.757921 0.160061 -0.104705
v 0.742525 0.172010 -0.093582
v 0.736205 0.160156 -0.075607
v 0.512848 0.151089 -0.027030
v 0.530456 0.136939 -0.013842
v 0.552921 0.150331 -0.013439
v 0.549197 0.172756 -0.026378
v 0.524430 0.173225 -0.034777
v 0.520415 0.144019 -0.018778
v 0.531973 0.160036 -0.017027
v 0.541662 0.143618 -0.011572
v 0.551599 0.162608 -0.018218
v 0.536492 0.174747 -0.029532
v 0.517219 0.163258 -0.029878
v 0.401795 0.154594 -0.227192
v 0.394428 0.140776 -0.206241
v 0.401248 0.154237 -0.184875
v 0.412831 0.176373 -0.192622
v 0.413169 0.176594 -0.218776
v 0.396152 0.147722 -0.217381
v 0.398369 0.163805 -0.205995
v 0.395862 0.147533 -0.194944
v 0.405620 0.166407 -0.187723
v 0.411940 0.178261 -0.205698
v 0.406089 0.166713 -0.224027
v 0.604196 0.275245 -0.223560
v 0.579220 0.275576 -0.215796
v 0.578883 0.275355 -0.189642
v 0.603650 0.274887 -0.181243
v 0.619295 0.274818 -0.202205
v 0.591414 0.277184 -0.220701
v 0.597163 0.282305 -0.202427
v 0.577992 0.277243 -0.202718
v 0.590945 0.276878 -0.184397
v 0.612372 0.276593 -0.191058
v 0.612662 0.276783 -0.213495
v -0.580134 -0.145922 -0.211689
v -0.580170 -0.145784 -0.185533
v -0.605058 -0.145743 -0.177485
v -0.620403 -0.145856 -0.198667
v -0.604999 -0.145967 -0.219807
v -0.579064 -0.147613 -0.198600
v -0.598152 -0.152984 -0.198599
v -0.592279 -0.147518 -0.180465
v -0.613612 -0.147556 -0.187429
v -0.613580 -0.147675 -0.209868
v -0.592229 -0.147710 -0.216773
v -0.753328 -0.044734 -0.296055
v -0.767081 -0.022485 -0.296192
v -0.760177 -0.008845 -0.317416
v -0.742157 -0.022665 -0.330397
v -0.737924 -0.044845 -0.317195
v -0.761964 -0.034698 -0.296121
v -0.757287 -0.031924 -0.315190
v -0.765596 -0.015669 -0.307446
v -0.752380 -0.015764 -0.325582
v -0.740582 -0.034852 -0.325465
v -0.746505 -0.046553 -0.307257
v -0.529102 -0.045102 -0.368566
v -0.553968 -0.045147 -0.376683
v -0.558200 -0.022966 -0.389885
v -0.535951 -0.009213 -0.389926
v -0.517968 -0.022894 -0.376750
v -0.541197 -0.046890 -0.373649
v -0.537059 -0.032285 -0.386407
v -0.556625 -0.035153 -0.384953
v -0.547073 -0.016101 -0.391975
v -0.525741 -0.016062 -0.385011
v -0.522110 -0.035092 -0.373685
v -0.415714 -0.044129 -0.185841
v -0.415678 -0.044267 -0.211997
v -0.404543 -0.022059 -0.220182
v -0.397698 -0.008195 -0.199085
v -0.404602 -0.021835 -0.177861
v -0.414608 -0.045958 -0.198908
v -0.401270 -0.031285 -0.198967
v -0.408685 -0.034256 -0.217117
v -0.399151 -0.015130 -0.210270
v -0.399183 -0.015012 -0.187830
v -0.408735 -0.034064 -0.180809
v -0.554463 -0.043270 -0.021542
v -0.529575 -0.043311 -0.029590
v -0.518462 -0.021017 -0.021609
v -0.536482 -0.007198 -0.008629
v -0.558731 -0.020951 -0.008587
v -0.541684 -0.045045 -0.024521
v -0.537580 -0.030306 -0.011907
v -0.522596 -0.033246 -0.024557
v -0.526259 -0.014099 -0.013443
v -0.547610 -0.014064 -0.006539
v -0.557143 -0.033190 -0.013385
v -0.767350 -0.021464 -0.102861
v -0.753597 -0.043713 -0.102724
v -0.738252 -0.043600 -0.081542
v -0.742521 -0.021281 -0.068587
v -0.760505 -0.007600 -0.081763
v -0.762234 -0.033676 -0.102789
v -0.757609 -0.030700 -0.083738
v -0.746805 -0.045413 -0.091485
v -0.740933 -0.033519 -0.073385
v -0.752732 -0.014432 -0.073503
v -0.765896 -0.014529 -0.091675
v -0.637603 0.155241 -0.390937
v -0.659852 0.141488 -0.390895
v -0.677872 0.155307 -0.377915
v -0.666760 0.177601 -0.369934
v -0.641872 0.177560 -0.377982
v -0.648725 0.148353 -0.392985
v -0.658754 0.164596 -0.387617
v -0.670076 0.148389 -0.386081
v -0.673739 0.167536 -0.374967
v -0.654651 0.179335 -0.375003
v -0.639192 0.167480 -0.386139
v -0.428985 0.155754 -0.296663
v -0.435830 0.141890 -0.317761
v -0.453814 0.155571 -0.330937
v -0.458083 0.177890 -0.317982
v -0.442738 0.178003 -0.296800
v -0.430438 0.148818 -0.307849
v -0.438726 0.164990 -0.315786
v -0.443603 0.148721 -0.326021
v -0.455402 0.167809 -0.326139
v -0.449529 0.179703 -0.308039
v -0.434101 0.167966 -0.296735
v -0.454178 0.156954 -0.069127
v -0.436158 0.143135 -0.082108
v -0.429254 0.156775 -0.103332
v -0.443007 0.179024 -0.103469
v -0.458411 0.179135 -0.082329
v -0.443954 0.150054 -0.073942
v -0.439048 0.166213 -0.084335
v -0.430739 0.149959 -0.092078
v -0.434370 0.168988 -0.103403
v -0.449830 0.180843 -0.092267
v -0.455753 0.169141 -0.074059
v -0.678367 0.157184 -0.022774
v -0.660384 0.143503 -0.009598
v -0.638135 0.157256 -0.009639
v -0.642367 0.179437 -0.022841
v -0.667232 0.179392 -0.030958
v -0.670594 0.150352 -0.014513
v -0.659276 0.166575 -0.013117
v -0.649262 0.150391 -0.007549
v -0.639709 0.169443 -0.014571
v -0.655137 0.181180 -0.025875
v -0.674225 0.169381 -0.025839
v -0.791733 0.156125 -0.221663
v -0.798637 0.142485 -0.200440
v -0.791792 0.156349 -0.179342
v -0.780657 0.178557 -0.187527
v -0.780621 0.178419 -0.213683
v -0.797152 0.149301 -0.211694
v -0.795065 0.165575 -0.200557
v -0.797183 0.149420 -0.189254
v -0.787650 0.168546 -0.182407
v -0.781727 0.180248 -0.200616
v -0.787599 0.168354 -0.218715
v -0.591277 0.280033 -0.222039
v -0.616165 0.280074 -0.213991
v -0.616201 0.280212 -0.187835
v -0.591336 0.280256 -0.179717
v -0.575931 0.280146 -0.200857
v -0.604055 0.281808 -0.219059
v -0.598182 0.287274 -0.200925
v -0.617271 0.281903 -0.200924
v -0.604106 0.282000 -0.182751
v -0.582754 0.281965 -0.189656
v -0.582723 0.281846 -0.212095
v -0.013624 -1.389089 0.033095
v 0.010741 -1.389089 0.033095
v -0.001442 -1.392003 0.033095
v -0.083714 -1.334348 0.033095
v -0.071532 -1.355656 0.033095
v -0.080146 -1.346502 0.033095
v -0.071532 -1.246589 0.033095
v -0.083714 -1.267897 0.033095
v -0.080146 -1.255744 0.033095
v 0.010741 -1.213156 0.033095
v -0.013624 -1.213156 0.033095
v -0.001442 -1.210243 0.033095
v 0.080831 -1.267897 0.033095
v 0.068648 -1.246589 0.033095
v 0.077262 -1.255744 0.033095
v 0.068648 -1.355657 0.033095
v 0.080831 -1.334348 0.033095
v 0.077262 -1.346502 0.033095
v 0.010741 -1.358796 0.185390
v -0.013624 -1.358796 0.185390
v -0.001442 -1.361487 0.186505
v -0.071532 -1.327908 0.172596
v -0.083714 -1.308222 0.164441
v -0.080146 -1.319450 0.169092
v -0.083714 -1.246829 0.139012
v -0.071532 -1.227143 0.130857
v -0.080146 -1.235600 0.134361
v -0.013624 -1.196255 0.118063
v 0.010741 -1.196255 0.118063
v -0.001442 -1.193563 0.116948
v 0.068648 -1.227143 0.130857
v 0.080831 -1.246829 0.139012
v 0.077262 -1.235600 0.134361
v 0.080831 -1.308222 0.164441
v 0.068648 -1.327908 0.172596
v 0.077262 -1.319450 0.169092
v 0.010741 -1.272527 0.314499
v -0.013624 -1.272528 0.314499
v -0.001442 -1.274588 0.316560
v -0.071532 -1.248887 0.290859
v -0.083714 -1.233820 0.275792
v -0.080146 -1.242414 0.284386
v -0.083714 -1.186832 0.228804
v -0.071532 -1.171765 0.213737
v -0.080146 -1.178238 0.220210
v -0.013624 -1.148124 0.190096
v 0.010741 -1.148124 0.190096
v -0.001442 -1.146064 0.188036
v 0.068648 -1.171765 0.213737
v 0.080831 -1.186832 0.228804
v 0.077262 -1.178238 0.220210
v 0.080831 -1.233820 0.275792
v 0.068648 -1.248887 0.290859
v 0.077262 -1.242414 0.284386
v 0.010741 -1.143418 0.400768
v -0.013624 -1.143418 0.400768
v -0.001442 -1.144533 0.403459
v -0.071532 -1.130624 0.369880
v -0.083714 -1.122470 0.350194
v -0.080146 -1.127121 0.361422
v -0.083714 -1.097040 0.288801
v -0.071532 -1.088886 0.269115
v -0.080146 -1.092389 0.277572
v -0.013624 -1.076091 0.238227
v 0.010741 -1.076091 0.238227
v -0.001442 -1.074977 0.235535
v 0.068648 -1.088886 0.269115
v 0.080831 -1.097040 0.288801
v 0.077262 -1.092389 0.277572
v 0.080831 -1.122470 0.350194
v 0.068648 -1.130624 0.369880
v 0.077262 -1.127121 0.361422
v 0.010741 -0.991123 0.431061
v -0.013624 -0.991123 0.431061
v -0.001442 -0.991123 0.433975
v -0.071532 -0.991123 0.397628
v -0.083714 -0.991123 0.376320
v -0.080146 -0.991123 0.388474
v -0.083714 -0.991123 0.309869
v -0.071532 -0.991123 0.288561
v -0.080146 -0.991123 0.297715
v -0.013624 -0.991123 0.255128
v 0.010741 -0.991123 0.255128
v -0.001442 -0.991123 0.252215
v 0.068648 -0.991123 0.288561
v 0.080831 -0.991123 0.309869
v 0.077262 -0.991123 0.297715
v 0.080831 -0.991123 0.376320
v 0.068648 -0.991123 0.397628
v 0.077262 -0.991123 0.388474
v 0.010741 -0.838828 0.400768
v -0.013624 -0.838828 0.400768
v -0.001442 -0.837713 0.403459
v -0.071532 -0.851622 0.369880
v -0.083714 -0.859776 0.350194
v -0.080146 -0.855125 0.361422
v -0.083714 -0.885206 0.288801
v -0.071532 -0.893360 0.269115
v -0.080146 -0.889857 0.277572
v -0.013624 -0.906154 0.238227
v 0.010741 -0.906154 0.238227
v -0.001442 -0.907269 0.235535
v 0.068648 -0.893360 0.269115
v 0.080831 -0.885206 0.288801
v 0.077262 -0.889857 0.277572
v 0.080831 -0.859776 0.350194
v 0.068648 -0.851622 0.369880
v 0.077262 -0.855125 0.361422
v 0.010741 -0.709718 0.314499
v -0.013624 -0.709718 0.314499
v -0.001442 -0.707658 0.316559
v -0.071532 -0.733359 0.290859
v -0.083714 -0.748425 0.275792
v -0.080146 -0.739832 0.284386
v -0.083714 -0.795414 0.228804
v -0.071532 -0.810481 0.213737
v -0.080146 -0.804008 0.220210
v -0.013624 -0.834121 0.190096
v 0.010741 -0.834121 0.190096
v -0.001442 -0.836181 0.188036
v 0.068648 -0.810481 0.213737
v 0.080831 -0.795414 0.228804
v 0.077262 -0.804008 0.220210
v 0.080831 -0.748425 0.275792
v 0.068648 -0.733359 0.290859
v 0.077262 -0.739832 0.284386
v 0.010741 -0.623450 0.185390
v -0.013624 -0.623450 0.185390
v -0.001442 -0.620758 0.186505
v -0.071532 -0.654338 0.172596
v -0.083714 -0.674024 0.164441
v -0.080146 -0.662795 0.169092
v -0.083714 -0.735417 0.139012
v -0.071532 -0.755103 0.130857
v -0.080146 -0.746645 0.134361
v -0.013624 -0.785991 0.118063
v 0.010741 -0.785991 0.118063
v -0.001442 -0.788682 0.116948
v 0.068648 -0.755103 0.130857
v 0.080831 -0.735417 0.139012
v 0.077262 -0.746645 0.134361
v 0.080831 -0.674024 0.164442
v 0.068648 -0.654338 0.172596
v 0.077262 -0.662795 0.169092
v 0.010741 -0.593156 0.033095
v -0.013624 -0.593156 0.033095
v -0.001442 -0.590243 0.033095
v -0.071532 -0.626589 0.033095
v -0.083714 -0.647897 0.033095
v -0.080146 -0.635744 0.033095
v -0.083714 -0.714349 0.033095
v -0.071532 -0.735656 0.033095
v -0.080146 -0.726502 0.033095
v -0.013624 -0.769089 0.033095
v 0.010741 -0.769089 0.033095
v -0.001442 -0.772003 0.033095
v 0.068648 -0.735656 0.033095
v 0.080831 -0.714349 0.033095
v 0.077262 -0.726502 0.033095
v 0.080831 -0.647897 0.033095
v 0.068648 -0.626589 0.033095
v 0.077262 -0.635744 0.033095
v 0.010741 -0.623450 -0.119200
v -0.013624 -0.623450 -0.119200
v -0.001442 -0.620758 -0.120315
v -0.071532 -0.654338 -0.106406
v -0.083714 -0.674024 -0.098252
v -0.080146 -0.662795 -0.102903
v -0.083714 -0.735417 -0.072822
v -0.071532 -0.755103 -0.064668
v -0.080146 -0.746645 -0.068171
v -0.013624 -0.785991 -0.051874
v 0.010741 -0.785991 -0.051874
v -0.001442 -0.788682 -0.050759
v 0.068648 -0.755103 -0.064668
v 0.080831 -0.735417 -0.072822
v 0.077262 -0.746645 -0.068171
v 0.080831 -0.674024 -0.098252
v 0.068648 -0.654338 -0.106406
v 0.077262 -0.662795 -0.102903
v 0.010741 -0.709718 -0.248310
v -0.013624 -0.709718 -0.248310
v -0.001442 -0.707658 -0.250370
v -0.071532 -0.733359 -0.224669
v -0.083714 -0.748426 -0.209602
v -0.080146 -0.739832 -0.218196
v -0.083714 -0.795414 -0.162614
v -0.071532 -0.810481 -0.147547
v -0.080146 -0.804008 -0.154020
v -0.013624 -0.834121 -0.123907
v 0.010741 -0.834121 -0.123907
v -0.001442 -0.836181 -0.121847
v 0.068648 -0.810481 -0.147547
v 0.080831 -0.795414 -0.162614
v 0.077262 -0.804008 -0.154020
v 0.080831 -0.748426 -0.209603
v 0.068648 -0.733359 -0.224669
v 0.077262 -0.739832 -0.218196
v 0.010741 -0.838828 -0.334578
v -0.013624 -0.838828 -0.334578
v -0.001442 -0.837713 -0.337270
v -0.071532 -0.851622 -0.303690
v -0.083714 -0.859776 -0.284005
v -0.080146 -0.855125 -0.295233
v -0.083714 -0.885206 -0.222611
v -0.071532 -0.893360 -0.202926
v -0.080146 -0.889857 -0.211383
v -0.013624 -0.906154 -0.172038
v 0.010741 -0.906154 -0.172038
v -0.001442 -0.907269 -0.169346
v 0.068648 -0.893360 -0.202926
v 0.080831 -0.885206 -0.222611
v 0.077262 -0.889857 -0.211383
v 0.080831 -0.859776 -0.284005
v 0.068648 -0.851622 -0.303690
v 0.077262 -0.855125 -0.295233
v 0.010741 -0.991123 -0.364872
v -0.013624 -0.991123 -0.364872
v -0.001442 -0.991123 -0.367785
v -0.071532 -0.991123 -0.331439
v -0.083714 -0.991123 -0.310131
v -0.080146 -0.991123 -0.322285
v -0.083714 -0.991123 -0.243680
v -0.071532 -0.991123 -0.222372
v -0.080146 -0.991123 -0.231526
v -0.013624 -0.991123 -0.188939
v 0.010741 -0.991123 -0.188939
v -0.001442 -0.991123 -0.186025
v 0.068648 -0.991123 -0.222372
v 0.080831 -0.991123 -0.243680
v 0.077262 -0.991123 -0.231526
v 0.080831 -0.991123 -0.310131
v 0.068648 -0.991123 -0.331439
v 0.077262 -0.991123 -0.322285
v 0.010741 -1.143418 -0.334578
v -0.013624 -1.143418 -0.334578
v -0.001442 -1.144533 -0.337270
v -0.071532 -1.130624 -0.303690
v -0.083714 -1.122470 -0.284005
v -0.080146 -1.127121 -0.295233
v -0.083714 -1.097040 -0.222611
v -0.071532 -1.088886 -0.202926
v -0.080146 -1.092389 -0.211383
v -0.013624 -1.076091 -0.172038
v 0.010741 -1.076091 -0.172038
v -0.001442 -1.074976 -0.169346
v 0.068648 -1.088886 -0.202926
v 0.080831 -1.097040 -0.222611
v 0.077262 -1.092389 -0.211383
v 0.080831 -1.122470 -0.284005
v 0.068648 -1.130624 -0.303690
v 0.077262 -1.127121 -0.295233
v 0.010741 -1.272527 -0.248310
v -0.013624 -1.272527 -0.248310
v -0.001442 -1.274588 -0.250370
v -0.071532 -1.248887 -0.224670
v -0.083714 -1.233820 -0.209603
v -0.080146 -1.242414 -0.218197
v -0.083714 -1.186832 -0.162614
v -0.071532 -1.171765 -0.147547
v -0.080146 -1.178238 -0.154021
v -0.013624 -1.148124 -0.123907
v 0.010741 -1.148124 -0.123907
v -0.001442 -1.146064 -0.121847
v 0.068648 -1.171765 -0.147547
v 0.080831 -1.186832 -0.162614
v 0.077262 -1.178238 -0.154021
v 0.080831 -1.233820 -0.209603
v 0.068648 -1.248887 -0.224670
v 0.077262 -1.242414 -0.218197
v 0.010741 -1.358796 -0.119201
v -0.013624 -1.358796 -0.119201
v -0.001442 -1.361487 -0.120316
v -0.071532 -1.327908 -0.106406
v -0.083714 -1.308222 -0.098252
v -0.080146 -1.319450 -0.102903
v -0.083714 -1.246829 -0.072822
v -0.071532 -1.227143 -0.064668
v -0.080146 -1.235600 -0.068171
v -0.013624 -1.196255 -0.051874
v 0.010741 -1.196255 -0.051874
v -0.001442 -1.193563 -0.050759
v 0.068648 -1.227143 -0.064668
v 0.080831 -1.246829 -0.072822
v 0.077262 -1.235600 -0.068171
v 0.080831 -1.308222 -0.098252
v 0.068648 -1.327908 -0.106406
v 0.077262 -1.319450 -0.102903
vn -0.9619 0.2045 0.1815
vn -0.9622 0.2015 -0.1834
vn -0.7554 0.1542 -0.6368
vn -0.3470 0.0655 -0.9356
vn 0.3456 -0.0806 -0.9349
vn 0.7545 -0.1645 -0.6354
vn 0.9619 -0.2045 -0.1815
vn 0.9622 -0.2015 0.1834
vn 0.7554 -0.1542 0.6368
vn 0.3470 -0.0655 0.9356
vn -0.3456 0.0806 0.9349
vn -0.7545 0.1645 0.6354
vn -0.7957 0.5805 0.1730
vn -0.7959 0.5777 -0.1812
vn -0.6319 0.4545 -0.6278
vn -0.2946 0.2063 -0.9331
vn 0.2932 -0.2214 -0.9301
vn 0.6310 -0.4646 -0.6213
vn 0.7956 -0.5805 -0.1730
vn 0.7959 -0.5777 0.1812
vn 0.6319 -0.4545 0.6278
vn 0.2946 -0.2063 0.9331
vn -0.2932 0.2214 0.9301
vn -0.6310 0.4646 0.6213
vn -0.5157 0.8409 0.1639
vn -0.5160 0.8382 -0.1767
vn -0.4156 0.6707 -0.6143
vn -0.1977 0.3131 -0.9289
vn 0.1963 -0.3281 -0.9240
vn 0.4147 -0.6806 -0.6040
vn 0.5157 -0.8409 -0.1639
vn 0.5160 -0.8382 0.1767
vn 0.4156 -0.6707 0.6143
vn 0.1977 -0.3131 0.9289
vn -0.1963 0.3281 0.9240
vn -0.4147 0.6806 0.6040
vn -0.1829 0.9703 0.1583
vn -0.1831 0.9676 -0.1737
vn -0.1491 0.7820 -0.6052
vn -0.0721 0.3708 -0.9259
vn 0.0708 -0.3857 -0.9199
vn 0.1482 -0.7917 -0.5927
vn 0.1829 -0.9703 -0.1583
vn 0.1831 -0.9676 0.1737
vn 0.1491 -0.7820 0.6052
vn 0.0721 -0.3708 0.9259
vn -0.0708 0.3857 0.9199
vn -0.1482 0.7917 0.5927
vn 0.1646 0.9736 0.1580
vn 0.1644 0.9709 -0.1740
vn 0.1332 0.7847 -0.6054
vn 0.0636 0.3721 -0.9260
vn -0.0649 -0.3870 -0.9198
vn -0.1340 -0.7944 -0.5925
vn -0.1646 -0.9736 -0.1580
vn -0.1644 -0.9709 0.1740
vn -0.1332 -0.7847 0.6054
vn -0.0636 -0.3721 0.9260
vn 0.0649 0.3870 0.9198
vn 0.1340 0.7944 0.5925
vn 0.4999 0.8506 0.1631
vn 0.4996 0.8479 -0.1776
vn 0.4018 0.6785 -0.6150
vn 0.1902 0.3168 -0.9292
vn -0.1915 -0.3318 -0.9237
vn -0.4026 -0.6884 -0.6033
vn -0.4999 -0.8506 -0.1631
vn -0.4996 -0.8478 0.1776
vn -0.4018 -0.6785 0.6150
vn -0.1902 -0.3168 0.9292
vn 0.1915 0.3318 0.9237
vn 0.4026 0.6884 0.6033
vn 0.7847 0.5956 0.1717
vn 0.7845 0.5927 -0.1825
vn 0.6222 0.4664 -0.6288
vn 0.2891 0.2119 -0.9336
vn -0.2904 -0.2270 -0.9296
vn -0.6231 -0.4765 -0.6203
vn -0.7847 -0.5956 -0.1717
vn -0.7845 -0.5927 0.1825
vn -0.6222 -0.4664 0.6288
vn -0.2891 -0.2119 0.9336
vn 0.2904 0.2270 0.9296
vn 0.6231 0.4765 0.6203
vn 0.9581 0.2228 0.1799
vn 0.9579 0.2198 -0.1849
vn 0.7513 0.1685 -0.6380
vn 0.3442 0.0721 -0.9361
vn -0.3455 -0.0872 -0.9343
vn -0.7522 -0.1788 -0.6342
vn -0.9581 -0.2228 -0.1799
vn -0.9579 -0.2198 0.1849
vn -0.7513 -0.1685 0.6380
vn -0.3442 -0.0721 0.9361
vn 0.3455 0.0872 0.9343
vn 0.7522 0.1788 0.6342
vn 0.7957 -0.5805 -0.1730
vn -0.7956 0.5805 0.1730
vn -0.4996 -0.8479 0.1776
vn -0.8895 -0.2087 -0.4065
vn -0.8933 0.1851 -0.4096
vn -0.8927 0.1917 0.4079
vn -0.8889 -0.2021 0.4111
vn -0.0007 -0.0081 -1.0000
vn 0.8927 -0.1917 -0.4079
vn 0.8889 0.2021 -0.4111
vn 0.8933 -0.1851 0.4096
vn 0.8895 0.2087 0.4065
vn 0.0007 0.0081 1.0000
vn -0.7413 0.5429 0.3946
vn -0.7419 0.5364 -0.4023
vn 0.7413 -0.5429 -0.3946
vn 0.7419 -0.5364 0.4023
vn -0.4828 0.7894 0.3791
vn -0.4834 0.7832 -0.3911
vn 0.4828 -0.7894 -0.3791
vn 0.4834 -0.7832 0.3911
vn -0.1717 0.9133 0.3692
vn -0.1722 0.9073 -0.3837
vn 0.1717 -0.9133 -0.3692
vn 0.1722 -0.9073 0.3837
vn 0.1548 0.9165 0.3690
vn 0.1543 0.9104 -0.3840
vn -0.1548 -0.9165 -0.3690
vn -0.1543 -0.9104 0.3840
vn 0.4683 0.7985 0.3784
vn 0.4678 0.7922 -0.3919
vn -0.4683 -0.7985 -0.3784
vn -0.4678 -0.7922 0.3919
vn 0.7315 0.5569 0.3935
vn 0.7309 0.5505 -0.4035
vn -0.7315 -0.5569 -0.3935
vn -0.7309 -0.5505 0.4035
vn 0.2670 -0.9491 0.1673
vn -0.2670 -0.9491 0.1673
vn -0.7758 -0.6214 0.1096
vn -0.9692 -0.2425 0.0428
vn -0.9692 0.2425 -0.0428
vn -0.7758 0.6214 -0.1096
vn -0.2670 0.9491 -0.1673
vn 0.2670 0.9491 -0.1673
vn 0.7758 0.6214 -0.1096
vn 0.9692 0.2425 -0.0428
vn 0.9692 -0.2425 0.0428
vn 0.7758 -0.6214 0.1096
vn 0.2670 -0.8346 0.4818
vn -0.2670 -0.8346 0.4818
vn -0.7758 -0.5465 0.3155
vn -0.9692 -0.2132 0.1231
vn -0.9692 0.2132 -0.1231
vn -0.7758 0.5465 -0.3155
vn -0.2670 0.8346 -0.4818
vn 0.2670 0.8346 -0.4818
vn 0.7758 0.5465 -0.3155
vn 0.9692 0.2132 -0.1231
vn 0.9692 -0.2132 0.1231
vn 0.7758 -0.5464 0.3155
vn 0.2670 -0.6194 0.7382
vn -0.2670 -0.6194 0.7382
vn -0.7758 -0.4056 0.4834
vn -0.9692 -0.1583 0.1886
vn -0.9692 0.1583 -0.1886
vn -0.7758 0.4056 -0.4834
vn -0.2670 0.6194 -0.7382
vn 0.2670 0.6195 -0.7382
vn 0.7758 0.4056 -0.4834
vn 0.9692 0.1583 -0.1886
vn 0.9692 -0.1583 0.1886
vn 0.7758 -0.4056 0.4834
vn 0.2670 -0.3296 0.9056
vn -0.2670 -0.3296 0.9056
vn -0.7758 -0.2158 0.5929
vn -0.9692 -0.0842 0.2314
vn -0.9692 0.0842 -0.2314
vn -0.7758 0.2158 -0.5929
vn -0.2670 0.3296 -0.9056
vn 0.2670 0.3296 -0.9056
vn 0.7758 0.2158 -0.5929
vn 0.9692 0.0842 -0.2314
vn 0.9692 -0.0842 0.2314
vn 0.7758 -0.2158 0.5929
vn 0.2670 -0.0000 0.9637
vn -0.2670 -0.0000 0.9637
vn -0.7758 -0.0000 0.6310
vn -0.9692 -0.0000 0.2462
vn -0.9692 -0.0000 -0.2462
vn -0.7758 -0.0000 -0.6310
vn -0.2670 -0.0000 -0.9637
vn 0.2670 -0.0000 -0.9637
vn 0.7758 -0.0000 -0.6310
vn 0.9692 -0.0000 -0.2462
vn 0.9692 -0.0000 0.2462
vn 0.7758 -0.0000 0.6310
vn 0.2670 0.3296 0.9056
vn -0.2670 0.3296 0.9056
vn -0.7758 0.2158 0.5929
vn -0.9692 0.0842 0.2314
vn -0.9692 -0.0842 -0.2314
vn -0.7758 -0.2158 -0.5929
vn -0.2670 -0.3296 -0.9056
vn 0.2670 -0.3296 -0.9056
vn 0.7758 -0.2158 -0.5929
vn 0.9692 -0.0842 -0.2314
vn 0.9692 0.0842 0.2314
vn 0.7758 0.2158 0.5929
vn 0.2670 0.6195 0.7382
vn -0.2670 0.6195 0.7382
vn -0.7758 0.4056 0.4834
vn -0.9692 0.1583 0.1886
vn -0.9692 -0.1583 -0.1886
vn -0.7758 -0.4056 -0.4834
vn -0.2670 -0.6194 -0.7382
vn 0.2670 -0.6194 -0.7382
vn 0.7758 -0.4056 -0.4834
vn 0.9692 -0.1583 -0.1886
vn 0.9692 0.1583 0.1886
vn 0.7758 0.4056 0.4834
vn 0.2670 0.8346 0.4818
vn -0.2670 0.8346 0.4818
vn -0.7758 0.5465 0.3155
vn -0.9692 0.2132 0.1231
vn -0.9692 -0.2132 -0.1231
vn -0.7758 -0.5464 -0.3155
vn -0.2670 -0.8346 -0.4818
vn 0.2670 -0.8346 -0.4818
vn 0.7758 -0.5464 -0.3155
vn 0.9692 -0.2132 -0.1231
vn 0.9692 0.2132 0.1231
vn 0.7758 0.5464 0.3155
vn 0.2670 0.9490 0.1673
vn -0.2670 0.9490 0.1673
vn -0.7758 0.6214 0.1096
vn -0.9692 0.2425 0.0428
vn -0.9692 -0.2425 -0.0428
vn -0.7758 -0.6214 -0.1096
vn -0.2670 -0.9491 -0.1673
vn 0.2670 -0.9491 -0.1673
vn 0.7758 -0.6214 -0.1096
vn 0.9692 -0.2425 -0.0428
vn 0.9692 0.2425 0.0428
vn 0.7758 0.6214 0.1096
vn -0.7758 -0.5464 0.3155
vn 0.7758 -0.5465 0.3155
vn 0.2670 0.6194 -0.7382
vn -0.2670 -0.6195 0.7382
vn 0.2670 -0.6195 -0.7382
vn -0.2670 -0.6195 -0.7382
vn -0.7758 -0.5465 -0.3155
vn 0.7758 0.5465 0.3155
vn 0.7758 -0.5465 -0.3155
vn 0.2670 0.9491 0.1673
vn -0.2670 0.9491 0.1673
vn -0.5560 -0.8186 -0.1443
vn -0.5560 -0.8186 0.1443
vn 0.5560 -0.8186 0.1443
vn 0.5560 -0.8186 -0.1443
vn -1.0000 -0.0000 -0.0000
vn -0.5560 0.8186 -0.1443
vn -0.5560 0.8186 0.1443
vn 0.5560 0.8186 -0.1443
vn 0.5560 0.8186 0.1443
vn 1.0000 -0.0000 -0.0000
vn 0.5560 -0.7198 0.4156
vn -0.5560 -0.7198 0.4156
vn -0.5560 0.7198 -0.4156
vn 0.5560 0.7198 -0.4156
vn 0.5560 -0.5343 0.6367
vn -0.5560 -0.5343 0.6367
vn -0.5560 0.5343 -0.6367
vn 0.5560 0.5343 -0.6367
vn 0.5560 -0.2843 0.7811
vn -0.5560 -0.2843 0.7811
vn -0.5560 0.2843 -0.7811
vn 0.5560 0.2843 -0.7811
vn 0.5560 -0.0000 0.8312
vn -0.5560 -0.0000 0.8312
vn -0.5560 -0.0000 -0.8312
vn 0.5560 -0.0000 -0.8312
vn 0.5560 0.2843 0.7811
vn -0.5560 0.2843 0.7811
vn -0.5560 -0.2843 -0.7811
vn 0.5560 -0.2843 -0.7811
vn 0.5560 0.5343 0.6367
vn -0.5560 0.5343 0.6367
vn -0.5560 -0.5343 -0.6367
vn 0.5560 -0.5343 -0.6367
vn 0.5560 0.7198 0.4156
vn -0.5560 0.7198 0.4156
vn -0.5560 -0.7198 -0.4156
vn 0.5560 -0.7198 -0.4156
vn 0.2132 -0.9534 -0.2135
vn 0.2505 -0.9571 0.1455
vn -0.0793 -0.9531 0.2920
vn -0.3205 -0.9469 0.0236
vn -0.1398 -0.9471 -0.2888
vn -0.6867 -0.6514 -0.3227
vn -0.8896 -0.3551 -0.2871
vn -0.8151 -0.1350 -0.5633
vn -0.5661 -0.2953 -0.7696
vn -0.4867 -0.6145 -0.6209
vn 0.4281 -0.6288 -0.6491
vn 0.0820 -0.6600 -0.7468
vn -0.0089 -0.3636 -0.9315
vn 0.2810 -0.1492 -0.9480
vn 0.5511 -0.3131 -0.7735
vn 0.7374 -0.6412 0.2123
vn 0.7227 -0.6754 -0.1467
vn 0.8759 -0.3832 -0.2930
vn 0.9854 -0.1684 -0.0244
vn 0.8998 -0.3279 0.2879
vn 0.0138 -0.6345 0.7728
vn 0.3500 -0.6764 0.6481
vn 0.5421 -0.3869 0.7460
vn 0.3247 -0.1661 0.9311
vn -0.0018 -0.3192 0.9477
vn -0.9078 -0.2990 0.2941
vn -0.7427 -0.6180 0.2578
vn -0.5211 -0.6615 0.5394
vn -0.5491 -0.3695 0.7496
vn -0.7881 -0.1455 0.5981
vn 0.0329 0.3792 -0.9247
vn -0.2565 0.1652 -0.9523
vn -0.5310 0.3262 -0.7821
vn -0.4113 0.6398 -0.6492
vn -0.0628 0.6725 -0.7374
vn 0.8967 0.3597 -0.2580
vn 0.8294 0.1443 -0.5397
vn 0.5857 0.3081 -0.7497
vn 0.5024 0.6247 -0.5977
vn 0.6946 0.6566 -0.2938
vn 0.5295 0.3566 0.7697
vn 0.7724 0.1352 0.6206
vn 0.8998 0.2938 0.3225
vn 0.7357 0.6134 0.2873
vn 0.5068 0.6522 0.5637
vn -0.5612 0.3743 0.7382
vn -0.3486 0.1504 0.9251
vn -0.0227 0.3031 0.9527
vn -0.0339 0.6214 0.7828
vn -0.3667 0.6654 0.6502
vn -0.8682 0.3883 -0.3090
vn -0.9845 0.1690 -0.0470
vn -0.9070 0.3231 0.2700
vn -0.7428 0.6377 0.2040
vn -0.7188 0.6780 -0.1539
vn 0.1470 0.9518 -0.2691
vn -0.2078 0.9569 -0.2028
vn -0.2544 0.9546 0.1552
vn 0.0716 0.9480 0.3100
vn 0.3196 0.9463 0.0478
vn 0.3014 -0.8413 -0.4488
vn 0.0054 -0.8357 -0.5492
vn -0.5230 -0.8303 -0.1926
vn -0.3360 -0.8311 -0.4431
vn -0.2798 -0.3743 -0.8841
vn -0.2353 -0.6422 -0.7295
vn -0.9283 -0.3714 -0.0151
vn -0.7683 -0.6399 -0.0153
vn -0.3472 -0.8384 0.4201
vn -0.5276 -0.8333 0.1650
vn 0.5037 -0.8497 0.1556
vn 0.5078 -0.8471 -0.1569
vn 0.7469 -0.3937 -0.5359
vn 0.6085 -0.6582 -0.4433
vn -0.0086 -0.8448 0.5350
vn 0.2898 -0.8488 0.4422
vn 0.7329 -0.4028 0.5483
vn 0.5970 -0.6657 0.4477
vn -0.3025 -0.3891 0.8701
vn -0.2539 -0.6544 0.7122
vn -0.8912 0.1002 -0.4424
vn -0.9792 -0.0649 -0.1920
vn -0.9024 0.0929 0.4208
vn -0.9839 -0.0679 0.1655
vn 0.1470 0.0883 -0.9852
vn -0.1215 -0.0717 -0.9900
vn -0.6773 0.0993 -0.7289
vn -0.4629 -0.0671 -0.8839
vn 0.9839 0.0679 -0.1655
vn 0.9024 -0.0929 -0.4208
vn 0.4856 0.0819 -0.8704
vn 0.6960 -0.0871 -0.7128
vn 0.4629 0.0671 0.8839
vn 0.6773 -0.0993 0.7289
vn 0.9792 0.0649 0.1920
vn 0.8912 -0.1002 0.4424
vn -0.6960 0.0871 0.7128
vn -0.4856 -0.0819 0.8704
vn 0.1215 0.0717 0.9900
vn -0.1470 -0.0883 0.9852
vn -0.5970 0.6657 -0.4477
vn -0.7329 0.4028 -0.5483
vn 0.2539 0.6544 -0.7122
vn 0.3025 0.3891 -0.8701
vn 0.7683 0.6399 0.0153
vn 0.9283 0.3715 0.0151
vn 0.2353 0.6422 0.7295
vn 0.2798 0.3743 0.8841
vn -0.6085 0.6582 0.4433
vn -0.7469 0.3937 0.5359
vn 0.0086 0.8448 -0.5350
vn -0.2898 0.8488 -0.4422
vn -0.5078 0.8471 0.1569
vn -0.5037 0.8497 -0.1556
vn 0.5276 0.8333 -0.1650
vn 0.3472 0.8384 -0.4201
vn 0.3360 0.8311 0.4431
vn 0.5230 0.8303 0.1926
vn -0.3014 0.8413 0.4488
vn -0.0054 0.8357 0.5492
vn 0.4829 -0.7994 -0.3574
vn -0.1928 -0.7866 -0.5866
vn -0.6196 -0.7848 -0.0146
vn 0.4737 -0.8054 0.3562
vn -0.2077 -0.7964 0.5680
vn -0.9850 -0.1718 -0.0142
vn -0.7840 0.2052 -0.5858
vn -0.2944 -0.1748 -0.9396
vn 0.3185 0.1906 -0.9286
vn 0.7989 -0.1955 -0.5688
vn 0.9850 0.1718 0.0142
vn 0.7840 -0.2052 0.5858
vn 0.2944 0.1748 0.9396
vn -0.3185 -0.1906 0.9286
vn -0.7989 0.1955 0.5688
vn 0.2077 0.7964 -0.5680
vn -0.4737 0.8054 -0.3562
vn 0.6196 0.7848 0.0146
vn 0.1928 0.7866 0.5866
vn -0.4829 0.7994 0.3574
vn 0.2261 -0.9528 -0.2028
vn 0.2676 -0.9509 0.1558
vn -0.0606 -0.9501 0.3060
vn -0.3049 -0.9515 0.0403
vn -0.1278 -0.9532 -0.2741
vn -0.6797 -0.6667 -0.3058
vn -0.8870 -0.3732 -0.2719
vn -0.8192 -0.1558 -0.5519
vn -0.5700 -0.3150 -0.7589
vn -0.4838 -0.6307 -0.6067
vn 0.4307 -0.6309 -0.6453
vn 0.0841 -0.6689 -0.7385
vn -0.0136 -0.3766 -0.9263
vn 0.2726 -0.1579 -0.9491
vn 0.5472 -0.3150 -0.7755
vn 0.7500 -0.6263 0.2125
vn 0.7318 -0.6658 -0.1458
vn 0.8786 -0.3732 -0.2979
vn 0.9877 -0.1530 -0.0335
vn 0.9082 -0.3094 0.2819
vn 0.0329 -0.6234 0.7812
vn 0.3682 -0.6616 0.6533
vn 0.5567 -0.3677 0.7449
vn 0.3379 -0.1479 0.9295
vn 0.0141 -0.3059 0.9520
vn -0.8994 -0.3094 0.3087
vn -0.7297 -0.6261 0.2749
vn -0.5042 -0.6622 0.5544
vn -0.5345 -0.3677 0.7610
vn -0.7788 -0.1497 0.6091
vn 0.0162 0.3668 -0.9302
vn -0.2699 0.1478 -0.9515
vn -0.5450 0.3068 -0.7803
vn -0.4289 0.6240 -0.6532
vn -0.0821 0.6611 -0.7458
vn 0.8878 0.3703 -0.2733
vn 0.8207 0.1500 -0.5513
vn 0.5721 0.3070 -0.7606
vn 0.4855 0.6243 -0.6120
vn 0.6806 0.6635 -0.3109
vn 0.5324 0.3758 0.7585
vn 0.7771 0.1561 0.6097
vn 0.8986 0.3126 0.3079
vn 0.7289 0.6290 0.2703
vn 0.5026 0.6680 0.5488
vn -0.5588 0.3756 0.7394
vn -0.3405 0.1577 0.9269
vn -0.0168 0.3160 0.9486
vn -0.0350 0.6316 0.7745
vn -0.3700 0.6684 0.6452
vn -0.8778 0.3700 -0.3042
vn -0.9876 0.1526 -0.0379
vn -0.9090 0.3123 0.2761
vn -0.7506 0.6285 0.2038
vn -0.7313 0.6642 -0.1549
vn 0.1285 0.9502 -0.2838
vn -0.2255 0.9506 -0.2135
vn -0.2680 0.9525 0.1449
vn 0.0598 0.9533 0.2961
vn 0.3048 0.9519 0.0311
vn 0.3098 -0.8425 -0.4407
vn 0.0126 -0.8431 -0.5377
vn -0.5117 -0.8412 -0.1751
vn -0.3276 -0.8425 -0.4277
vn -0.2838 -0.3910 -0.8756
vn -0.2332 -0.6560 -0.7178
vn -0.9223 -0.3864 0.0008
vn -0.7580 -0.6522 0.0024
vn -0.3288 -0.8379 0.4356
vn -0.5122 -0.8393 0.1825
vn 0.5191 -0.8393 0.1614
vn 0.5195 -0.8410 -0.1511
vn 0.7470 -0.3891 -0.5391
vn 0.6139 -0.6545 -0.4413
vn 0.0111 -0.8373 0.5466
vn 0.3085 -0.8378 0.4504
vn 0.7455 -0.3834 0.5452
vn 0.6127 -0.6498 0.4499
vn -0.2862 -0.3817 0.8788
vn -0.2352 -0.6484 0.7241
vn -0.8977 0.0798 -0.4333
vn -0.9802 -0.0832 -0.1797
vn -0.8989 0.0844 0.4300
vn -0.9807 -0.0813 0.1779
vn 0.1343 0.0769 -0.9879
vn -0.1316 -0.0874 -0.9875
vn -0.6871 0.0783 -0.7223
vn -0.4718 -0.0868 -0.8774
vn 0.9807 0.0813 -0.1779
vn 0.8989 -0.0844 -0.4300
vn 0.4742 0.0776 -0.8770
vn 0.6891 -0.0859 -0.7195
vn 0.4718 0.0868 0.8774
vn 0.6871 -0.0783 0.7223
vn 0.9802 0.0832 0.1797
vn 0.8977 -0.0798 0.4333
vn -0.6891 0.0859 0.7195
vn -0.4742 -0.0776 0.8770
vn 0.1316 0.0874 0.9875
vn -0.1343 -0.0769 0.9879
vn -0.6127 0.6498 -0.4499
vn -0.7455 0.3834 -0.5452
vn 0.2352 0.6484 -0.7241
vn 0.2862 0.3817 -0.8788
vn 0.7580 0.6522 -0.0024
vn 0.9223 0.3864 -0.0008
vn 0.2332 0.6560 0.7178
vn 0.2838 0.3910 0.8756
vn -0.6139 0.6545 0.4413
vn -0.7470 0.3891 0.5391
vn -0.0111 0.8373 -0.5466
vn -0.3085 0.8378 -0.4504
vn -0.5195 0.8410 0.1511
vn -0.5191 0.8393 -0.1614
vn 0.5121 0.8393 -0.1825
vn 0.3288 0.8379 -0.4356
vn 0.3276 0.8425 0.4277
vn 0.5117 0.8412 0.1751
vn -0.3098 0.8425 0.4407
vn -0.0126 0.8431 0.5377
vn 0.4917 -0.7965 -0.3519
vn -0.1867 -0.7977 -0.5734
vn -0.6070 -0.7947 0.0034
vn 0.4907 -0.7927 0.3617
vn -0.1883 -0.7916 0.5813
vn -0.9822 -0.1877 -0.0004
vn -0.7939 0.1845 -0.5794
vn -0.3022 -0.1925 -0.9336
vn 0.3048 0.1827 -0.9347
vn 0.7955 -0.1906 -0.5753
vn 0.9822 0.1877 0.0004
vn 0.7939 -0.1845 0.5794
vn 0.3022 0.1925 0.9336
vn -0.3048 -0.1827 0.9347
vn -0.7955 0.1906 0.5753
vn 0.1883 0.7916 -0.5813
vn -0.4907 0.7927 -0.3617
vn 0.6070 0.7947 -0.0034
vn 0.1867 0.7977 0.5734
vn -0.4917 0.7965 0.3519
vn 0.2283 -0.9549 0.1899
vn -0.2283 -0.9549 0.1899
vn -0.7216 -0.6790 0.1351
vn -0.9580 -0.2813 0.0559
vn -0.9580 0.2813 -0.0559
vn -0.7216 0.6790 -0.1351
vn -0.2284 0.9549 -0.1899
vn 0.2284 0.9549 -0.1899
vn 0.7216 0.6790 -0.1351
vn 0.9580 0.2813 -0.0559
vn 0.9580 -0.2813 0.0559
vn 0.7216 -0.6790 0.1351
vn 0.2283 -0.8095 0.5409
vn -0.2284 -0.8095 0.5409
vn -0.7216 -0.5757 0.3846
vn -0.9580 -0.2384 0.1593
vn -0.9580 0.2384 -0.1593
vn -0.7216 0.5756 -0.3846
vn -0.2284 0.8095 -0.5409
vn 0.2284 0.8095 -0.5409
vn 0.7216 0.5756 -0.3846
vn 0.9580 0.2384 -0.1593
vn 0.9580 -0.2384 0.1593
vn 0.7216 -0.5756 0.3846
vn 0.2284 -0.5409 0.8095
vn -0.2284 -0.5409 0.8095
vn -0.7216 -0.3846 0.5756
vn -0.9580 -0.1593 0.2384
vn -0.9580 0.1593 -0.2384
vn -0.7216 0.3846 -0.5756
vn -0.2283 0.5409 -0.8095
vn 0.2283 0.5409 -0.8095
vn 0.7216 0.3846 -0.5756
vn 0.9580 0.1593 -0.2384
vn 0.9580 -0.1593 0.2384
vn 0.7216 -0.3846 0.5756
vn 0.2284 -0.1899 0.9549
vn -0.2284 -0.1899 0.9549
vn -0.7216 -0.1351 0.6790
vn -0.9580 -0.0559 0.2813
vn -0.9580 0.0559 -0.2813
vn -0.7216 0.1351 -0.6790
vn -0.2284 0.1899 -0.9549
vn 0.2284 0.1899 -0.9549
vn 0.7216 0.1351 -0.6790
vn 0.9580 0.0559 -0.2813
vn 0.9580 -0.0559 0.2813
vn 0.7216 -0.1351 0.6790
vn 0.2284 0.1899 0.9549
vn -0.2284 0.1899 0.9549
vn -0.7216 0.1351 0.6790
vn -0.9580 0.0559 0.2813
vn -0.9580 -0.0559 -0.2813
vn -0.7216 -0.1351 -0.6790
vn -0.2284 -0.1899 -0.9549
vn 0.2284 -0.1899 -0.9549
vn 0.7216 -0.1351 -0.6790
vn 0.9580 -0.0559 -0.2813
vn 0.9580 0.0559 0.2813
vn 0.7216 0.1351 0.6790
vn 0.2283 0.5409 0.8095
vn -0.2283 0.5409 0.8095
vn -0.7216 0.3846 0.5756
vn -0.9580 0.1593 0.2384
vn -0.9580 -0.1593 -0.2384
vn -0.7216 -0.3846 -0.5756
vn -0.2284 -0.5409 -0.8095
vn 0.2284 -0.5409 -0.8095
vn 0.7216 -0.3846 -0.5756
vn 0.9580 -0.1593 -0.2384
vn 0.9580 0.1593 0.2384
vn 0.7216 0.3846 0.5756
vn 0.2284 0.8095 0.5409
vn -0.2284 0.8095 0.5409
vn -0.7216 0.5756 0.3846
vn -0.9580 0.2384 0.1593
vn -0.9580 -0.2384 -0.1593
vn -0.7216 -0.5756 -0.3846
vn -0.2283 -0.8095 -0.5409
vn 0.2284 -0.8095 -0.5409
vn 0.7216 -0.5756 -0.3846
vn 0.9580 -0.2384 -0.1593
vn 0.9580 0.2384 0.1593
vn 0.7216 0.5756 0.3846
vn 0.2283 0.9549 0.1899
vn -0.2284 0.9549 0.1899
vn -0.7216 0.6790 0.1351
vn -0.9580 0.2813 0.0559
vn -0.9580 -0.2813 -0.0559
vn -0.7216 -0.6790 -0.1351
vn -0.2284 -0.9549 -0.1899
vn 0.2284 -0.9549 -0.1899
vn 0.7216 -0.6790 -0.1351
vn 0.9580 -0.2813 -0.0559
vn 0.9580 0.2813 0.0559
vn 0.7216 0.6790 0.1351
vn -0.2284 -0.9549 0.1899
vn -0.2283 0.8095 -0.5409
vn -0.7216 -0.5756 0.3846
vn 0.2284 0.5409 -0.8095
vn -0.2284 0.5409 -0.8095
vn 0.2283 -0.5409 -0.8095
vn -0.2284 0.5409 0.8095
vn 0.2284 0.5409 0.8095
vn 0.7216 0.3846 0.5757
vn -0.2284 -0.8095 -0.5409
vn 0.2283 0.8095 0.5409
vn -0.2283 -0.9549 -0.1899
vn -0.2283 0.9549 0.1899
vn -0.4927 -0.8535 -0.1698
vn -0.4927 -0.8535 0.1698
vn 0.4927 -0.8535 0.1698
vn 0.4927 -0.8535 -0.1698
vn -0.4927 0.8535 -0.1698
vn -0.4927 0.8535 0.1698
vn 0.4927 0.8535 -0.1698
vn 0.4927 0.8535 0.1698
vn 0.4927 -0.7235 0.4834
vn -0.4927 -0.7235 0.4834
vn -0.4927 0.7235 -0.4834
vn 0.4927 0.7235 -0.4834
vn 0.4927 -0.4834 0.7235
vn -0.4927 -0.4834 0.7235
vn -0.4927 0.4834 -0.7235
vn 0.4927 0.4834 -0.7235
vn 0.4927 -0.1698 0.8535
vn -0.4927 -0.1698 0.8535
vn -0.4927 0.1698 -0.8535
vn 0.4927 0.1698 -0.8535
vn 0.4927 0.1698 0.8535
vn -0.4927 0.1698 0.8535
vn -0.4927 -0.1698 -0.8535
vn 0.4927 -0.1698 -0.8535
vn 0.4927 0.4834 0.7235
vn -0.4927 0.4834 0.7235
vn -0.4927 -0.4834 -0.7235
vn 0.4927 -0.4834 -0.7235
vn 0.4927 0.7235 0.4834
vn -0.4927 0.7235 0.4834
vn -0.4927 -0.7235 -0.4834
vn 0.4927 -0.7235 -0.4834
vn -0.7554 0.1542 -0.6369
vn 0.7522 0.1788 0.6341
vn 0.7554 -0.1542 0.6369
vn 0.2670 -0.9490 0.1673
vn -0.2670 0.6195 -0.7382
vn -0.7758 0.5464 0.3155
vn -0.2670 0.9490 -0.1673
vn -0.7758 0.5464 -0.3155
vn 0.7758 0.5464 -0.3155
vn -0.2670 0.6194 0.7382
vn 0.2670 0.6194 0.7382
vn 0.2670 -0.9490 -0.1673
vn 0.2544 -0.9546 -0.1551
vn 0.2078 -0.9569 0.2028
vn -0.1470 -0.9518 0.2691
vn -0.3196 -0.9463 -0.0478
vn -0.0716 -0.9480 -0.3100
vn -0.7357 -0.6134 -0.2873
vn -0.8998 -0.2938 -0.3225
vn -0.7724 -0.1352 -0.6206
vn -0.5295 -0.3566 -0.7697
vn -0.5068 -0.6522 -0.5637
vn 0.3667 -0.6654 -0.6502
vn 0.0339 -0.6214 -0.7828
vn 0.0227 -0.3031 -0.9527
vn 0.3486 -0.1504 -0.9251
vn 0.5612 -0.3743 -0.7382
vn 0.7188 -0.6780 0.1539
vn 0.7428 -0.6377 -0.2040
vn 0.9070 -0.3231 -0.2700
vn 0.9845 -0.1690 0.0470
vn 0.8682 -0.3883 0.3090
vn 0.0628 -0.6725 0.7374
vn 0.4113 -0.6398 0.6492
vn 0.5310 -0.3262 0.7821
vn 0.2565 -0.1652 0.9523
vn -0.0329 -0.3792 0.9247
vn -0.8967 -0.3597 0.2580
vn -0.6946 -0.6566 0.2939
vn -0.5024 -0.6247 0.5977
vn -0.5857 -0.3081 0.7497
vn -0.8294 -0.1443 0.5398
vn 0.0018 0.3192 -0.9477
vn -0.3247 0.1661 -0.9311
vn -0.5421 0.3869 -0.7460
vn -0.3500 0.6764 -0.6481
vn -0.0138 0.6345 -0.7728
vn 0.9078 0.2990 -0.2941
vn 0.7881 0.1455 -0.5981
vn 0.5491 0.3695 -0.7496
vn 0.5211 0.6615 -0.5394
vn 0.7427 0.6180 -0.2578
vn 0.5661 0.2953 0.7696
vn 0.8151 0.1350 0.5633
vn 0.8896 0.3551 0.2871
vn 0.6867 0.6514 0.3227
vn 0.4867 0.6145 0.6209
vn -0.5511 0.3131 0.7735
vn -0.2810 0.1492 0.9480
vn 0.0089 0.3636 0.9315
vn -0.0820 0.6600 0.7468
vn -0.4281 0.6288 0.6491
vn -0.8998 0.3279 -0.2879
vn -0.9854 0.1684 0.0244
vn -0.8759 0.3832 0.2930
vn -0.7227 0.6754 0.1467
vn -0.7374 0.6412 -0.2123
vn 0.0793 0.9531 -0.2920
vn -0.2505 0.9571 -0.1455
vn -0.2132 0.9534 0.2135
vn 0.1398 0.9471 0.2888
vn 0.3205 0.9469 -0.0236
vn -0.9283 -0.3715 -0.0151
vn 0.2899 -0.8488 0.4422
vn 0.2680 -0.9525 -0.1449
vn 0.2255 -0.9506 0.2135
vn -0.1285 -0.9502 0.2838
vn -0.3048 -0.9519 -0.0311
vn -0.0598 -0.9533 -0.2961
vn -0.7289 -0.6290 -0.2703
vn -0.8986 -0.3126 -0.3079
vn -0.7771 -0.1561 -0.6097
vn -0.5324 -0.3758 -0.7585
vn -0.5026 -0.6680 -0.5488
vn 0.3700 -0.6684 -0.6452
vn 0.0350 -0.6316 -0.7745
vn 0.0168 -0.3160 -0.9486
vn 0.3405 -0.1577 -0.9269
vn 0.5588 -0.3756 -0.7394
vn 0.7313 -0.6642 0.1549
vn 0.7506 -0.6285 -0.2038
vn 0.9090 -0.3123 -0.2761
vn 0.9876 -0.1526 0.0379
vn 0.8778 -0.3700 0.3042
vn 0.0821 -0.6611 0.7458
vn 0.4289 -0.6240 0.6532
vn 0.5450 -0.3068 0.7803
vn 0.2699 -0.1478 0.9515
vn -0.0162 -0.3668 0.9302
vn -0.8878 -0.3703 0.2734
vn -0.6806 -0.6635 0.3109
vn -0.4855 -0.6243 0.6120
vn -0.5721 -0.3070 0.7606
vn -0.8207 -0.1500 0.5513
vn -0.0141 0.3059 -0.9520
vn -0.3379 0.1479 -0.9295
vn -0.5567 0.3677 -0.7449
vn -0.3682 0.6616 -0.6533
vn -0.0329 0.6234 -0.7812
vn 0.8994 0.3094 -0.3087
vn 0.7788 0.1497 -0.6091
vn 0.5345 0.3677 -0.7610
vn 0.5042 0.6622 -0.5544
vn 0.7297 0.6261 -0.2749
vn 0.5700 0.3150 0.7589
vn 0.8192 0.1558 0.5519
vn 0.8870 0.3732 0.2719
vn 0.6797 0.6667 0.3058
vn 0.4838 0.6307 0.6067
vn -0.5472 0.3150 0.7755
vn -0.2726 0.1579 0.9491
vn 0.0136 0.3766 0.9263
vn -0.0841 0.6690 0.7385
vn -0.4307 0.6309 0.6453
vn -0.9082 0.3094 -0.2819
vn -0.9877 0.1530 0.0335
vn -0.8786 0.3732 0.2979
vn -0.7318 0.6658 0.1458
vn -0.7500 0.6263 -0.2125
vn 0.0606 0.9501 -0.3060
vn -0.2676 0.9509 -0.1558
vn -0.2261 0.9528 0.2028
vn 0.1277 0.9532 0.2741
vn 0.3049 0.9515 -0.0403
vn 0.0127 -0.8431 -0.5377
vn -0.7580 -0.6523 0.0024
vn -0.5121 -0.8393 0.1825
vn -0.1316 -0.0874 -0.9874
vn 0.1316 0.0874 0.9874
vn 0.7580 0.6523 -0.0024
vn -0.0126 0.8430 0.5377
vn 0.2284 -0.9549 0.1899
vn 0.2284 -0.8095 0.5409
vn 0.2283 -0.5409 0.8095
vn -0.7216 -0.3846 0.5757
vn -0.2283 0.8095 0.5409
vn 0.2284 0.9549 0.1899
vn 0.2283 -0.9549 -0.1899
vn -0.2283 0.9549 -0.1899
vn 0.2283 0.8095 -0.5409
vn 0.2283 -0.8095 -0.5409
vt 0.500000 0.484370
vt 0.562500 0.500000
vt 0.500000 0.500000
vt 0.500000 0.515630
vt 0.562500 0.651037
vt 0.500000 0.666667
vt 0.500000 0.651037
vt 0.562500 0.666667
vt 0.500000 0.682527
vt 0.562500 0.817473
vt 0.500000 0.833333
vt 0.500000 0.817473
vt 0.562500 0.833333
vt 0.500000 0.848963
vt 0.562500 0.984370
vt 0.500000 1.000000
vt 0.500000 0.984370
vt 0.500000 -0.000000
vt 0.562500 0.015630
vt 0.500000 0.015630
vt 0.500000 0.151037
vt 0.562500 0.166667
vt 0.500000 0.166667
vt 0.562500 0.182527
vt 0.500000 0.182527
vt 0.500000 0.317473
vt 0.562500 0.333333
vt 0.500000 0.333333
vt 0.562500 0.348963
vt 0.500000 0.348963
vt 0.562500 0.484370
vt 0.625000 0.500000
vt 0.562500 0.515630
vt 0.625000 0.651037
vt 0.625000 0.666667
vt 0.562500 0.682527
vt 0.625000 0.817473
vt 0.625000 0.833333
vt 0.562500 0.848963
vt 0.625000 0.984370
vt 0.562500 1.000000
vt 0.562500 -0.000000
vt 0.625000 0.015630
vt 0.562500 0.151037
vt 0.625000 0.166667
vt 0.625000 0.182527
vt 0.562500 0.317473
vt 0.625000 0.333333
vt 0.625000 0.348963
vt 0.625000 0.484370
vt 0.687500 0.500000
vt 0.625000 0.515630
vt 0.687500 0.651037
vt 0.687500 0.666667
vt 0.625000 0.682527
vt 0.687500 0.817473
vt 0.687500 0.833333
vt 0.625000 0.848963
vt 0.687500 0.984370
vt 0.625000 1.000000
vt 0.625000 -0.000000
vt 0.687500 0.015630
vt 0.625000 0.151037
vt 0.687500 0.166667
vt 0.687500 0.182527
vt 0.625000 0.317473
vt 0.687500 0.333333
vt 0.687500 0.348963
vt 0.687500 0.484370
vt 0.750000 0.500000
vt 0.687500 0.515630
vt 0.750000 0.651037
vt 0.750000 0.666667
vt 0.687500 0.682527
vt 0.750000 0.817473
vt 0.750000 0.833333
vt 0.687500 0.848963
vt 0.750000 0.984370
vt 0.687500 1.000000
vt 0.687500 -0.000000
vt 0.750000 0.015630
vt 0.687500 0.151037
vt 0.750000 0.166667
vt 0.750000 0.182527
vt 0.687500 0.317473
vt 0.750000 0.333333
vt 0.750000 0.348963
vt 0.812500 0.484370
vt 0.750000 0.484370
vt 0.812500 0.515630
vt 0.750000 0.515630
vt 0.812500 0.666667
vt 0.812500 0.682527
vt 0.750000 0.682527
vt 0.812500 0.833333
vt 0.812500 0.848963
vt 0.750000 0.848963
vt 0.812500 1.000000
vt 0.750000 1.000000
vt 0.812500 -0.000000
vt 0.750000 -0.000000
vt 0.812500 0.151037
vt 0.750000 0.151037
vt 0.812500 0.166667
vt 0.812500 0.317473
vt 0.750000 0.317473
vt 0.812500 0.333333
vt 0.875000 0.484370
vt 0.812500 0.500000
vt 0.875000 0.515630
vt 0.812500 0.651037
vt 0.875000 0.666667
vt 0.875000 0.682527
vt 0.812500 0.817473
vt 0.875000 0.833333
vt 0.875000 0.848963
vt 0.812500 0.984370
vt 0.875000 1.000000
vt 0.875000 -0.000000
vt 0.812500 0.015630
vt 0.875000 0.151037
vt 0.875000 0.166667
vt 0.812500 0.182527
vt 0.875000 0.317473
vt 0.875000 0.333333
vt 0.812500 0.348963
vt 0.937500 0.484370
vt 0.875000 0.500000
vt 0.937500 0.515630
vt 0.875000 0.651037
vt 0.937500 0.666667
vt 0.937500 0.682527
vt 0.875000 0.817473
vt 0.937500 0.833333
vt 0.937500 0.848963
vt 0.875000 0.984370
vt 0.937500 1.000000
vt 0.937500 -0.000000
vt 0.875000 0.015630
vt 0.937500 0.151037
vt 0.937500 0.166667
vt 0.875000 0.182527
vt 0.937500 0.317473
vt 0.937500 0.333333
vt 0.875000 0.348963
vt 1.000000 0.484370
vt 0.937500 0.500000
vt 1.000000 0.515630
vt 0.937500 0.651037
vt 0.999899 0.666667
vt 1.000000 0.682527
vt 0.937500 0.817473
vt 1.000000 0.833333
vt 1.000000 0.848963
vt 0.937500 0.984370
vt 1.000000 1.000000
vt 1.000000 -0.000000
vt 0.937500 0.015630
vt 1.000000 0.151037
vt 1.000000 0.166667
vt 0.937500 0.182527
vt 1.000000 0.317473
vt 0.999899 0.333333
vt 0.937500 0.348963
vt 0.000000 0.484370
vt 0.062500 0.500000
vt 0.000176 0.500000
vt 0.000000 0.515630
vt 0.062500 0.651037
vt 0.000101 0.666667
vt 0.000000 0.651037
vt 0.062500 0.666667
vt 0.000000 0.682527
vt 0.062500 0.817473
vt 0.000000 0.833333
vt 0.000000 0.817473
vt 0.062500 0.833333
vt 0.000000 0.848963
vt 0.062500 0.984370
vt 0.000000 1.000000
vt 0.000000 0.984370
vt 0.000000 -0.000000
vt 0.062500 0.015630
vt 0.000000 0.015630
vt 0.000000 0.151037
vt 0.062500 0.166667
vt 0.000000 0.166667
vt 0.062500 0.182527
vt 0.000000 0.182527
vt 0.000000 0.317473
vt 0.062500 0.333333
vt 0.000101 0.333333
vt 0.062500 0.348963
vt 0.000000 0.348963
vt 0.062500 0.484370
vt 0.125000 0.500000
vt 0.062500 0.515630
vt 0.125000 0.651037
vt 0.125000 0.666667
vt 0.062500 0.682527
vt 0.125000 0.817473
vt 0.125000 0.833333
vt 0.062500 0.848963
vt 0.125000 0.984370
vt 0.062500 1.000000
vt 0.062500 -0.000000
vt 0.125000 0.015630
vt 0.062500 0.151037
vt 0.125000 0.166667
vt 0.125000 0.182527
vt 0.062500 0.317473
vt 0.125000 0.333333
vt 0.125000 0.348963
vt 0.125000 0.484370
vt 0.187500 0.500000
vt 0.125000 0.515630
vt 0.187500 0.651037
vt 0.187500 0.666667
vt 0.125000 0.682527
vt 0.187500 0.817473
vt 0.187500 0.833333
vt 0.125000 0.848963
vt 0.187500 0.984370
vt 0.125000 1.000000
vt 0.125000 -0.000000
vt 0.187500 0.015630
vt 0.125000 0.151037
vt 0.187500 0.166667
vt 0.187500 0.182527
vt 0.125000 0.317473
vt 0.187500 0.333333
vt 0.187500 0.348963
vt 0.187500 0.484370
vt 0.250000 0.500000
vt 0.187500 0.515630
vt 0.250000 0.651037
vt 0.250000 0.666667
vt 0.187500 0.682527
vt 0.250000 0.817473
vt 0.250000 0.833333
vt 0.187500 0.848963
vt 0.250000 0.984370
vt 0.187500 1.000000
vt 0.187500 -0.000000
vt 0.250000 0.015630
vt 0.187500 0.151037
vt 0.250000 0.166667
vt 0.250000 0.182527
vt 0.187500 0.317473
vt 0.250000 0.333333
vt 0.250000 0.348963
vt 0.312500 0.484370
vt 0.250000 0.484370
vt 0.312500 0.515630
vt 0.250000 0.515630
vt 0.312500 0.666667
vt 0.312500 0.682527
vt 0.250000 0.682527
vt 0.312500 0.833333
vt 0.312500 0.848963
vt 0.250000 0.848963
vt 0.312500 1.000000
vt 0.250000 1.000000
vt 0.312500 -0.000000
vt 0.250000 -0.000000
vt 0.312500 0.151037
vt 0.250000 0.151037
vt 0.312500 0.166667
vt 0.312500 0.317473
vt 0.250000 0.317473
vt 0.312500 0.333333
vt 0.375000 0.484370
vt 0.312500 0.500000
vt 0.375000 0.515630
vt 0.312500 0.651037
vt 0.375000 0.666667
vt 0.375000 0.682527
vt 0.312500 0.817473
vt 0.375000 0.833333
vt 0.375000 0.848963
vt 0.312500 0.984370
vt 0.375000 1.000000
vt 0.375000 -0.000000
vt 0.312500 0.015630
vt 0.375000 0.151037
vt 0.375000 0.166667
vt 0.312500 0.182527
vt 0.375000 0.317473
vt 0.375000 0.333333
vt 0.312500 0.348963
vt 0.437500 0.484370
vt 0.375000 0.500000
vt 0.437500 0.515630
vt 0.375000 0.651037
vt 0.437500 0.666667
vt 0.437500 0.682527
vt 0.375000 0.817473
vt 0.437500 0.833333
vt 0.437500 0.848963
vt 0.375000 0.984370
vt 0.437500 1.000000
vt 0.437500 -0.000000
vt 0.375000 0.015630
vt 0.437500 0.151037
vt 0.437500 0.166667
vt 0.375000 0.182527
vt 0.437500 0.317473
vt 0.437500 0.333333
vt 0.375000 0.348963
vt 0.437500 0.500000
vt 0.437500 0.651037
vt 0.437500 0.817473
vt 0.437500 0.015630
vt 0.437500 0.984370
vt 0.437500 0.182527
vt 0.437500 0.348963
vt 1.000000 0.348963
vt 1.000000 0.651037
vt 1.000000 0.817473
vt 1.000000 0.984370
vt 1.000000 0.015630
vt 1.000000 0.182527
vt 0.500000 0.483270
vt 0.555556 0.500000
vt 0.500000 0.516730
vt 0.555556 0.649937
vt 0.500000 0.666667
vt 0.500000 0.649937
vt 0.555556 0.683590
vt 0.500000 0.683590
vt 0.500000 0.816410
vt 0.555556 0.833333
vt 0.500000 0.833333
vt 0.555556 0.850063
vt 0.500000 0.850063
vt 0.500000 0.983270
vt 0.555556 1.000000
vt 0.500000 1.000000
vt 0.500000 -0.000000
vt 0.555556 0.016730
vt 0.500000 0.016730
vt 0.555556 0.149937
vt 0.500000 0.166667
vt 0.500000 0.149937
vt 0.555556 0.166667
vt 0.500000 0.183590
vt 0.555556 0.316410
vt 0.500000 0.333333
vt 0.500000 0.316410
vt 0.555556 0.333333
vt 0.500000 0.350063
vt 0.611111 0.483270
vt 0.555556 0.483270
vt 0.611111 0.516730
vt 0.555556 0.516730
vt 0.611111 0.666667
vt 0.555556 0.666667
vt 0.611111 0.816410
vt 0.555556 0.816410
vt 0.611111 0.850063
vt 0.611111 0.983270
vt 0.555556 0.983270
vt 0.555556 -0.000000
vt 0.611111 0.016730
vt 0.611111 0.166667
vt 0.555556 0.183590
vt 0.611111 0.316410
vt 0.611111 0.333333
vt 0.555556 0.350063
vt 0.666667 0.483270
vt 0.611111 0.500000
vt 0.666667 0.516730
vt 0.666667 0.649937
vt 0.611111 0.649937
vt 0.666667 0.666667
vt 0.611111 0.683590
vt 0.666667 0.816410
vt 0.611111 0.833333
vt 0.666667 0.850063
vt 0.666667 1.000000
vt 0.611111 1.000000
vt 0.666667 -0.000000
vt 0.611111 -0.000000
vt 0.666667 0.149937
vt 0.611111 0.149937
vt 0.666667 0.166667
vt 0.611111 0.183590
vt 0.666667 0.333333
vt 0.611111 0.350063
vt 0.722222 0.500000
vt 0.666667 0.500000
vt 0.722222 0.666667
vt 0.722222 0.683591
vt 0.666667 0.683590
vt 0.722222 0.816410
vt 0.666667 0.833333
vt 0.722222 0.833333
vt 0.666667 0.983270
vt 0.722222 1.000000
vt 0.722222 -0.000000
vt 0.666667 0.016730
vt 0.722222 0.166667
vt 0.666667 0.183590
vt 0.666667 0.316410
vt 0.722222 0.333333
vt 0.666667 0.350063
vt 0.777778 0.483270
vt 0.722222 0.483270
vt 0.777778 0.516730
vt 0.722222 0.516730
vt 0.777778 0.649937
vt 0.722222 0.649937
vt 0.777778 0.666667
vt 0.777778 0.816410
vt 0.777778 0.833333
vt 0.722222 0.850063
vt 0.777778 0.983270
vt 0.722222 0.983270
vt 0.777778 -0.000000
vt 0.722222 0.016730
vt 0.777778 0.149937
vt 0.722222 0.149937
vt 0.777778 0.183590
vt 0.722222 0.183590
vt 0.777778 0.316410
vt 0.722222 0.316410
vt 0.777778 0.333333
vt 0.722222 0.350063
vt 0.833333 0.483270
vt 0.777778 0.500000
vt 0.833333 0.516730
vt 0.833333 0.649937
vt 0.833333 0.666667
vt 0.777778 0.683590
vt 0.833333 0.816410
vt 0.833333 0.833333
vt 0.777778 0.850063
vt 0.833333 1.000000
vt 0.777778 1.000000
vt 0.833333 -0.000000
vt 0.777778 0.016730
vt 0.833333 0.166667
vt 0.777778 0.166667
vt 0.833333 0.183590
vt 0.833333 0.333333
vt 0.777778 0.350063
vt 0.888889 0.483270
vt 0.833333 0.500000
vt 0.888889 0.500000
vt 0.888889 0.649937
vt 0.888889 0.683590
vt 0.833333 0.683590
vt 0.888889 0.833333
vt 0.833333 0.850063
vt 0.833333 0.983270
vt 0.888889 1.000000
vt 0.888889 -0.000000
vt 0.833333 0.016730
vt 0.888889 0.149937
vt 0.833333 0.149937
vt 0.888889 0.166667
vt 0.833333 0.316410
vt 0.888889 0.333333
vt 0.833333 0.350063
vt 0.944444 0.483270
vt 0.944444 0.516730
vt 0.888889 0.516730
vt 0.944444 0.649937
vt 0.888889 0.666667
vt 0.944444 0.666667
vt 0.888889 0.816410
vt 0.944444 0.833333
vt 0.888889 0.850063
vt 0.888889 0.983270
vt 0.944444 1.000000
vt 0.944444 0.016730
vt 0.888889 0.016730
vt 0.944444 0.166667
vt 0.888889 0.183590
vt 0.888889 0.316410
vt 0.944444 0.333333
vt 0.944444 0.350063
vt 0.888889 0.350063
vt 0.999892 0.500000
vt 0.944444 0.500000
vt 1.000000 0.516730
vt 1.000000 0.649937
vt 1.000000 0.683590
vt 0.944444 0.683590
vt 1.000000 0.816410
vt 0.944444 0.816410
vt 0.944444 0.850063
vt 1.000000 0.983270
vt 0.944444 0.983270
vt 0.944444 -0.000000
vt 1.000000 0.016730
vt 0.944444 0.149937
vt 1.000000 0.166667
vt 0.944445 0.183590
vt 0.944444 0.316410
vt 0.999941 0.333333
vt 1.000000 0.350063
vt 0.055556 0.483270
vt 0.000108 0.500000
vt 0.000000 0.483270
vt 0.055556 0.516730
vt 0.000000 0.516730
vt 0.055556 0.649937
vt 0.000059 0.666667
vt 0.000000 0.649937
vt 0.055556 0.683590
vt 0.000000 0.683590
vt 0.000000 0.816410
vt 0.055556 0.833333
vt 0.000000 0.833333
vt 0.055556 0.850063
vt 0.000000 0.850063
vt 0.055556 0.983270
vt 0.000000 1.000000
vt 0.000000 0.983270
vt 0.055556 -0.000000
vt 0.000000 0.016730
vt 0.000000 -0.000000
vt 0.055556 0.149937
vt 0.000000 0.166667
vt 0.000000 0.149937
vt 0.055556 0.166667
vt 0.000000 0.183590
vt 0.000000 0.316410
vt 0.055556 0.333333
vt 0.000059 0.333333
vt 0.000000 0.350063
vt 0.111111 0.483270
vt 0.055556 0.500000
vt 0.111111 0.516730
vt 0.111111 0.666667
vt 0.055556 0.666667
vt 0.111111 0.683590
vt 0.055556 0.816410
vt 0.111111 0.833333
vt 0.111111 0.983270
vt 0.055556 1.000000
vt 0.111111 -0.000000
vt 0.055556 0.016730
vt 0.111111 0.166667
vt 0.111111 0.183590
vt 0.055556 0.183590
vt 0.111111 0.316410
vt 0.055556 0.316410
vt 0.111111 0.333333
vt 0.055556 0.350063
vt 0.166667 0.483270
vt 0.111111 0.500000
vt 0.166667 0.516730
vt 0.166667 0.649937
vt 0.111111 0.649937
vt 0.166667 0.683591
vt 0.166667 0.816410
vt 0.111111 0.816410
vt 0.166667 0.833333
vt 0.111111 0.850063
vt 0.166667 0.983270
vt 0.111111 1.000000
vt 0.166667 -0.000000
vt 0.111111 0.016730
vt 0.111111 0.149937
vt 0.166667 0.166667
vt 0.166667 0.183590
vt 0.166667 0.316410
vt 0.166667 0.350063
vt 0.111111 0.350063
vt 0.222222 0.483270
vt 0.166667 0.500000
vt 0.222222 0.516730
vt 0.222222 0.649937
vt 0.166667 0.666667
vt 0.222222 0.683590
vt 0.222222 0.833333
vt 0.222222 0.850063
vt 0.166667 0.850063
vt 0.222222 0.983270
vt 0.166667 1.000000
vt 0.222222 -0.000000
vt 0.166667 0.016730
vt 0.166667 0.149937
vt 0.222222 0.166667
vt 0.222222 0.333333
vt 0.166667 0.333333
vt 0.277778 0.483270
vt 0.222222 0.500000
vt 0.277778 0.500000
vt 0.277778 0.649937
vt 0.222222 0.666667
vt 0.277778 0.666667
vt 0.277778 0.816410
vt 0.222222 0.816410
vt 0.277778 0.850063
vt 0.277778 0.983270
vt 0.222222 1.000000
vt 0.277778 -0.000000
vt 0.222222 0.016730
vt 0.277778 0.149937
vt 0.222222 0.149937
vt 0.277778 0.166667
vt 0.222222 0.183590
vt 0.222222 0.316410
vt 0.277778 0.333333
vt 0.222222 0.350063
vt 0.333333 0.483270
vt 0.333333 0.516730
vt 0.277778 0.516730
vt 0.333333 0.666667
vt 0.277778 0.683591
vt 0.333333 0.816410
vt 0.277778 0.833333
vt 0.333333 0.833333
vt 0.333333 1.000000
vt 0.277778 1.000000
vt 0.333333 -0.000000
vt 0.277778 0.016730
vt 0.333333 0.149937
vt 0.333333 0.183590
vt 0.277778 0.183590
vt 0.277778 0.316410
vt 0.333333 0.333333
vt 0.277778 0.350063
vt 0.388889 0.483270
vt 0.333333 0.500000
vt 0.388889 0.516730
vt 0.333333 0.649937
vt 0.388889 0.666667
vt 0.333333 0.683590
vt 0.388889 0.816410
vt 0.388889 0.850063
vt 0.333333 0.850063
vt 0.333333 0.983270
vt 0.388889 1.000000
vt 0.388889 -0.000000
vt 0.333333 0.016730
vt 0.388889 0.149937
vt 0.333333 0.166667
vt 0.388889 0.183591
vt 0.388889 0.316410
vt 0.333333 0.316410
vt 0.388889 0.333333
vt 0.333333 0.350063
vt 0.444444 0.500000
vt 0.388889 0.500000
vt 0.444444 0.516730
vt 0.444444 0.649937
vt 0.388889 0.649937
vt 0.444444 0.666667
vt 0.388889 0.683590
vt 0.444444 0.833333
vt 0.388889 0.833333
vt 0.444444 0.850063
vt 0.444444 0.983270
vt 0.388889 0.983270
vt 0.444444 0.016730
vt 0.388889 0.016730
vt 0.444444 0.166667
vt 0.388889 0.166667
vt 0.444444 0.183590
vt 0.444444 0.333333
vt 0.388889 0.350063
vt 0.444444 0.683590
vt 0.444444 -0.000000
vt 0.444444 1.000000
vt 0.444444 0.149937
vt 0.444444 0.350063
vt 0.444444 0.483270
vt 0.444444 0.816410
vt 0.444444 0.316410
vt 1.000000 0.183590
vt 0.909091 0.021051
vt 0.907141 0.003378
vt 0.918206 0.015789
vt 0.727273 0.021051
vt 0.725323 0.003378
vt 0.736388 0.015788
vt 0.545455 0.021052
vt 0.543505 0.003378
vt 0.554570 0.015789
vt 0.363637 0.021052
vt 0.361687 0.003378
vt 0.372752 0.015789
vt 0.181819 0.021052
vt 0.179869 0.003378
vt 0.190935 0.015789
vt 0.290959 0.146935
vt 0.272338 0.158137
vt 0.272728 0.141672
vt 0.290959 0.167987
vt 0.290959 0.157461
vt 0.272728 0.178512
vt 0.281843 0.173249
vt 0.254497 0.167987
vt 0.263613 0.173249
vt 0.254497 0.146935
vt 0.254497 0.157461
vt 0.981769 0.146935
vt 0.997075 0.155772
vt 0.981769 0.157461
vt 0.109141 0.146935
vt 0.092210 0.159713
vt 0.100025 0.141672
vt 0.109141 0.167987
vt 0.109141 0.157461
vt 0.090910 0.178512
vt 0.100025 0.173249
vt 0.981769 0.167987
vt 0.990885 0.173249
vt 0.799951 0.146935
vt 0.817792 0.158137
vt 0.799951 0.157461
vt 0.836413 0.146935
vt 0.818182 0.141672
vt 0.836413 0.167987
vt 0.836413 0.157461
vt 0.818182 0.178512
vt 0.827298 0.173249
vt 0.799951 0.167987
vt 0.809067 0.173250
vt 0.618133 0.146935
vt 0.635974 0.158137
vt 0.618133 0.157461
vt 0.654595 0.146935
vt 0.636364 0.141672
vt 0.654595 0.167987
vt 0.654595 0.157461
vt 0.636364 0.178512
vt 0.645480 0.173249
vt 0.618133 0.167987
vt 0.627249 0.173249
vt 0.436315 0.167987
vt 0.454156 0.158137
vt 0.445431 0.173249
vt 0.436315 0.146935
vt 0.436315 0.157461
vt 0.472777 0.146935
vt 0.454546 0.141672
vt 0.472777 0.167987
vt 0.472777 0.157461
vt 0.454546 0.178512
vt 0.463661 0.173249
vt 0.163588 0.304395
vt 0.182209 0.314245
vt 0.163588 0.314921
vt 0.181819 0.293870
vt 0.172704 0.299133
vt 0.200050 0.304395
vt 0.190934 0.299133
vt 0.200050 0.325447
vt 0.200050 0.314921
vt 0.163588 0.325447
vt 0.181819 0.330710
vt 0.890860 0.304395
vt 0.907791 0.312669
vt 0.890860 0.314921
vt 0.909091 0.293870
vt 0.899976 0.299133
vt 0.018231 0.304395
vt 0.002925 0.316610
vt 0.009115 0.299133
vt 0.018231 0.325447
vt 0.018231 0.314921
vt 0.890860 0.325447
vt 0.899976 0.330710
vt 0.709042 0.304395
vt 0.727663 0.314245
vt 0.709042 0.314921
vt 0.727273 0.293870
vt 0.718158 0.299133
vt 0.745504 0.304395
vt 0.736388 0.299133
vt 0.745504 0.325447
vt 0.745504 0.314921
vt 0.709042 0.325447
vt 0.727273 0.330710
vt 0.527224 0.304395
vt 0.545845 0.314245
vt 0.527224 0.314921
vt 0.545455 0.293870
vt 0.536340 0.299132
vt 0.563686 0.304395
vt 0.554570 0.299133
vt 0.563686 0.325447
vt 0.563686 0.314921
vt 0.527224 0.325447
vt 0.545455 0.330710
vt 0.345406 0.304395
vt 0.364027 0.314245
vt 0.345406 0.314921
vt 0.363637 0.293869
vt 0.354522 0.299132
vt 0.381868 0.304395
vt 0.372752 0.299132
vt 0.381868 0.325447
vt 0.381868 0.314921
vt 0.345406 0.325447
vt 0.363637 0.330710
vt 0.090910 0.451330
vt 0.092860 0.469004
vt 0.081794 0.456593
vt 0.272728 0.451331
vt 0.274678 0.469004
vt 0.263613 0.456593
vt 0.454546 0.451331
vt 0.456496 0.469004
vt 0.445431 0.456594
vt 0.636364 0.451330
vt 0.638314 0.469004
vt 0.627248 0.456593
vt 0.818182 0.451330
vt 0.820132 0.469004
vt 0.809066 0.456593
vt 0.990885 0.141672
vt 0.172704 0.015789
vt 0.354521 0.015789
vt 0.536339 0.015789
vt 0.718158 0.015789
vt 0.081794 0.173249
vt 0.100025 0.456593
vt 0.281843 0.456594
vt 0.827298 0.456593
vt 0.645480 0.456593
vt 0.463661 0.456593
vt 0.727273 0.021051
vt 0.272338 0.158137
vt 0.254497 0.167987
vt 0.254497 0.146935
vt 0.817792 0.158137
vt 0.836413 0.146935
vt 0.818182 0.178512
vt 0.827297 0.173249
vt 0.635974 0.158137
vt 0.654595 0.157461
vt 0.636364 0.178512
vt 0.454156 0.158137
vt 0.472777 0.157461
vt 0.907791 0.312669
vt 0.890860 0.314921
vt 0.909091 0.293870
vt 0.890860 0.325447
vt 0.563686 0.314921
vt 0.527224 0.325447
vt 0.364027 0.314245
vt 0.372752 0.299132
vt 0.345406 0.325447
vt 0.899976 0.015788
vt 0.562500 0.475321
vt 0.500000 0.475321
vt 0.562500 0.524679
vt 0.500000 0.524679
vt 0.500000 0.641988
vt 0.562500 0.666667
vt 0.500000 0.691709
vt 0.500000 0.808291
vt 0.562500 0.833333
vt 0.500000 0.858012
vt 0.562500 0.975321
vt 0.500000 0.975321
vt 0.562500 0.024679
vt 0.500000 0.024679
vt 0.500000 0.141988
vt 0.562500 0.166667
vt 0.500000 0.166667
vt 0.562500 0.191709
vt 0.500000 0.191709
vt 0.562500 0.308291
vt 0.500000 0.308291
vt 0.562500 0.333333
vt 0.500000 0.358012
vt 0.625000 0.475321
vt 0.562500 0.500000
vt 0.625000 0.524679
vt 0.625000 0.641988
vt 0.562500 0.641988
vt 0.562500 0.691709
vt 0.625000 0.808291
vt 0.562500 0.808291
vt 0.625000 0.833333
vt 0.562500 0.858012
vt 0.625000 0.975321
vt 0.625000 0.024679
vt 0.562500 0.141988
vt 0.625000 0.166667
vt 0.625000 0.308291
vt 0.625000 0.333333
vt 0.562500 0.358012
vt 0.687500 0.475321
vt 0.625000 0.500000
vt 0.687500 0.524679
vt 0.687500 0.666667
vt 0.625000 0.691709
vt 0.687500 0.808291
vt 0.687500 0.858012
vt 0.625000 0.858012
vt 0.687500 1.000000
vt 0.625000 1.000000
vt 0.625000 -0.000000
vt 0.687500 0.024679
vt 0.625000 0.141988
vt 0.625000 0.191709
vt 0.687500 0.333333
vt 0.687500 0.358012
vt 0.625000 0.358012
vt 0.750000 0.475321
vt 0.687500 0.500000
vt 0.750000 0.641988
vt 0.687500 0.641988
vt 0.750000 0.666667
vt 0.687500 0.691709
vt 0.750000 0.808291
vt 0.687500 0.833333
vt 0.750000 0.858012
vt 0.687500 0.975321
vt 0.750000 1.000000
vt 0.750000 -0.000000
vt 0.687500 -0.000000
vt 0.687500 0.141988
vt 0.750000 0.166667
vt 0.687500 0.191709
vt 0.687500 0.308291
vt 0.750000 0.333333
vt 0.812500 0.524679
vt 0.750000 0.524679
vt 0.812500 0.641988
vt 0.750000 0.691709
vt 0.812500 0.808291
vt 0.812500 0.858012
vt 0.750000 0.975321
vt 0.812500 1.000000
vt 0.812500 -0.000000
vt 0.750000 0.024679
vt 0.812500 0.141988
vt 0.750000 0.141988
vt 0.812500 0.166667
vt 0.750000 0.191709
vt 0.750000 0.308291
vt 0.812500 0.333333
vt 0.750000 0.358012
vt 0.875000 0.475321
vt 0.812500 0.475321
vt 0.875000 0.524679
vt 0.875000 0.641988
vt 0.875000 0.666667
vt 0.812500 0.691709
vt 0.812500 0.833333
vt 0.812500 0.975321
vt 0.812500 0.024679
vt 0.875000 0.141988
vt 0.875000 0.166667
vt 0.812500 0.191709
vt 0.812500 0.308291
vt 0.875000 0.333333
vt 0.812500 0.358012
vt 0.937500 0.475321
vt 0.875000 0.500000
vt 0.937500 0.524679
vt 0.937500 0.666667
vt 0.875000 0.691709
vt 0.937500 0.808291
vt 0.875000 0.808291
vt 0.937500 0.858012
vt 0.875000 0.858012
vt 0.875000 0.975321
vt 0.875000 0.024679
vt 0.937500 0.141988
vt 0.937500 0.166667
vt 0.875000 0.191709
vt 0.937500 0.308291
vt 0.875000 0.308291
vt 0.937500 0.358012
vt 0.875000 0.358012
vt 1.000000 0.475321
vt 0.937500 0.500000
vt 0.999682 0.500000
vt 1.000000 0.641988
vt 0.937500 0.641988
vt 1.000000 0.691709
vt 0.937500 0.691709
vt 1.000000 0.808291
vt 0.937500 0.833333
vt 1.000000 0.833333
vt 0.937500 0.975321
vt 0.937500 0.024679
vt 1.000000 0.141988
vt 1.000000 0.191709
vt 0.937500 0.191709
vt 1.000000 0.308291
vt 0.937500 0.333333
vt 1.000000 0.358012
vt 0.000000 0.475321
vt 0.062500 0.500000
vt 0.000318 0.500000
vt 0.000000 0.524679
vt 0.000000 0.641988
vt 0.062500 0.666667
vt 0.000185 0.666667
vt 0.062500 0.691709
vt 0.000000 0.691709
vt 0.062500 0.808291
vt 0.000000 0.833333
vt 0.000000 0.808291
vt 0.000000 0.858012
vt 0.062500 0.975321
vt 0.000000 0.975321
vt 0.000000 0.024679
vt 0.000000 0.141988
vt 0.062500 0.166667
vt 0.062500 0.191709
vt 0.000000 0.191709
vt 0.062500 0.308291
vt 0.000185 0.333333
vt 0.000000 0.308291
vt 0.062500 0.358012
vt 0.000000 0.358012
vt 0.125000 0.475321
vt 0.062500 0.475321
vt 0.062500 0.524679
vt 0.125000 0.641988
vt 0.062500 0.641988
vt 0.125000 0.691709
vt 0.125000 0.808291
vt 0.125000 0.833333
vt 0.062500 0.858012
vt 0.125000 0.975321
vt 0.062500 0.024679
vt 0.062500 0.141988
vt 0.125000 0.333333
vt 0.062500 0.333333
vt 0.125000 0.358012
vt 0.187500 0.500000
vt 0.125000 0.524679
vt 0.187500 0.641988
vt 0.125000 0.666667
vt 0.187500 0.691709
vt 0.187500 0.833333
vt 0.187500 0.858012
vt 0.125000 0.858012
vt 0.187500 0.975321
vt 0.125000 0.024679
vt 0.187500 0.141988
vt 0.125000 0.141988
vt 0.187500 0.166667
vt 0.125000 0.191709
vt 0.187500 0.308291
vt 0.125000 0.308291
vt 0.187500 0.333333
vt 0.187500 0.475321
vt 0.250000 0.500000
vt 0.187500 0.524679
vt 0.250000 0.666667
vt 0.187500 0.666667
vt 0.250000 0.808291
vt 0.187500 0.808291
vt 0.250000 0.858012
vt 0.250000 0.975321
vt 0.187500 0.024679
vt 0.250000 0.141988
vt 0.250000 0.191709
vt 0.187500 0.191709
vt 0.250000 0.333333
vt 0.187500 0.358012
vt 0.250000 0.475321
vt 0.312500 0.500000
vt 0.312500 0.524679
vt 0.250000 0.524679
vt 0.250000 0.641988
vt 0.312500 0.666667
vt 0.250000 0.691709
vt 0.312500 0.833333
vt 0.250000 0.833333
vt 0.312500 0.975321
vt 0.250000 0.024679
vt 0.312500 0.141988
vt 0.250000 0.166667
vt 0.312500 0.191709
vt 0.250000 0.308291
vt 0.312500 0.333333
vt 0.250000 0.358012
vt 0.312500 0.475321
vt 0.375000 0.500000
vt 0.375000 0.524679
vt 0.312500 0.641988
vt 0.375000 0.666667
vt 0.375000 0.691709
vt 0.312500 0.691709
vt 0.375000 0.808291
vt 0.312500 0.808291
vt 0.375000 0.833333
vt 0.312500 0.858012
vt 0.375000 0.975321
vt 0.375000 -0.000000
vt 0.312500 0.024679
vt 0.375000 0.166667
vt 0.312500 0.166667
vt 0.375000 0.191709
vt 0.312500 0.308291
vt 0.375000 0.333333
vt 0.375000 0.358012
vt 0.312500 0.358012
vt 0.375000 0.475321
vt 0.437500 0.500000
vt 0.375000 0.641988
vt 0.437500 0.666667
vt 0.437500 0.833333
vt 0.375000 0.858012
vt 0.437500 0.975321
vt 0.375000 1.000000
vt 0.437500 0.024679
vt 0.375000 0.024679
vt 0.437500 0.141988
vt 0.375000 0.141988
vt 0.437500 0.166667
vt 0.375000 0.308291
vt 0.437500 0.524679
vt 0.437500 0.858012
vt 0.437500 -0.000000
vt 0.437500 1.000000
vt 0.437500 0.358012
vt 0.437500 0.308291
vt 0.437500 0.641988
vt 0.437500 0.475321
vt 0.437500 0.691709
vt 0.437500 0.808291
vt 0.437500 0.191709
vt 1.000000 0.858012
vt 1.000000 0.024679
vt 0.999824 0.500000
vt 1.000000 0.483270
vt 0.999941 0.666667
vt 1.000000 0.850063
vt 1.000000 0.149937
vt 1.000000 0.316410
vt 0.918206 0.299133
vt 0.009116 0.330710
vt 1.000000 0.524679
vt 0.999815 0.666667
vt 1.000000 0.975321
vt 0.999815 0.333333
s 0
usemtl hide
f 2/1/1 21/2/1 3/3/1
f 21/2/2 1/4/2 3/3/2
f 22/5/3 6/6/3 5/7/3
f 24/8/4 4/9/4 6/6/4
f 25/10/5 9/11/5 8/12/5
f 27/13/6 7/14/6 9/11/6
f 28/15/7 12/16/7 11/17/7
f 12/18/8 29/19/8 10/20/8
f 14/21/9 33/22/9 15/23/9
f 15/23/10 32/24/10 13/25/10
f 17/26/11 36/27/11 18/28/11
f 18/28/12 35/29/12 16/30/12
f 19/31/13 39/32/13 21/2/13
f 39/32/14 20/33/14 21/2/14
f 40/34/15 24/8/15 22/5/15
f 42/35/16 23/36/16 24/8/16
f 43/37/17 27/13/17 25/10/17
f 45/38/18 26/39/18 27/13/18
f 46/40/19 30/41/19 28/15/19
f 30/42/20 47/43/20 29/19/20
f 31/44/21 51/45/21 33/22/21
f 33/22/22 50/46/22 32/24/22
f 34/47/23 54/48/23 36/27/23
f 36/27/24 53/49/24 35/29/24
f 37/50/25 57/51/25 39/32/25
f 57/51/26 38/52/26 39/32/26
f 58/53/27 42/35/27 40/34/27
f 60/54/28 41/55/28 42/35/28
f 61/56/29 45/38/29 43/37/29
f 63/57/30 44/58/30 45/38/30
f 64/59/31 48/60/31 46/40/31
f 48/61/32 65/62/32 47/43/32
f 49/63/33 69/64/33 51/45/33
f 51/45/34 68/65/34 50/46/34
f 52/66/35 72/67/35 54/48/35
f 54/48/36 71/68/36 53/49/36
f 55/69/37 75/70/37 57/51/37
f 75/70/38 56/71/38 57/51/38
f 76/72/39 60/54/39 58/53/39
f 78/73/40 59/74/40 60/54/40
f 79/75/41 63/57/41 61/56/41
f 81/76/42 62/77/42 63/57/42
f 82/78/43 66/79/43 64/59/43
f 66/80/44 83/81/44 65/62/44
f 67/82/45 87/83/45 69/64/45
f 69/64/46 86/84/46 68/65/46
f 70/85/47 90/86/47 72/67/47
f 72/67/48 89/87/48 71/68/48
f 91/88/49 75/70/49 73/89/49
f 75/70/50 92/90/50 74/91/50
f 76/72/51 96/92/51 78/73/51
f 78/73/52 95/93/52 77/94/52
f 79/75/53 99/95/53 81/76/53
f 81/76/54 98/96/54 80/97/54
f 82/78/55 102/98/55 84/99/55
f 102/100/56 83/81/56 84/101/56
f 103/102/57 87/83/57 85/103/57
f 105/104/58 86/84/58 87/83/58
f 106/105/59 90/86/59 88/106/59
f 108/107/60 89/87/60 90/86/60
f 109/108/61 93/109/61 91/88/61
f 93/109/62 110/110/62 92/90/62
f 94/111/63 114/112/63 96/92/63
f 96/92/64 113/113/64 95/93/64
f 97/114/65 117/115/65 99/95/65
f 99/95/66 116/116/66 98/96/66
f 100/117/67 120/118/67 102/98/67
f 120/119/68 101/120/68 102/100/68
f 121/121/69 105/104/69 103/102/69
f 123/122/70 104/123/70 105/104/70
f 124/124/71 108/107/71 106/105/71
f 126/125/72 107/126/72 108/107/72
f 127/127/73 111/128/73 109/108/73
f 111/128/74 128/129/74 110/110/74
f 112/130/75 132/131/75 114/112/75
f 114/112/76 131/132/76 113/113/76
f 115/133/77 135/134/77 117/115/77
f 117/115/78 134/135/78 116/116/78
f 118/136/79 138/137/79 120/118/79
f 138/138/80 119/139/80 120/119/80
f 139/140/81 123/122/81 121/121/81
f 141/141/82 122/142/82 123/122/82
f 142/143/83 126/125/83 124/124/83
f 144/144/84 125/145/84 126/125/84
f 145/146/85 129/147/85 127/127/85
f 129/147/86 146/148/86 128/129/86
f 130/149/87 150/150/87 132/131/87
f 132/131/88 149/151/88 131/132/88
f 133/152/89 153/153/89 135/134/89
f 135/134/90 152/154/90 134/135/90
f 136/155/91 156/156/91 138/137/91
f 156/157/92 137/158/92 138/138/92
f 157/159/93 141/141/93 139/140/93
f 159/160/94 140/161/94 141/141/94
f 160/162/95 144/144/95 142/143/95
f 162/163/96 143/164/96 144/144/96
f 145/165/8 165/166/8 147/167/8
f 165/166/7 146/168/7 147/167/7
f 166/169/6 150/170/6 148/171/6
f 168/172/5 149/173/5 150/170/5
f 169/174/4 153/175/4 151/176/4
f 171/177/3 152/178/3 153/175/3
f 172/179/2 156/180/2 154/181/2
f 156/182/1 173/183/1 155/184/1
f 157/185/12 177/186/12 159/187/12
f 159/187/11 176/188/11 158/189/11
f 160/190/10 180/191/10 162/192/10
f 162/192/9 179/193/9 161/194/9
f 163/195/20 183/196/20 165/166/20
f 183/196/97 164/197/97 165/166/97
f 184/198/18 168/172/18 166/169/18
f 186/199/17 167/200/17 168/172/17
f 187/201/16 171/177/16 169/174/16
f 189/202/15 170/203/15 171/177/15
f 190/204/14 174/205/14 172/179/14
f 174/206/98 191/207/98 173/183/98
f 175/208/24 195/209/24 177/186/24
f 177/186/23 194/210/23 176/188/23
f 178/211/22 198/212/22 180/191/22
f 180/191/21 197/213/21 179/193/21
f 181/214/32 201/215/32 183/196/32
f 201/215/31 182/216/31 183/196/31
f 202/217/30 186/199/30 184/198/30
f 204/218/29 185/219/29 186/199/29
f 205/220/28 189/202/28 187/201/28
f 207/221/27 188/222/27 189/202/27
f 208/223/26 192/224/26 190/204/26
f 192/225/25 209/226/25 191/207/25
f 193/227/36 213/228/36 195/209/36
f 195/209/35 212/229/35 194/210/35
f 196/230/34 216/231/34 198/212/34
f 198/212/33 215/232/33 197/213/33
f 199/233/44 219/234/44 201/215/44
f 219/234/43 200/235/43 201/215/43
f 220/236/42 204/218/42 202/217/42
f 222/237/41 203/238/41 204/218/41
f 223/239/40 207/221/40 205/220/40
f 225/240/39 206/241/39 207/221/39
f 226/242/38 210/243/38 208/223/38
f 210/244/37 227/245/37 209/226/37
f 211/246/48 231/247/48 213/228/48
f 213/228/47 230/248/47 212/229/47
f 214/249/46 234/250/46 216/231/46
f 216/231/45 233/251/45 215/232/45
f 235/252/56 219/234/56 217/253/56
f 219/234/55 236/254/55 218/255/55
f 220/236/54 240/256/54 222/237/54
f 222/237/53 239/257/53 221/258/53
f 223/239/52 243/259/52 225/240/52
f 225/240/51 242/260/51 224/261/51
f 226/242/50 246/262/50 228/263/50
f 246/264/49 227/245/49 228/265/49
f 247/266/60 231/247/60 229/267/60
f 249/268/59 230/248/59 231/247/59
f 250/269/58 234/250/58 232/270/58
f 252/271/57 233/251/57 234/250/57
f 253/272/99 237/273/99 235/252/99
f 237/273/67 254/274/67 236/254/67
f 238/275/66 258/276/66 240/256/66
f 240/256/65 257/277/65 239/257/65
f 241/278/64 261/279/64 243/259/64
f 243/259/63 260/280/63 242/260/63
f 244/281/62 264/282/62 246/262/62
f 264/283/61 245/284/61 246/264/61
f 265/285/72 249/268/72 247/266/72
f 267/286/71 248/287/71 249/268/71
f 268/288/70 252/271/70 250/269/70
f 270/289/69 251/290/69 252/271/69
f 271/291/80 255/292/80 253/272/80
f 255/292/79 272/293/79 254/274/79
f 256/294/78 276/295/78 258/276/78
f 258/276/77 275/296/77 257/277/77
f 259/297/76 279/298/76 261/279/76
f 261/279/75 278/299/75 260/280/75
f 262/300/74 282/301/74 264/282/74
f 282/302/73 263/303/73 264/283/73
f 283/304/84 267/286/84 265/285/84
f 285/305/83 266/306/83 267/286/83
f 286/307/82 270/289/82 268/288/82
f 288/308/81 269/309/81 270/289/81
f 1/4/91 273/310/91 3/3/91
f 273/310/92 2/1/92 3/3/92
f 4/9/89 276/295/89 6/6/89
f 6/6/90 274/311/90 5/7/90
f 7/14/87 279/298/87 9/11/87
f 9/11/88 277/312/88 8/12/88
f 281/313/85 12/18/85 10/20/85
f 12/16/86 280/314/86 11/17/86
f 284/315/95 15/23/95 13/25/95
f 285/305/96 14/21/96 15/23/96
f 287/316/93 18/28/93 16/30/93
f 288/308/94 17/26/94 18/28/94
f 272/293/100 5/7/100 274/311/100
f 20/33/101 5/7/101 1/4/101
f 16/30/102 19/31/102 2/1/102
f 16/30/103 271/291/103 287/316/103
f 23/36/104 8/12/104 4/9/104
f 275/296/104 8/12/104 277/312/104
f 26/39/105 11/17/105 7/14/105
f 278/299/106 11/17/106 280/314/106
f 10/20/107 31/44/107 14/21/107
f 10/20/108 283/304/108 281/313/108
f 13/25/109 34/47/109 17/26/109
f 13/25/109 286/307/109 284/315/109
f 35/29/110 37/50/110 19/31/110
f 38/52/111 22/5/111 20/33/111
f 41/55/104 25/10/104 23/36/104
f 44/58/112 28/15/112 26/39/112
f 29/19/113 49/63/113 31/44/113
f 32/24/109 52/66/109 34/47/109
f 53/49/114 55/69/114 37/50/114
f 56/71/115 40/34/115 38/52/115
f 59/74/104 43/37/104 41/55/104
f 62/77/116 46/40/116 44/58/116
f 47/43/117 67/82/117 49/63/117
f 50/46/109 70/85/109 52/66/109
f 71/68/118 73/89/118 55/69/118
f 74/91/119 58/53/119 56/71/119
f 77/94/104 61/56/104 59/74/104
f 80/97/120 64/59/120 62/77/120
f 65/62/121 85/103/121 67/82/121
f 68/65/109 88/106/109 70/85/109
f 107/126/122 73/89/122 89/87/122
f 74/91/123 94/111/123 76/72/123
f 77/94/104 97/114/104 79/75/104
f 80/97/124 100/117/124 82/78/124
f 101/120/125 85/103/125 83/81/125
f 104/123/109 88/106/109 86/84/109
f 125/145/126 91/88/126 107/126/126
f 92/90/127 112/130/127 94/111/127
f 95/93/104 115/133/104 97/114/104
f 98/96/128 118/136/128 100/117/128
f 119/139/129 103/102/129 101/120/129
f 122/142/109 106/105/109 104/123/109
f 143/164/130 109/108/130 125/145/130
f 110/110/131 130/149/131 112/130/131
f 113/113/104 133/152/104 115/133/104
f 116/116/132 136/155/132 118/136/132
f 137/158/133 121/121/133 119/139/133
f 140/161/109 124/124/109 122/142/109
f 161/317/108 127/127/108 143/164/108
f 128/129/106 148/318/106 130/149/106
f 131/132/104 151/319/104 133/152/104
f 134/135/100 154/320/100 136/155/100
f 155/321/103 139/140/103 137/158/103
f 158/322/109 142/143/109 140/161/109
f 161/194/107 163/195/107 145/165/107
f 164/197/105 148/171/105 146/168/105
f 167/200/104 151/176/104 149/173/104
f 170/203/101 154/181/101 152/178/101
f 155/184/102 175/208/102 157/185/102
f 158/189/109 178/211/109 160/190/109
f 179/193/113 181/214/113 163/195/113
f 182/216/112 166/169/112 164/197/112
f 185/219/104 169/174/104 167/200/104
f 188/222/111 172/179/111 170/203/111
f 173/183/110 193/227/110 175/208/110
f 176/188/109 196/230/109 178/211/109
f 197/213/117 199/233/117 181/214/117
f 200/235/116 184/198/116 182/216/116
f 203/238/104 187/201/104 185/219/104
f 206/241/115 190/204/115 188/222/115
f 191/207/114 211/246/114 193/227/114
f 194/210/109 214/249/109 196/230/109
f 215/232/121 217/253/121 199/233/121
f 218/255/120 202/217/120 200/235/120
f 221/258/104 205/220/104 203/238/104
f 224/261/119 208/223/119 206/241/119
f 209/226/118 229/267/118 211/246/118
f 212/229/109 232/270/109 214/249/109
f 251/290/125 217/253/125 233/251/125
f 218/255/124 238/275/124 220/236/124
f 221/258/104 241/278/104 223/239/104
f 224/261/123 244/281/123 226/242/123
f 245/284/122 229/267/122 227/245/122
f 248/287/109 232/270/109 230/248/109
f 269/309/129 235/252/129 251/290/129
f 236/254/128 256/294/128 238/275/128
f 239/257/104 259/297/104 241/278/104
f 242/260/127 262/300/127 244/281/127
f 263/303/126 247/266/126 245/284/126
f 266/306/109 250/269/109 248/287/109
f 287/316/133 253/272/133 269/309/133
f 254/274/132 274/311/132 256/294/132
f 257/277/104 277/312/104 259/297/104
f 260/280/131 280/314/131 262/300/131
f 281/313/130 265/285/130 263/303/130
f 284/315/109 268/288/109 266/306/109
f 290/323/134 309/324/134 291/3/134
f 309/324/135 289/325/135 291/3/135
f 310/326/136 294/327/136 293/328/136
f 294/327/137 311/329/137 292/330/137
f 296/331/138 315/332/138 297/333/138
f 297/333/139 314/334/139 295/335/139
f 299/336/140 318/337/140 300/338/140
f 300/339/141 317/340/141 298/341/141
f 319/342/142 303/343/142 302/344/142
f 321/345/143 301/346/143 303/343/143
f 322/347/144 306/348/144 305/349/144
f 324/350/145 304/351/145 306/348/145
f 325/352/146 309/324/146 307/353/146
f 309/324/147 326/354/147 308/355/147
f 310/326/148 330/356/148 312/357/148
f 330/356/149 311/329/149 312/357/149
f 331/358/150 315/332/150 313/359/150
f 315/332/151 332/360/151 314/334/151
f 334/361/152 318/337/152 316/362/152
f 318/363/153 335/364/153 317/340/153
f 319/342/154 339/365/154 321/345/154
f 339/365/155 320/366/155 321/345/155
f 340/367/156 324/350/156 322/347/156
f 342/368/157 323/369/157 324/350/157
f 343/370/158 327/371/158 325/352/158
f 327/371/159 344/372/159 326/354/159
f 346/373/160 330/356/160 328/374/160
f 348/375/161 329/376/161 330/356/161
f 349/377/162 333/378/162 331/358/162
f 333/378/163 350/379/163 332/360/163
f 334/361/164 354/380/164 336/381/164
f 354/382/165 335/364/165 336/383/165
f 355/384/166 339/365/166 337/385/166
f 357/386/167 338/387/167 339/365/167
f 340/367/168 360/388/168 342/368/168
f 360/388/169 341/389/169 342/368/169
f 343/370/170 363/390/170 345/391/170
f 363/390/171 344/372/171 345/391/171
f 346/373/172 366/392/172 348/375/172
f 348/375/173 365/393/173 347/394/173
f 367/395/174 351/396/174 349/377/174
f 369/397/175 350/379/175 351/396/175
f 352/398/176 372/399/176 354/380/176
f 372/400/177 353/401/177 354/382/177
f 355/384/178 375/402/178 357/386/178
f 375/402/179 356/403/179 357/386/179
f 358/404/180 378/405/180 360/388/180
f 378/405/181 359/406/181 360/388/181
f 379/407/182 363/390/182 361/408/182
f 363/390/183 380/409/183 362/410/183
f 382/411/184 366/392/184 364/412/184
f 384/413/185 365/393/185 366/392/185
f 385/414/186 369/397/186 367/395/186
f 387/415/187 368/416/187 369/397/187
f 388/417/188 372/399/188 370/418/188
f 390/419/189 371/420/189 372/400/189
f 391/421/190 375/402/190 373/422/190
f 375/402/191 392/423/191 374/424/191
f 394/425/192 378/405/192 376/426/192
f 396/427/193 377/428/193 378/405/193
f 397/429/194 381/430/194 379/407/194
f 381/430/195 398/431/195 380/409/195
f 400/432/196 384/413/196 382/411/196
f 402/433/197 383/434/197 384/413/197
f 403/435/198 387/415/198 385/414/198
f 405/436/199 386/437/199 387/415/199
f 388/417/200 408/438/200 390/439/200
f 408/440/201 389/441/201 390/419/201
f 391/421/202 411/442/202 393/443/202
f 393/443/203 410/444/203 392/423/203
f 394/425/204 414/445/204 396/427/204
f 414/445/205 395/446/205 396/427/205
f 415/447/206 399/448/206 397/429/206
f 417/449/207 398/431/207 399/448/207
f 418/450/208 402/433/208 400/432/208
f 402/433/209 419/451/209 401/452/209
f 403/435/210 423/453/210 405/436/210
f 423/453/211 404/454/211 405/436/211
f 406/455/212 426/456/212 408/438/212
f 426/457/213 407/458/213 408/440/213
f 427/459/214 411/442/214 409/460/214
f 429/461/215 410/444/215 411/442/215
f 412/462/216 432/463/216 414/445/216
f 432/463/217 413/464/217 414/445/217
f 433/465/218 417/449/218 415/447/218
f 417/449/219 434/466/219 416/467/219
f 436/468/220 420/469/220 418/450/220
f 438/470/221 419/451/221 420/469/221
f 421/471/222 441/472/222 423/453/222
f 441/472/223 422/473/223 423/453/223
f 424/474/224 444/475/224 426/456/224
f 426/457/225 443/476/225 425/477/225
f 427/459/226 447/478/226 429/461/226
f 447/478/227 428/479/227 429/461/227
f 430/480/228 450/481/228 432/463/228
f 432/463/229 449/482/229 431/483/229
f 433/465/230 453/484/230 435/485/230
f 435/485/231 452/486/231 434/466/231
f 454/487/232 438/470/232 436/468/232
f 438/470/233 455/488/233 437/489/233
f 457/490/234 441/472/234 439/491/234
f 459/153/235 440/492/235 441/472/235
f 460/493/236 444/475/236 442/494/236
f 444/495/237 461/496/237 443/476/237
f 445/497/238 465/498/238 447/478/238
f 465/498/239 446/499/239 447/478/239
f 448/500/240 468/501/240 450/481/240
f 450/481/241 467/502/241 449/482/241
f 469/503/141 453/504/141 451/505/141
f 453/504/140 470/506/140 452/507/140
f 472/508/139 456/509/139 454/510/139
f 456/509/138 473/511/138 455/512/138
f 457/513/137 477/514/137 459/515/137
f 459/515/136 476/516/136 458/517/136
f 478/518/135 462/519/135 460/520/135
f 480/521/134 461/522/134 462/523/134
f 481/524/145 465/525/145 463/526/145
f 483/527/144 464/528/144 465/525/144
f 466/529/143 486/530/143 468/531/143
f 486/530/142 467/532/142 468/531/142
f 487/533/153 471/534/153 469/503/153
f 471/534/152 488/535/152 470/506/152
f 472/508/151 492/536/151 474/537/151
f 474/537/150 491/538/150 473/511/150
f 475/539/149 495/540/149 477/514/149
f 495/540/242 476/516/242 477/514/242
f 496/541/147 480/542/147 478/518/147
f 498/543/146 479/544/146 480/521/146
f 481/524/243 501/545/243 483/527/243
f 483/527/156 500/546/156 482/547/156
f 502/548/155 486/530/155 484/549/155
f 504/550/154 485/551/154 486/530/154
f 505/552/244 489/553/244 487/533/244
f 489/553/164 506/554/164 488/535/164
f 508/555/163 492/536/163 490/556/163
f 492/536/162 509/557/162 491/538/162
f 511/558/161 495/540/161 493/559/161
f 513/560/160 494/561/160 495/540/160
f 514/562/245 498/563/245 496/541/245
f 516/564/158 497/565/158 498/543/158
f 499/566/169 519/567/169 501/545/169
f 501/545/168 518/568/168 500/546/168
f 520/569/167 504/550/167 502/548/167
f 504/550/166 521/570/166 503/571/166
f 523/572/177 507/573/177 505/552/177
f 507/573/176 524/574/176 506/554/176
f 526/575/175 510/576/175 508/555/175
f 510/576/174 527/577/174 509/557/174
f 511/558/173 531/578/173 513/560/173
f 513/560/172 530/579/172 512/580/172
f 532/581/171 516/582/171 514/562/171
f 534/583/170 515/584/170 516/564/170
f 517/585/181 537/586/181 519/567/181
f 537/586/180 518/568/180 519/567/180
f 520/569/179 540/587/179 522/588/179
f 540/587/178 521/570/178 522/588/178
f 541/589/189 525/590/189 523/572/189
f 543/591/188 524/574/188 525/590/188
f 544/592/187 528/593/187 526/575/187
f 546/594/186 527/577/186 528/593/186
f 547/595/185 531/578/185 529/596/185
f 531/578/184 548/597/184 530/579/184
f 550/598/183 534/599/183 532/581/183
f 552/600/182 533/601/182 534/583/182
f 553/602/193 537/586/193 535/603/193
f 555/604/192 536/605/192 537/586/192
f 538/606/191 558/607/191 540/587/191
f 558/607/190 539/608/190 540/587/190
f 559/609/201 543/591/201 541/589/201
f 543/591/200 560/610/200 542/611/200
f 544/592/199 564/612/199 546/594/199
f 564/612/198 545/613/198 546/594/198
f 565/614/197 549/615/197 547/595/197
f 567/616/196 548/597/196 549/615/196
f 550/598/195 570/617/195 552/618/195
f 570/619/194 551/620/194 552/600/194
f 571/621/205 555/604/205 553/602/205
f 555/604/204 572/622/204 554/623/204
f 556/624/203 576/625/203 558/607/203
f 576/625/202 557/626/202 558/607/202
f 577/627/246 561/628/246 559/609/246
f 561/628/247 578/629/247 560/610/247
f 562/630/211 582/631/211 564/612/211
f 582/631/210 563/632/210 564/612/210
f 583/633/209 567/616/209 565/614/209
f 567/616/208 584/634/208 566/635/208
f 568/636/207 588/637/207 570/617/207
f 588/638/206 569/639/206 570/619/206
f 589/640/217 573/641/217 571/621/217
f 573/641/216 590/642/216 572/622/216
f 592/643/215 576/625/215 574/644/215
f 594/645/214 575/646/214 576/625/214
f 577/627/225 597/647/225 579/648/225
f 579/648/224 596/649/224 578/629/224
f 598/650/248 582/631/248 580/651/248
f 600/652/222 581/653/222 582/631/222
f 583/633/221 603/654/221 585/655/221
f 585/655/220 602/656/220 584/634/220
f 604/657/219 588/637/219 586/658/219
f 588/638/218 605/659/218 587/660/218
f 589/640/249 609/661/249 591/662/249
f 591/662/228 608/663/228 590/642/228
f 592/643/227 612/664/227 594/645/227
f 612/664/250 593/665/250 594/645/250
f 596/649/236 291/3/236 289/325/236
f 597/647/237 290/323/237 291/3/237
f 599/666/234 294/327/234 292/330/234
f 294/327/235 598/650/235 293/328/235
f 602/656/232 297/333/232 295/335/232
f 603/654/233 296/331/233 297/333/233
f 298/341/251 606/667/251 300/339/251
f 606/668/252 299/336/252 300/338/252
f 608/663/240 303/343/240 301/346/240
f 303/343/241 607/669/241 302/344/241
f 611/670/238 306/348/238 304/351/238
f 612/664/239 305/349/239 306/348/239
f 596/649/253 293/328/253 598/650/253
f 308/355/254 293/328/254 289/325/254
f 304/351/255 307/353/255 290/323/255
f 611/670/256 290/323/256 595/671/256
f 311/329/257 296/331/257 292/330/257
f 292/330/257 601/672/257 599/666/257
f 314/334/258 299/336/258 295/335/258
f 602/656/259 299/336/259 604/657/259
f 298/341/260 319/342/260 302/344/260
f 298/341/261 607/669/261 605/659/261
f 320/366/262 305/349/262 301/346/262
f 301/346/262 610/673/262 608/663/262
f 323/369/263 325/352/263 307/353/263
f 326/354/264 310/326/264 308/355/264
f 329/376/257 313/359/257 311/329/257
f 332/360/265 316/362/265 314/334/265
f 335/364/266 319/342/266 317/340/266
f 338/387/262 322/347/262 320/366/262
f 341/389/267 343/370/267 325/352/267
f 344/372/268 328/374/268 326/354/268
f 329/376/257 349/377/257 331/358/257
f 350/379/269 334/361/269 332/360/269
f 335/364/270 355/384/270 337/385/270
f 356/403/262 340/367/262 338/387/262
f 377/428/271 343/370/271 359/406/271
f 362/410/272 346/373/272 344/372/272
f 365/393/257 349/377/257 347/394/257
f 368/416/273 352/398/273 350/379/273
f 353/401/274 373/422/274 355/384/274
f 356/403/262 376/426/262 358/404/262
f 395/446/275 361/408/275 377/428/275
f 362/410/276 382/411/276 364/412/276
f 383/434/257 367/395/257 365/393/257
f 386/437/277 370/418/277 368/416/277
f 371/420/278 391/421/278 373/422/278
f 392/423/262 376/426/262 374/424/262
f 395/446/279 397/429/279 379/407/279
f 398/431/280 382/411/280 380/409/280
f 401/452/257 385/414/257 383/434/257
f 404/454/281 388/417/281 386/437/281
f 389/441/282 409/460/282 391/421/282
f 392/423/262 412/462/262 394/425/262
f 413/464/283 415/447/283 397/429/283
f 416/467/284 400/432/284 398/431/284
f 401/452/257 421/471/257 403/435/257
f 422/473/285 406/455/285 404/454/285
f 407/458/286 427/459/286 409/460/286
f 428/479/262 412/462/262 410/444/262
f 449/482/287 415/447/287 431/483/287
f 416/467/288 436/468/288 418/450/288
f 419/451/257 439/491/257 421/471/257
f 440/492/289 424/474/289 422/473/289
f 425/477/290 445/497/290 427/459/290
f 446/499/262 430/480/262 428/479/262
f 467/502/261 433/465/261 449/482/261
f 452/486/259 436/468/259 434/466/259
f 455/488/257 439/491/257 437/489/257
f 440/492/253 460/493/253 442/494/253
f 461/496/256 445/497/256 443/476/256
f 464/674/262 448/500/262 446/499/262
f 467/532/260 469/503/260 451/505/260
f 452/507/258 472/508/258 454/510/258
f 473/511/257 457/513/257 455/512/257
f 458/517/254 478/518/254 460/520/254
f 461/522/255 481/524/255 463/526/255
f 482/547/262 466/529/262 464/528/262
f 485/551/266 487/533/266 469/503/266
f 488/535/265 472/508/265 470/506/265
f 491/538/257 475/539/257 473/511/257
f 476/516/264 496/541/264 478/518/264
f 497/565/263 481/524/263 479/544/263
f 500/546/262 484/549/262 482/547/262
f 503/571/270 505/552/270 487/533/270
f 506/554/269 490/556/269 488/535/269
f 491/538/257 511/558/257 493/559/257
f 494/561/268 514/562/268 496/541/268
f 515/584/267 499/566/267 497/565/267
f 500/546/262 520/569/262 502/548/262
f 539/608/274 505/552/274 521/570/274
f 524/574/273 508/555/273 506/554/273
f 527/577/257 511/558/257 509/557/257
f 530/579/272 514/562/272 512/580/272
f 533/601/271 517/585/271 515/584/271
f 536/605/262 520/569/262 518/568/262
f 539/608/278 541/589/278 523/572/278
f 542/611/277 526/575/277 524/574/277
f 527/577/257 547/595/257 529/596/257
f 548/597/276 532/581/276 530/579/276
f 533/601/275 553/602/275 535/603/275
f 554/623/262 538/606/262 536/605/262
f 557/626/282 559/609/282 541/589/282
f 560/610/281 544/592/281 542/611/281
f 563/632/257 547/595/257 545/613/257
f 566/635/280 550/598/280 548/597/280
f 551/620/279 571/621/279 553/602/279
f 572/622/262 556/624/262 554/623/262
f 575/646/286 577/627/286 559/609/286
f 578/629/285 562/630/285 560/610/285
f 563/632/257 583/633/257 565/614/257
f 584/634/284 568/636/284 566/635/284
f 587/660/283 571/621/283 569/639/283
f 590/642/262 574/644/262 572/622/262
f 593/665/290 595/671/290 577/627/290
f 578/629/289 598/650/289 580/651/289
f 599/666/257 583/633/257 581/653/257
f 602/656/288 586/658/288 584/634/288
f 605/659/287 589/640/287 587/660/287
f 608/663/262 592/643/262 590/642/262
f 2/1/1 19/31/1 21/2/1
f 21/2/2 20/33/2 1/4/2
f 22/5/712 24/8/712 6/6/712
f 24/8/4 23/36/4 4/9/4
f 25/10/5 27/13/5 9/11/5
f 27/13/6 26/39/6 7/14/6
f 28/15/7 30/41/7 12/16/7
f 12/18/8 30/42/8 29/19/8
f 14/21/9 31/44/9 33/22/9
f 15/23/10 33/22/10 32/24/10
f 17/26/11 34/47/11 36/27/11
f 18/28/12 36/27/12 35/29/12
f 19/31/98 37/50/98 39/32/98
f 39/32/14 38/52/14 20/33/14
f 40/34/15 42/35/15 24/8/15
f 42/35/16 41/55/16 23/36/16
f 43/37/17 45/38/17 27/13/17
f 45/38/18 44/58/18 26/39/18
f 46/40/97 48/60/97 30/41/97
f 30/42/20 48/61/20 47/43/20
f 31/44/21 49/63/21 51/45/21
f 33/22/22 51/45/22 50/46/22
f 34/47/23 52/66/23 54/48/23
f 36/27/24 54/48/24 53/49/24
f 37/50/25 55/69/25 57/51/25
f 57/51/26 56/71/26 38/52/26
f 58/53/27 60/54/27 42/35/27
f 60/54/28 59/74/28 41/55/28
f 61/56/29 63/57/29 45/38/29
f 63/57/30 62/77/30 44/58/30
f 64/59/31 66/79/31 48/60/31
f 48/61/32 66/80/32 65/62/32
f 49/63/33 67/82/33 69/64/33
f 51/45/34 69/64/34 68/65/34
f 52/66/35 70/85/35 72/67/35
f 54/48/36 72/67/36 71/68/36
f 55/69/37 73/89/37 75/70/37
f 75/70/38 74/91/38 56/71/38
f 76/72/39 78/73/39 60/54/39
f 78/73/40 77/94/40 59/74/40
f 79/75/41 81/76/41 63/57/41
f 81/76/42 80/97/42 62/77/42
f 82/78/43 84/99/43 66/79/43
f 66/80/44 84/101/44 83/81/44
f 67/82/45 85/103/45 87/83/45
f 69/64/46 87/83/46 86/84/46
f 70/85/47 88/106/47 90/86/47
f 72/67/48 90/86/48 89/87/48
f 91/88/49 93/109/49 75/70/49
f 75/70/50 93/109/50 92/90/50
f 76/72/51 94/111/51 96/92/51
f 78/73/52 96/92/52 95/93/52
f 79/75/53 97/114/53 99/95/53
f 81/76/54 99/95/54 98/96/54
f 82/78/55 100/117/55 102/98/55
f 102/100/56 101/120/56 83/81/56
f 103/102/57 105/104/57 87/83/57
f 105/104/58 104/123/58 86/84/58
f 106/105/59 108/107/59 90/86/59
f 108/107/60 107/126/60 89/87/60
f 109/108/61 111/128/61 93/109/61
f 93/109/62 111/128/62 110/110/62
f 94/111/63 112/130/63 114/112/63
f 96/92/64 114/112/64 113/113/64
f 97/114/65 115/133/65 117/115/65
f 99/95/66 117/115/66 116/116/66
f 100/117/67 118/136/67 120/118/67
f 120/119/99 119/139/99 101/120/99
f 121/121/69 123/122/69 105/104/69
f 123/122/70 122/142/70 104/123/70
f 124/124/71 126/125/71 108/107/71
f 126/125/72 125/145/72 107/126/72
f 127/127/73 129/147/73 111/128/73
f 111/128/74 129/147/74 128/129/74
f 112/130/75 130/149/75 132/131/75
f 114/112/76 132/131/76 131/132/76
f 115/133/77 133/152/77 135/134/77
f 117/115/78 135/134/78 134/135/78
f 118/136/79 136/155/79 138/137/79
f 138/138/80 137/158/80 119/139/80
f 139/140/81 141/141/81 123/122/81
f 141/141/82 140/161/82 122/142/82
f 142/143/83 144/144/83 126/125/83
f 144/144/84 143/164/84 125/145/84
f 145/146/85 147/1131/85 129/147/85
f 129/147/86 147/1131/86 146/148/86
f 130/149/87 148/318/87 150/150/87
f 132/131/88 150/150/88 149/151/88
f 133/152/89 151/319/89 153/153/89
f 135/134/90 153/153/90 152/154/90
f 136/155/91 154/320/91 156/156/91
f 156/157/92 155/321/92 137/158/92
f 157/159/93 159/160/93 141/141/93
f 159/160/94 158/322/94 140/161/94
f 160/162/95 162/163/95 144/144/95
f 162/163/713 161/317/713 143/164/713
f 145/165/8 163/195/8 165/166/8
f 165/166/7 164/197/7 146/168/7
f 166/169/6 168/172/6 150/170/6
f 168/172/5 167/200/5 149/173/5
f 169/174/4 171/177/4 153/175/4
f 171/177/3 170/203/3 152/178/3
f 172/179/2 174/205/2 156/180/2
f 156/182/1 174/206/1 173/183/1
f 157/185/12 175/208/12 177/186/12
f 159/187/11 177/186/11 176/188/11
f 160/190/10 178/211/10 180/191/10
f 162/192/714 180/191/714 179/193/714
f 163/195/20 181/214/20 183/196/20
f 183/196/19 182/216/19 164/197/19
f 184/198/18 186/199/18 168/172/18
f 186/199/17 185/219/17 167/200/17
f 187/201/16 189/202/16 171/177/16
f 189/202/15 188/222/15 170/203/15
f 190/204/14 192/224/14 174/205/14
f 174/206/13 192/225/13 191/207/13
f 175/208/24 193/227/24 195/209/24
f 177/186/23 195/209/23 194/210/23
f 178/211/22 196/230/22 198/212/22
f 180/191/21 198/212/21 197/213/21
f 181/214/32 199/233/32 201/215/32
f 201/215/31 200/235/31 182/216/31
f 202/217/30 204/218/30 186/199/30
f 204/218/29 203/238/29 185/219/29
f 205/220/28 207/221/28 189/202/28
f 207/221/27 206/241/27 188/222/27
f 208/223/26 210/243/26 192/224/26
f 192/225/25 210/244/25 209/226/25
f 193/227/36 211/246/36 213/228/36
f 195/209/35 213/228/35 212/229/35
f 196/230/34 214/249/34 216/231/34
f 198/212/33 216/231/33 215/232/33
f 199/233/44 217/253/44 219/234/44
f 219/234/43 218/255/43 200/235/43
f 220/236/42 222/237/42 204/218/42
f 222/237/41 221/258/41 203/238/41
f 223/239/40 225/240/40 207/221/40
f 225/240/39 224/261/39 206/241/39
f 226/242/38 228/263/38 210/243/38
f 210/244/37 228/265/37 227/245/37
f 211/246/48 229/267/48 231/247/48
f 213/228/47 231/247/47 230/248/47
f 214/249/46 232/270/46 234/250/46
f 216/231/45 234/250/45 233/251/45
f 235/252/56 237/273/56 219/234/56
f 219/234/55 237/273/55 236/254/55
f 220/236/54 238/275/54 240/256/54
f 222/237/53 240/256/53 239/257/53
f 223/239/52 241/278/52 243/259/52
f 225/240/51 243/259/51 242/260/51
f 226/242/50 244/281/50 246/262/50
f 246/264/49 245/284/49 227/245/49
f 247/266/60 249/268/60 231/247/60
f 249/268/59 248/287/59 230/248/59
f 250/269/58 252/271/58 234/250/58
f 252/271/57 251/290/57 233/251/57
f 253/272/99 255/292/99 237/273/99
f 237/273/67 255/292/67 254/274/67
f 238/275/66 256/294/66 258/276/66
f 240/256/65 258/276/65 257/277/65
f 241/278/64 259/297/64 261/279/64
f 243/259/63 261/279/63 260/280/63
f 244/281/62 262/300/62 264/282/62
f 264/283/61 263/303/61 245/284/61
f 265/285/72 267/286/72 249/268/72
f 267/286/71 266/306/71 248/287/71
f 268/288/70 270/289/70 252/271/70
f 270/289/69 269/309/69 251/290/69
f 271/291/80 273/310/80 255/292/80
f 255/292/79 273/310/79 272/293/79
f 256/294/78 274/311/78 276/295/78
f 258/276/77 276/295/77 275/296/77
f 259/297/76 277/312/76 279/298/76
f 261/279/75 279/298/75 278/299/75
f 262/300/74 280/314/74 282/301/74
f 282/302/73 281/313/73 263/303/73
f 283/304/84 285/305/84 267/286/84
f 285/305/83 284/315/83 266/306/83
f 286/307/82 288/308/82 270/289/82
f 288/308/81 287/316/81 269/309/81
f 1/4/91 272/293/91 273/310/91
f 273/310/92 271/291/92 2/1/92
f 4/9/89 275/296/89 276/295/89
f 6/6/90 276/295/90 274/311/90
f 7/14/87 278/299/87 279/298/87
f 9/11/88 279/298/88 277/312/88
f 281/313/85 282/302/85 12/18/85
f 12/16/86 282/301/86 280/314/86
f 284/315/95 285/305/95 15/23/95
f 285/305/96 283/304/96 14/21/96
f 287/316/93 288/308/93 18/28/93
f 288/308/94 286/307/94 17/26/94
f 272/293/100 1/4/100 5/7/100
f 20/33/101 22/5/101 5/7/101
f 16/30/102 35/29/102 19/31/102
f 16/30/103 2/1/103 271/291/103
f 23/36/104 25/10/104 8/12/104
f 275/296/104 4/9/104 8/12/104
f 26/39/105 28/15/105 11/17/105
f 278/299/106 7/14/106 11/17/106
f 10/20/107 29/19/107 31/44/107
f 10/20/108 14/21/108 283/304/108
f 13/25/109 32/24/109 34/47/109
f 13/25/109 17/26/109 286/307/109
f 35/29/110 53/49/110 37/50/110
f 38/52/111 40/34/111 22/5/111
f 41/55/104 43/37/104 25/10/104
f 44/58/112 46/40/112 28/15/112
f 29/19/113 47/43/113 49/63/113
f 32/24/109 50/46/109 52/66/109
f 53/49/114 71/68/114 55/69/114
f 56/71/115 58/53/115 40/34/115
f 59/74/104 61/56/104 43/37/104
f 62/77/116 64/59/116 46/40/116
f 47/43/117 65/62/117 67/82/117
f 50/46/109 68/65/109 70/85/109
f 71/68/118 89/87/118 73/89/118
f 74/91/119 76/72/119 58/53/119
f 77/94/104 79/75/104 61/56/104
f 80/97/120 82/78/120 64/59/120
f 65/62/121 83/81/121 85/103/121
f 68/65/109 86/84/109 88/106/109
f 107/126/122 91/88/122 73/89/122
f 74/91/123 92/90/123 94/111/123
f 77/94/104 95/93/104 97/114/104
f 80/97/124 98/96/124 100/117/124
f 101/120/125 103/102/125 85/103/125
f 104/123/109 106/105/109 88/106/109
f 125/145/126 109/108/126 91/88/126
f 92/90/127 110/110/127 112/130/127
f 95/93/104 113/113/104 115/133/104
f 98/96/128 116/116/128 118/136/128
f 119/139/129 121/121/129 103/102/129
f 122/142/109 124/124/109 106/105/109
f 143/164/130 127/127/130 109/108/130
f 110/110/131 128/129/131 130/149/131
f 113/113/104 131/132/104 133/152/104
f 116/116/132 134/135/132 136/155/132
f 137/158/133 139/140/133 121/121/133
f 140/161/109 142/143/109 124/124/109
f 161/317/108 145/146/108 127/127/108
f 128/129/106 146/148/106 148/318/106
f 131/132/104 149/151/104 151/319/104
f 134/135/100 152/154/100 154/320/100
f 155/321/103 157/159/103 139/140/103
f 158/322/109 160/162/109 142/143/109
f 161/194/107 179/193/107 163/195/107
f 164/197/105 166/169/105 148/171/105
f 167/200/104 169/174/104 151/176/104
f 170/203/101 172/179/101 154/181/101
f 155/184/102 173/183/102 175/208/102
f 158/189/109 176/188/109 178/211/109
f 179/193/113 197/213/113 181/214/113
f 182/216/112 184/198/112 166/169/112
f 185/219/104 187/201/104 169/174/104
f 188/222/111 190/204/111 172/179/111
f 173/183/110 191/207/110 193/227/110
f 176/188/109 194/210/109 196/230/109
f 197/213/117 215/232/117 199/233/117
f 200/235/116 202/217/116 184/198/116
f 203/238/104 205/220/104 187/201/104
f 206/241/115 208/223/115 190/204/115
f 191/207/114 209/226/114 211/246/114
f 194/210/109 212/229/109 214/249/109
f 215/232/121 233/251/121 217/253/121
f 218/255/120 220/236/120 202/217/120
f 221/258/104 223/239/104 205/220/104
f 224/261/119 226/242/119 208/223/119
f 209/226/118 227/245/118 229/267/118
f 212/229/109 230/248/109 232/270/109
f 251/290/125 235/252/125 217/253/125
f 218/255/124 236/254/124 238/275/124
f 221/258/104 239/257/104 241/278/104
f 224/261/123 242/260/123 244/281/123
f 245/284/122 247/266/122 229/267/122
f 248/287/109 250/269/109 232/270/109
f 269/309/129 253/272/129 235/252/129
f 236/254/128 254/274/128 256/294/128
f 239/257/104 257/277/104 259/297/104
f 242/260/127 260/280/127 262/300/127
f 263/303/126 265/285/126 247/266/126
f 266/306/109 268/288/109 250/269/109
f 287/316/133 271/291/133 253/272/133
f 254/274/132 272/293/132 274/311/132
f 257/277/104 275/296/104 277/312/104
f 260/280/131 278/299/131 280/314/131
f 281/313/130 283/304/130 265/285/130
f 284/315/109 286/307/109 268/288/109
f 290/323/715 307/353/715 309/324/715
f 309/324/135 308/355/135 289/325/135
f 310/326/136 312/357/136 294/327/136
f 294/327/137 312/357/137 311/329/137
f 296/331/138 313/359/138 315/332/138
f 297/333/139 315/332/139 314/334/139
f 299/336/140 316/362/140 318/337/140
f 300/339/141 318/363/141 317/340/141
f 319/342/142 321/345/142 303/343/142
f 321/345/143 320/366/143 301/346/143
f 322/347/144 324/350/144 306/348/144
f 324/350/145 323/369/145 304/351/145
f 325/352/146 327/371/146 309/324/146
f 309/324/147 327/371/147 326/354/147
f 310/326/242 328/374/242 330/356/242
f 330/356/149 329/376/149 311/329/149
f 331/358/150 333/378/150 315/332/150
f 315/332/151 333/378/151 332/360/151
f 334/361/152 336/381/152 318/337/152
f 318/363/153 336/383/153 335/364/153
f 319/342/154 337/385/154 339/365/154
f 339/365/155 338/387/155 320/366/155
f 340/367/156 342/368/156 324/350/156
f 342/368/157 341/389/157 323/369/157
f 343/370/158 345/391/158 327/371/158
f 327/371/159 345/391/159 344/372/159
f 346/373/160 348/375/160 330/356/160
f 348/375/161 347/394/161 329/376/161
f 349/377/162 351/396/162 333/378/162
f 333/378/163 351/396/163 350/379/163
f 334/361/716 352/398/716 354/380/716
f 354/382/244 353/401/244 335/364/244
f 355/384/166 357/386/166 339/365/166
f 357/386/167 356/403/167 338/387/167
f 340/367/168 358/404/168 360/388/168
f 360/388/169 359/406/169 341/389/169
f 343/370/170 361/408/170 363/390/170
f 363/390/171 362/410/171 344/372/171
f 346/373/172 364/412/172 366/392/172
f 348/375/173 366/392/173 365/393/173
f 367/395/174 369/397/174 351/396/174
f 369/397/175 368/416/175 350/379/175
f 352/398/176 370/418/176 372/399/176
f 372/400/177 371/420/177 353/401/177
f 355/384/178 373/422/178 375/402/178
f 375/402/179 374/424/179 356/403/179
f 358/404/180 376/426/180 378/405/180
f 378/405/181 377/428/181 359/406/181
f 379/407/182 381/430/182 363/390/182
f 363/390/183 381/430/183 380/409/183
f 382/411/184 384/413/184 366/392/184
f 384/413/185 383/434/185 365/393/185
f 385/414/186 387/415/186 369/397/186
f 387/415/187 386/437/187 368/416/187
f 388/417/188 390/439/188 372/399/188
f 390/419/189 389/441/189 371/420/189
f 391/421/190 393/443/190 375/402/190
f 375/402/191 393/443/191 392/423/191
f 394/425/192 396/427/192 378/405/192
f 396/427/193 395/446/193 377/428/193
f 397/429/194 399/448/194 381/430/194
f 381/430/195 399/448/195 398/431/195
f 400/432/196 402/433/196 384/413/196
f 402/433/197 401/452/197 383/434/197
f 403/435/198 405/436/198 387/415/198
f 405/436/199 404/454/199 386/437/199
f 388/417/200 406/455/200 408/438/200
f 408/440/201 407/458/201 389/441/201
f 391/421/202 409/460/202 411/442/202
f 393/443/203 411/442/203 410/444/203
f 394/425/204 412/462/204 414/445/204
f 414/445/205 413/464/205 395/446/205
f 415/447/206 417/449/206 399/448/206
f 417/449/207 416/467/207 398/431/207
f 418/450/208 420/469/208 402/433/208
f 402/433/209 420/469/209 419/451/209
f 403/435/210 421/471/210 423/453/210
f 423/453/211 422/473/211 404/454/211
f 406/455/247 424/474/247 426/456/247
f 426/457/246 425/477/246 407/458/246
f 427/459/214 429/461/214 411/442/214
f 429/461/215 428/479/215 410/444/215
f 412/462/216 430/480/216 432/463/216
f 432/463/217 431/483/217 413/464/217
f 433/465/218 435/485/218 417/449/218
f 417/449/219 435/485/219 434/466/219
f 436/468/717 438/470/717 420/469/717
f 438/470/221 437/489/221 419/451/221
f 421/471/222 439/491/222 441/472/222
f 441/472/248 440/492/248 422/473/248
f 424/474/224 442/494/224 444/475/224
f 426/457/225 444/495/225 443/476/225
f 427/459/250 445/497/250 447/478/250
f 447/478/227 446/499/227 428/479/227
f 430/480/228 448/500/228 450/481/228
f 432/463/249 450/481/249 449/482/249
f 433/465/251 451/1132/251 453/484/251
f 435/485/252 453/484/252 452/486/252
f 454/487/232 456/1133/232 438/470/232
f 438/470/233 456/1133/233 455/488/233
f 457/490/234 459/153/234 441/472/234
f 459/153/235 458/1134/235 440/492/235
f 460/493/236 462/156/236 444/475/236
f 444/495/237 462/157/237 461/496/237
f 445/497/238 463/1135/238 465/498/238
f 465/498/239 464/674/239 446/499/239
f 448/500/240 466/1136/240 468/501/240
f 450/481/241 468/501/241 467/502/241
f 469/503/141 471/534/141 453/504/141
f 453/504/718 471/534/718 470/506/718
f 472/508/139 474/537/139 456/509/139
f 456/509/138 474/537/138 473/511/138
f 457/513/137 475/539/137 477/514/137
f 459/515/136 477/514/136 476/516/136
f 478/518/135 480/542/135 462/519/135
f 480/521/134 479/544/134 461/522/134
f 481/524/145 483/527/145 465/525/145
f 483/527/144 482/547/144 464/528/144
f 466/529/143 484/549/143 486/530/143
f 486/530/142 485/551/142 467/532/142
f 487/533/153 489/553/153 471/534/153
f 471/534/152 489/553/152 488/535/152
f 472/508/719 490/556/719 492/536/719
f 474/537/150 492/536/150 491/538/150
f 475/539/149 493/559/149 495/540/149
f 495/540/242 494/561/242 476/516/242
f 496/541/147 498/563/147 480/542/147
f 498/543/146 497/565/146 479/544/146
f 481/524/157 499/566/157 501/545/157
f 483/527/156 501/545/156 500/546/156
f 502/548/155 504/550/155 486/530/155
f 504/550/720 503/571/720 485/551/720
f 505/552/244 507/573/244 489/553/244
f 489/553/164 507/573/164 506/554/164
f 508/555/163 510/576/163 492/536/163
f 492/536/162 510/576/162 509/557/162
f 511/558/161 513/560/161 495/540/161
f 513/560/160 512/580/160 494/561/160
f 514/562/159 516/582/159 498/563/159
f 516/564/158 515/584/158 497/565/158
f 499/566/169 517/585/169 519/567/169
f 501/545/168 519/567/168 518/568/168
f 520/569/167 522/588/167 504/550/167
f 504/550/166 522/588/166 521/570/166
f 523/572/177 525/590/177 507/573/177
f 507/573/176 525/590/176 524/574/176
f 526/575/175 528/593/175 510/576/175
f 510/576/174 528/593/174 527/577/174
f 511/558/173 529/596/173 531/578/173
f 513/560/172 531/578/172 530/579/172
f 532/581/171 534/599/171 516/582/171
f 534/583/170 533/601/170 515/584/170
f 517/585/181 535/603/181 537/586/181
f 537/586/180 536/605/180 518/568/180
f 520/569/179 538/606/179 540/587/179
f 540/587/178 539/608/178 521/570/178
f 541/589/189 543/591/189 525/590/189
f 543/591/188 542/611/188 524/574/188
f 544/592/187 546/594/187 528/593/187
f 546/594/186 545/613/186 527/577/186
f 547/595/185 549/615/185 531/578/185
f 531/578/184 549/615/184 548/597/184
f 550/598/183 552/618/183 534/599/183
f 552/600/182 551/620/182 533/601/182
f 553/602/193 555/604/193 537/586/193
f 555/604/192 554/623/192 536/605/192
f 538/606/191 556/624/191 558/607/191
f 558/607/190 557/626/190 539/608/190
f 559/609/201 561/628/201 543/591/201
f 543/591/200 561/628/200 560/610/200
f 544/592/199 562/630/199 564/612/199
f 564/612/198 563/632/198 545/613/198
f 565/614/197 567/616/197 549/615/197
f 567/616/196 566/635/196 548/597/196
f 550/598/195 568/636/195 570/617/195
f 570/619/194 569/639/194 551/620/194
f 571/621/205 573/641/205 555/604/205
f 555/604/204 573/641/204 572/622/204
f 556/624/203 574/644/203 576/625/203
f 576/625/202 575/646/202 557/626/202
f 577/627/246 579/648/246 561/628/246
f 561/628/247 579/648/247 578/629/247
f 562/630/211 580/651/211 582/631/211
f 582/631/210 581/653/210 563/632/210
f 583/633/209 585/655/209 567/616/209
f 567/616/208 585/655/208 584/634/208
f 568/636/721 586/658/721 588/637/721
f 588/638/722 587/660/722 569/639/722
f 589/640/217 591/662/217 573/641/217
f 573/641/216 591/662/216 590/642/216
f 592/643/215 594/645/215 576/625/215
f 594/645/214 593/665/214 575/646/214
f 577/627/225 595/671/225 597/647/225
f 579/648/224 597/647/224 596/649/224
f 598/650/223 600/652/223 582/631/223
f 600/652/222 599/666/222 581/653/222
f 583/633/221 601/672/221 603/654/221
f 585/655/220 603/654/220 602/656/220
f 604/657/219 606/668/219 588/637/219
f 588/638/218 606/667/218 605/659/218
f 589/640/249 607/669/249 609/661/249
f 591/662/228 609/661/228 608/663/228
f 592/643/227 610/673/227 612/664/227
f 612/664/250 611/670/250 593/665/250
f 596/649/236 597/647/236 291/3/236
f 597/647/723 595/671/723 290/323/723
f 599/666/234 600/652/234 294/327/234
f 294/327/235 600/652/235 598/650/235
f 602/656/232 603/654/232 297/333/232
f 603/654/233 601/672/233 296/331/233
f 298/341/251 605/659/251 606/667/251
f 606/668/252 604/657/252 299/336/252
f 608/663/240 609/661/240 303/343/240
f 303/343/241 609/661/241 607/669/241
f 611/670/238 612/664/238 306/348/238
f 612/664/239 610/673/239 305/349/239
f 596/649/253 289/325/253 293/328/253
f 308/355/254 310/326/254 293/328/254
f 304/351/255 323/369/255 307/353/255
f 611/670/256 304/351/256 290/323/256
f 311/329/257 313/359/257 296/331/257
f 292/330/257 296/331/257 601/672/257
f 314/334/258 316/362/258 299/336/258
f 602/656/259 295/335/259 299/336/259
f 298/341/260 317/340/260 319/342/260
f 298/341/261 302/344/261 607/669/261
f 320/366/262 322/347/262 305/349/262
f 301/346/262 305/349/262 610/673/262
f 323/369/263 341/389/263 325/352/263
f 326/354/264 328/374/264 310/326/264
f 329/376/257 331/358/257 313/359/257
f 332/360/265 334/361/265 316/362/265
f 335/364/266 337/385/266 319/342/266
f 338/387/262 340/367/262 322/347/262
f 341/389/267 359/406/267 343/370/267
f 344/372/268 346/373/268 328/374/268
f 329/376/257 347/394/257 349/377/257
f 350/379/269 352/398/269 334/361/269
f 335/364/270 353/401/270 355/384/270
f 356/403/262 358/404/262 340/367/262
f 377/428/271 361/408/271 343/370/271
f 362/410/272 364/412/272 346/373/272
f 365/393/257 367/395/257 349/377/257
f 368/416/273 370/418/273 352/398/273
f 353/401/274 371/420/274 373/422/274
f 356/403/262 374/424/262 376/426/262
f 395/446/275 379/407/275 361/408/275
f 362/410/276 380/409/276 382/411/276
f 383/434/257 385/414/257 367/395/257
f 386/437/277 388/417/277 370/418/277
f 371/420/278 389/441/278 391/421/278
f 392/423/262 394/425/262 376/426/262
f 395/446/279 413/464/279 397/429/279
f 398/431/280 400/432/280 382/411/280
f 401/452/257 403/435/257 385/414/257
f 404/454/281 406/455/281 388/417/281
f 389/441/282 407/458/282 409/460/282
f 392/423/262 410/444/262 412/462/262
f 413/464/283 431/483/283 415/447/283
f 416/467/284 418/450/284 400/432/284
f 401/452/257 419/451/257 421/471/257
f 422/473/285 424/474/285 406/455/285
f 407/458/286 425/477/286 427/459/286
f 428/479/262 430/480/262 412/462/262
f 449/482/287 433/465/287 415/447/287
f 416/467/288 434/466/288 436/468/288
f 419/451/257 437/489/257 439/491/257
f 440/492/289 442/494/289 424/474/289
f 425/477/290 443/476/290 445/497/290
f 446/499/262 448/500/262 430/480/262
f 467/502/261 451/1132/261 433/465/261
f 452/486/259 454/487/259 436/468/259
f 455/488/257 457/490/257 439/491/257
f 440/492/253 458/1134/253 460/493/253
f 461/496/256 463/1135/256 445/497/256
f 464/674/262 466/1136/262 448/500/262
f 467/532/260 485/551/260 469/503/260
f 452/507/258 470/506/258 472/508/258
f 473/511/257 475/539/257 457/513/257
f 458/517/254 476/516/254 478/518/254
f 461/522/255 479/544/255 481/524/255
f 482/547/262 484/549/262 466/529/262
f 485/551/266 503/571/266 487/533/266
f 488/535/265 490/556/265 472/508/265
f 491/538/257 493/559/257 475/539/257
f 476/516/264 494/561/264 496/541/264
f 497/565/263 499/566/263 481/524/263
f 500/546/262 502/548/262 484/549/262
f 503/571/270 521/570/270 505/552/270
f 506/554/269 508/555/269 490/556/269
f 491/538/257 509/557/257 511/558/257
f 494/561/268 512/580/268 514/562/268
f 515/584/267 517/585/267 499/566/267
f 500/546/262 518/568/262 520/569/262
f 539/608/274 523/572/274 505/552/274
f 524/574/273 526/575/273 508/555/273
f 527/577/257 529/596/257 511/558/257
f 530/579/272 532/581/272 514/562/272
f 533/601/271 535/603/271 517/585/271
f 536/605/262 538/606/262 520/569/262
f 539/608/278 557/626/278 541/589/278
f 542/611/277 544/592/277 526/575/277
f 527/577/257 545/613/257 547/595/257
f 548/597/276 550/598/276 532/581/276
f 533/601/275 551/620/275 553/602/275
f 554/623/262 556/624/262 538/606/262
f 557/626/282 575/646/282 559/609/282
f 560/610/281 562/630/281 544/592/281
f 563/632/257 565/614/257 547/595/257
f 566/635/280 568/636/280 550/598/280
f 551/620/279 569/639/279 571/621/279
f 572/622/262 574/644/262 556/624/262
f 575/646/286 593/665/286 577/627/286
f 578/629/285 580/651/285 562/630/285
f 563/632/257 581/653/257 583/633/257
f 584/634/284 586/658/284 568/636/284
f 587/660/283 589/640/283 571/621/283
f 590/642/262 592/643/262 574/644/262
f 593/665/290 611/670/290 595/671/290
f 578/629/289 596/649/289 598/650/289
f 599/666/257 601/672/257 583/633/257
f 602/656/288 604/657/288 586/658/288
f 605/659/287 607/669/287 589/640/287
f 608/663/262 610/673/262 592/643/262
usemtl darkhide
f 613/675/291 619/676/291 623/677/291
f 614/678/292 619/679/292 618/680/292
f 615/681/293 619/682/293 620/683/293
f 616/684/294 619/685/294 621/686/294
f 617/687/295 619/688/295 622/689/295
f 624/690/296 630/691/296 634/692/296
f 625/693/297 630/691/297 629/694/297
f 626/695/298 630/691/298 631/696/298
f 627/697/299 630/691/299 632/698/299
f 628/699/300 630/691/300 633/700/300
f 635/701/301 641/702/301 645/703/301
f 636/704/302 641/705/302 640/706/302
f 637/707/303 641/705/303 642/708/303
f 638/709/304 641/705/304 643/710/304
f 639/711/305 641/702/305 644/712/305
f 646/713/306 652/714/306 656/715/306
f 647/716/307 652/714/307 651/717/307
f 648/718/308 652/714/308 653/719/308
f 649/720/309 652/714/309 654/721/309
f 650/722/310 652/714/310 655/723/310
f 657/724/311 663/725/311 667/726/311
f 658/727/312 663/725/312 662/728/312
f 659/729/313 663/725/313 664/730/313
f 660/731/314 663/725/314 665/732/314
f 661/733/315 663/725/315 666/734/315
f 668/735/316 674/736/316 678/737/316
f 669/738/317 674/736/317 673/739/317
f 670/740/318 674/736/318 675/741/318
f 671/742/319 674/736/319 676/743/319
f 672/744/320 674/736/320 677/745/320
f 679/746/321 685/747/321 689/748/321
f 680/749/322 685/747/322 684/750/322
f 681/751/323 685/747/323 686/752/323
f 682/753/324 685/747/324 687/754/324
f 683/755/325 685/747/325 688/756/325
f 690/757/326 696/758/326 700/759/326
f 691/760/327 696/758/327 695/761/327
f 692/762/328 696/763/328 697/764/328
f 693/765/329 696/763/329 698/766/329
f 694/767/330 696/758/330 699/768/330
f 701/769/331 707/770/331 711/771/331
f 702/772/332 707/770/332 706/773/332
f 703/774/333 707/770/333 708/775/333
f 704/776/334 707/770/334 709/777/334
f 705/778/335 707/770/335 710/779/335
f 712/780/336 718/781/336 722/782/336
f 713/783/337 718/781/337 717/784/337
f 714/785/338 718/781/338 719/786/338
f 715/787/339 718/781/339 720/788/339
f 716/789/340 718/781/340 721/790/340
f 723/791/341 729/792/341 733/793/341
f 724/794/342 729/792/342 728/795/342
f 725/796/343 729/792/343 730/797/343
f 726/798/344 729/792/344 731/799/344
f 727/800/345 729/792/345 732/801/345
f 734/802/346 740/803/346 744/804/346
f 735/805/347 740/806/347 739/807/347
f 736/808/348 740/809/348 741/810/348
f 737/811/349 740/812/349 742/813/349
f 738/814/350 740/815/350 743/816/350
f 613/675/351 640/817/351 635/701/351
f 623/818/352 636/704/352 640/706/352
f 616/684/353 634/692/353 622/819/353
f 622/689/354 628/699/354 617/687/354
f 627/697/355 642/708/355 633/700/355
f 633/700/356 636/704/356 628/699/356
f 625/693/357 673/739/357 668/735/357
f 629/694/358 669/738/358 673/739/358
f 670/740/359 621/820/359 615/681/359
f 675/741/360 616/684/360 621/686/360
f 614/678/361 651/717/361 646/713/361
f 651/717/362 613/675/362 647/716/362
f 639/711/363 653/719/363 645/703/363
f 645/703/364 647/716/364 635/701/364
f 615/681/365 662/728/365 657/724/365
f 620/821/366 658/727/366 662/728/366
f 659/729/367 656/715/367 650/722/367
f 664/730/368 646/713/368 656/715/368
f 671/742/369 667/726/369 661/733/369
f 676/743/370 657/724/370 667/726/370
f 626/695/371 728/795/371 723/791/371
f 631/696/372 724/794/372 728/795/372
f 672/744/373 730/797/373 678/737/373
f 678/737/374 724/794/374 668/735/374
f 638/709/375 684/750/375 679/746/375
f 643/710/376 680/749/376 684/750/376
f 626/695/377 686/752/377 632/698/377
f 632/698/378 680/749/378 627/697/378
f 649/720/379 695/761/379 690/757/379
f 654/721/380 691/760/380 695/761/380
f 638/709/381 697/764/381 644/822/381
f 644/712/382 691/760/382 639/711/382
f 660/731/383 706/773/383 701/769/383
f 665/732/384 702/772/384 706/773/384
f 649/720/385 708/775/385 655/723/385
f 655/723/386 702/772/386 650/722/386
f 672/744/387 717/784/387 712/780/387
f 677/745/388 713/783/388 717/784/388
f 660/731/389 719/786/389 666/734/389
f 666/734/390 713/783/390 661/733/390
f 727/800/391 687/754/391 733/793/391
f 733/793/392 681/751/392 723/791/392
f 683/755/393 698/766/393 689/748/393
f 689/748/394 692/762/394 679/746/394
f 694/767/395 709/777/395 700/759/395
f 700/759/396 703/774/396 690/757/396
f 715/787/397 711/771/397 705/778/397
f 720/788/398 701/769/398 711/771/398
f 726/798/399 722/782/399 716/789/399
f 731/799/400 712/780/400 722/782/400
f 734/802/401 688/756/401 739/823/401
f 739/807/402 682/753/402 735/805/402
f 736/808/403 732/801/403 726/798/403
f 741/824/404 727/800/404 732/801/404
f 738/814/405 699/768/405 744/825/405
f 744/804/406 693/765/406 734/802/406
f 705/778/407 743/826/407 737/811/407
f 710/779/408 738/814/408 743/816/408
f 716/789/409 742/827/409 736/808/409
f 721/790/410 737/811/410 742/813/410
f 613/675/411 635/701/411 647/716/411
f 617/687/412 628/699/412 636/704/412
f 624/690/413 616/684/413 669/738/413
f 614/678/414 646/713/414 658/727/414
f 615/681/415 657/724/415 670/740/415
f 625/693/416 668/735/416 724/794/416
f 626/695/417 723/791/417 681/751/417
f 637/707/418 627/697/418 680/749/418
f 638/709/419 679/746/419 692/762/419
f 648/718/420 639/711/420 691/760/420
f 649/720/421 690/757/421 703/774/421
f 659/729/422 650/722/422 702/772/422
f 660/731/423 701/769/423 714/785/423
f 671/742/424 661/733/424 713/783/424
f 672/744/425 712/780/425 725/796/425
f 693/765/426 683/755/426 734/802/426
f 682/753/427 727/800/427 735/805/427
f 704/776/428 694/767/428 738/814/428
f 715/787/429 705/778/429 737/811/429
f 726/798/430 716/789/430 736/808/430
f 745/675/431 751/676/431 755/677/431
f 746/828/432 751/679/432 750/680/432
f 747/681/433 751/682/433 752/683/433
f 748/684/434 751/685/434 753/686/434
f 749/687/435 751/688/435 754/689/435
f 756/690/436 762/829/436 766/692/436
f 757/693/437 762/829/437 761/694/437
f 758/695/438 762/829/438 763/696/438
f 759/830/439 762/829/439 764/698/439
f 760/831/440 762/829/440 765/700/440
f 767/701/441 773/702/441 777/703/441
f 768/704/442 773/705/442 772/706/442
f 769/707/443 773/705/443 774/708/443
f 770/709/444 773/705/444 775/710/444
f 771/711/445 773/702/445 776/712/445
f 778/713/446 784/832/446 788/715/446
f 779/833/447 784/832/447 783/717/447
f 780/718/448 784/832/448 785/719/448
f 781/834/449 784/832/449 786/835/449
f 782/722/450 784/832/450 787/723/450
f 789/724/451 795/836/451 799/726/451
f 790/727/452 795/836/452 794/728/452
f 791/729/453 795/836/453 796/837/453
f 792/838/454 795/836/454 797/732/454
f 793/733/455 795/836/455 798/734/455
f 800/735/456 806/839/456 810/737/456
f 801/738/457 806/839/457 805/739/457
f 802/740/458 806/839/458 807/741/458
f 803/742/459 806/839/459 808/840/459
f 804/744/460 806/839/460 809/745/460
f 811/746/461 817/747/461 821/748/461
f 812/749/462 817/747/462 816/750/462
f 813/751/463 817/747/463 818/752/463
f 814/753/464 817/747/464 819/754/464
f 815/755/465 817/747/465 820/756/465
f 822/757/466 828/841/466 832/842/466
f 823/843/467 828/841/467 827/761/467
f 824/762/468 828/763/468 829/764/468
f 825/765/469 828/763/469 830/766/469
f 826/844/470 828/841/470 831/768/470
f 833/769/471 839/770/471 843/771/471
f 834/772/472 839/770/472 838/773/472
f 835/774/473 839/770/473 840/775/473
f 836/776/474 839/770/474 841/777/474
f 837/778/475 839/770/475 842/779/475
f 844/780/476 850/781/476 854/782/476
f 845/783/477 850/781/477 849/784/477
f 846/785/478 850/781/478 851/786/478
f 847/787/479 850/781/479 852/845/479
f 848/846/480 850/781/480 853/790/480
f 855/791/481 861/847/481 865/793/481
f 856/794/482 861/847/482 860/795/482
f 857/796/483 861/847/483 862/848/483
f 858/798/484 861/847/484 863/799/484
f 859/849/485 861/847/485 864/801/485
f 866/802/486 872/803/486 876/804/486
f 867/805/487 872/806/487 871/807/487
f 868/808/488 872/809/488 873/810/488
f 869/811/489 872/812/489 874/813/489
f 870/814/490 872/815/490 875/816/490
f 745/675/491 772/817/491 767/701/491
f 755/818/492 768/704/492 772/706/492
f 748/684/493 766/692/493 754/819/493
f 754/689/494 760/831/494 749/687/494
f 759/830/495 774/708/495 765/700/495
f 765/700/496 768/704/496 760/831/496
f 800/735/497 761/694/497 805/739/497
f 761/694/498 801/738/498 805/739/498
f 802/740/499 753/820/499 747/681/499
f 807/741/500 748/684/500 753/686/500
f 778/713/501 750/680/501 783/717/501
f 750/850/502 779/833/502 783/717/502
f 771/711/503 785/719/503 777/703/503
f 777/703/504 779/833/504 767/701/504
f 747/681/505 794/728/505 789/724/505
f 752/821/506 790/727/506 794/728/506
f 791/729/507 788/715/507 782/722/507
f 796/837/508 778/713/508 788/715/508
f 803/742/509 799/726/509 793/733/509
f 808/840/510 789/724/510 799/726/510
f 758/695/511 860/795/511 855/791/511
f 763/696/512 856/794/512 860/795/512
f 804/744/513 862/848/513 810/737/513
f 810/737/514 856/794/514 800/735/514
f 770/709/515 816/750/515 811/746/515
f 775/710/516 812/749/516 816/750/516
f 758/695/517 818/752/517 764/698/517
f 764/698/518 812/749/518 759/830/518
f 781/834/519 827/761/519 822/757/519
f 786/835/520 823/843/520 827/761/520
f 770/709/521 829/764/521 776/822/521
f 776/712/522 823/843/522 771/711/522
f 792/838/523 838/773/523 833/769/523
f 797/732/524 834/772/524 838/773/524
f 781/834/525 840/775/525 787/723/525
f 787/723/526 834/772/526 782/722/526
f 804/744/527 849/784/527 844/780/527
f 809/745/528 845/783/528 849/784/528
f 792/838/529 851/786/529 798/734/529
f 798/734/530 845/783/530 793/733/530
f 859/849/531 819/754/531 865/793/531
f 865/793/532 813/751/532 855/791/532
f 815/755/533 830/766/533 821/748/533
f 821/748/534 824/762/534 811/746/534
f 836/776/535 832/842/535 826/844/535
f 832/842/536 835/774/536 822/757/536
f 847/787/537 843/771/537 837/778/537
f 852/845/538 833/769/538 843/771/538
f 858/798/539 854/782/539 848/846/539
f 863/799/540 844/780/540 854/782/540
f 866/802/541 820/756/541 871/823/541
f 820/756/542 867/805/542 871/807/542
f 868/808/543 864/801/543 858/798/543
f 864/801/544 867/805/544 859/849/544
f 870/814/545 831/768/545 876/825/545
f 876/804/546 825/765/546 866/802/546
f 837/778/547 875/826/547 869/811/547
f 842/779/548 870/814/548 875/816/548
f 848/846/549 874/827/549 868/808/549
f 853/790/550 869/811/550 874/813/550
f 745/675/551 767/701/551 779/833/551
f 749/687/552 760/831/552 768/704/552
f 756/690/553 748/684/553 801/738/553
f 746/828/554 778/713/554 790/727/554
f 747/681/555 789/724/555 802/740/555
f 757/693/556 800/735/556 856/794/556
f 758/695/557 855/791/557 813/751/557
f 769/707/558 759/830/558 812/749/558
f 770/709/559 811/746/559 824/762/559
f 780/718/560 771/711/560 823/843/560
f 781/834/561 822/757/561 835/774/561
f 791/729/562 782/722/562 834/772/562
f 792/838/563 833/769/563 846/785/563
f 803/742/564 793/733/564 845/783/564
f 804/744/565 844/780/565 857/796/565
f 825/765/566 815/755/566 866/802/566
f 814/753/567 859/849/567 867/805/567
f 836/776/568 826/844/568 870/814/568
f 847/787/569 837/778/569 869/811/569
f 858/798/570 848/846/570 868/808/570
f 613/675/724 618/850/724 619/676/724
f 614/678/725 620/821/725 619/679/725
f 615/681/726 621/820/726 619/682/726
f 616/684/727 622/819/727 619/685/727
f 617/687/728 623/818/728 619/688/728
f 624/690/729 629/694/729 630/691/729
f 625/693/730 631/696/730 630/691/730
f 626/695/731 632/698/731 630/691/731
f 627/697/732 633/700/732 630/691/732
f 628/699/733 634/692/733 630/691/733
f 635/701/734 640/817/734 641/702/734
f 636/704/735 642/708/735 641/705/735
f 637/707/736 643/710/736 641/705/736
f 638/709/737 644/822/737 641/705/737
f 639/711/738 645/703/738 641/702/738
f 646/713/739 651/717/739 652/714/739
f 647/716/740 653/719/740 652/714/740
f 648/718/741 654/721/741 652/714/741
f 649/720/742 655/723/742 652/714/742
f 650/722/743 656/715/743 652/714/743
f 657/724/744 662/728/744 663/725/744
f 658/727/745 664/730/745 663/725/745
f 659/729/746 665/732/746 663/725/746
f 660/731/747 666/734/747 663/725/747
f 661/733/748 667/726/748 663/725/748
f 668/735/749 673/739/749 674/736/749
f 669/738/750 675/741/750 674/736/750
f 670/740/751 676/743/751 674/736/751
f 671/742/752 677/745/752 674/736/752
f 672/744/753 678/737/753 674/736/753
f 679/746/754 684/750/754 685/747/754
f 680/749/755 686/752/755 685/747/755
f 681/751/756 687/754/756 685/747/756
f 682/753/757 688/756/757 685/747/757
f 683/755/758 689/748/758 685/747/758
f 690/757/759 695/761/759 696/758/759
f 691/760/760 697/1137/760 696/758/760
f 692/762/761 698/766/761 696/763/761
f 693/765/762 699/1138/762 696/763/762
f 694/767/763 700/759/763 696/758/763
f 701/769/764 706/773/764 707/770/764
f 702/772/765 708/775/765 707/770/765
f 703/774/766 709/777/766 707/770/766
f 704/776/767 710/779/767 707/770/767
f 705/778/768 711/771/768 707/770/768
f 712/780/769 717/784/769 718/781/769
f 713/783/770 719/786/770 718/781/770
f 714/785/771 720/788/771 718/781/771
f 715/787/772 721/790/772 718/781/772
f 716/789/773 722/782/773 718/781/773
f 723/791/774 728/795/774 729/792/774
f 724/794/775 730/797/775 729/792/775
f 725/796/776 731/799/776 729/792/776
f 726/798/777 732/801/777 729/792/777
f 727/800/778 733/793/778 729/792/778
f 734/802/779 739/823/779 740/803/779
f 735/805/780 741/824/780 740/806/780
f 736/808/781 742/827/781 740/809/781
f 737/811/782 743/826/782 740/812/782
f 738/814/783 744/825/783 740/815/783
f 613/675/351 623/677/351 640/817/351
f 623/818/352 617/687/352 636/704/352
f 616/684/353 624/690/353 634/692/353
f 622/689/354 634/692/354 628/699/354
f 627/697/355 637/707/355 642/708/355
f 633/700/356 642/708/356 636/704/356
f 625/693/784 629/694/784 673/739/784
f 629/694/358 624/690/358 669/738/358
f 670/740/359 675/741/359 621/820/359
f 675/741/360 669/738/360 616/684/360
f 614/678/361 618/680/361 651/717/361
f 651/717/362 618/850/362 613/675/362
f 639/711/363 648/718/363 653/719/363
f 645/703/364 653/719/364 647/716/364
f 615/681/365 620/683/365 662/728/365
f 620/821/785 614/678/785 658/727/785
f 659/729/367 664/730/367 656/715/367
f 664/730/368 658/727/368 646/713/368
f 671/742/369 676/743/369 667/726/369
f 676/743/370 670/740/370 657/724/370
f 626/695/371 631/696/371 728/795/371
f 631/696/372 625/693/372 724/794/372
f 672/744/373 725/796/373 730/797/373
f 678/737/374 730/797/374 724/794/374
f 638/709/375 643/710/375 684/750/375
f 643/710/376 637/707/376 680/749/376
f 626/695/377 681/751/377 686/752/377
f 632/698/378 686/752/378 680/749/378
f 649/720/379 654/721/379 695/761/379
f 654/721/380 648/718/380 691/760/380
f 638/709/381 692/762/381 697/764/381
f 644/712/382 697/1137/382 691/760/382
f 660/731/383 665/732/383 706/773/383
f 665/732/384 659/729/384 702/772/384
f 649/720/385 703/774/385 708/775/385
f 655/723/386 708/775/386 702/772/386
f 672/744/387 677/745/387 717/784/387
f 677/745/388 671/742/388 713/783/388
f 660/731/389 714/785/389 719/786/389
f 666/734/390 719/786/390 713/783/390
f 727/800/391 682/753/391 687/754/391
f 733/793/392 687/754/392 681/751/392
f 683/755/393 693/765/393 698/766/393
f 689/748/394 698/766/394 692/762/394
f 694/767/395 704/776/395 709/777/395
f 700/759/396 709/777/396 703/774/396
f 715/787/397 720/788/397 711/771/397
f 720/788/398 714/785/398 701/769/398
f 726/798/399 731/799/399 722/782/399
f 731/799/400 725/796/400 712/780/400
f 734/802/401 683/755/401 688/756/401
f 739/807/402 688/756/402 682/753/402
f 736/808/403 741/810/403 732/801/403
f 741/824/404 735/805/404 727/800/404
f 738/814/405 694/767/405 699/768/405
f 744/804/406 699/1138/406 693/765/406
f 705/778/407 710/779/407 743/826/407
f 710/779/408 704/776/408 738/814/408
f 716/789/409 721/790/409 742/827/409
f 721/790/410 715/787/410 737/811/410
f 745/675/786 750/850/786 751/676/786
f 746/828/787 752/821/787 751/679/787
f 747/681/788 753/820/788 751/682/788
f 748/684/789 754/819/789 751/685/789
f 749/687/790 755/818/790 751/688/790
f 756/690/791 761/694/791 762/829/791
f 757/693/792 763/696/792 762/829/792
f 758/695/793 764/698/793 762/829/793
f 759/830/794 765/700/794 762/829/794
f 760/831/795 766/692/795 762/829/795
f 767/701/796 772/817/796 773/702/796
f 768/704/797 774/708/797 773/705/797
f 769/707/798 775/710/798 773/705/798
f 770/709/799 776/822/799 773/705/799
f 771/711/800 777/703/800 773/702/800
f 778/713/801 783/717/801 784/832/801
f 779/833/802 785/719/802 784/832/802
f 780/718/803 786/835/803 784/832/803
f 781/834/804 787/723/804 784/832/804
f 782/722/805 788/715/805 784/832/805
f 789/724/806 794/728/806 795/836/806
f 790/727/807 796/837/807 795/836/807
f 791/729/808 797/732/808 795/836/808
f 792/838/809 798/734/809 795/836/809
f 793/733/810 799/726/810 795/836/810
f 800/735/811 805/739/811 806/839/811
f 801/738/812 807/741/812 806/839/812
f 802/740/813 808/840/813 806/839/813
f 803/742/814 809/745/814 806/839/814
f 804/744/815 810/737/815 806/839/815
f 811/746/816 816/750/816 817/747/816
f 812/749/817 818/752/817 817/747/817
f 813/751/818 819/754/818 817/747/818
f 814/753/819 820/756/819 817/747/819
f 815/755/820 821/748/820 817/747/820
f 822/757/821 827/761/821 828/841/821
f 823/843/822 829/1137/822 828/841/822
f 824/762/823 830/766/823 828/763/823
f 825/765/824 831/1138/824 828/763/824
f 826/844/825 832/842/825 828/841/825
f 833/769/826 838/773/826 839/770/826
f 834/772/827 840/775/827 839/770/827
f 835/774/828 841/777/828 839/770/828
f 836/776/829 842/779/829 839/770/829
f 837/778/830 843/771/830 839/770/830
f 844/780/831 849/784/831 850/781/831
f 845/783/832 851/786/832 850/781/832
f 846/785/833 852/845/833 850/781/833
f 847/787/834 853/790/834 850/781/834
f 848/846/835 854/782/835 850/781/835
f 855/791/836 860/795/836 861/847/836
f 856/794/837 862/848/837 861/847/837
f 857/796/838 863/799/838 861/847/838
f 858/798/839 864/801/839 861/847/839
f 859/849/840 865/793/840 861/847/840
f 866/802/841 871/823/841 872/803/841
f 867/805/842 873/824/842 872/806/842
f 868/808/843 874/827/843 872/809/843
f 869/811/844 875/826/844 872/812/844
f 870/814/845 876/825/845 872/815/845
f 745/675/491 755/677/491 772/817/491
f 755/818/846 749/687/846 768/704/846
f 748/684/493 756/690/493 766/692/493
f 754/689/494 766/692/494 760/831/494
f 759/830/495 769/707/495 774/708/495
f 765/700/496 774/708/496 768/704/496
f 800/735/497 757/693/497 761/694/497
f 761/694/847 756/690/847 801/738/847
f 802/740/499 807/741/499 753/820/499
f 807/741/848 801/738/848 748/684/848
f 778/713/501 746/828/501 750/680/501
f 750/850/502 745/675/502 779/833/502
f 771/711/503 780/718/503 785/719/503
f 777/703/504 785/719/504 779/833/504
f 747/681/505 752/683/505 794/728/505
f 752/821/506 746/828/506 790/727/506
f 791/729/507 796/837/507 788/715/507
f 796/837/508 790/727/508 778/713/508
f 803/742/509 808/840/509 799/726/509
f 808/840/510 802/740/510 789/724/510
f 758/695/511 763/696/511 860/795/511
f 763/696/512 757/693/512 856/794/512
f 804/744/513 857/796/513 862/848/513
f 810/737/514 862/848/514 856/794/514
f 770/709/515 775/710/515 816/750/515
f 775/710/849 769/707/849 812/749/849
f 758/695/517 813/751/517 818/752/517
f 764/698/518 818/752/518 812/749/518
f 781/834/519 786/835/519 827/761/519
f 786/835/520 780/718/520 823/843/520
f 770/709/521 824/762/521 829/764/521
f 776/712/522 829/1137/522 823/843/522
f 792/838/523 797/732/523 838/773/523
f 797/732/524 791/729/524 834/772/524
f 781/834/525 835/774/525 840/775/525
f 787/723/526 840/775/526 834/772/526
f 804/744/527 809/745/527 849/784/527
f 809/745/528 803/742/528 845/783/528
f 792/838/850 846/785/850 851/786/850
f 798/734/530 851/786/530 845/783/530
f 859/849/531 814/753/531 819/754/531
f 865/793/532 819/754/532 813/751/532
f 815/755/533 825/765/533 830/766/533
f 821/748/534 830/766/534 824/762/534
f 836/776/851 841/777/851 832/842/851
f 832/842/536 841/777/536 835/774/536
f 847/787/537 852/845/537 843/771/537
f 852/845/538 846/785/538 833/769/538
f 858/798/539 863/799/539 854/782/539
f 863/799/540 857/796/540 844/780/540
f 866/802/541 815/755/541 820/756/541
f 820/756/542 814/753/542 867/805/542
f 868/808/543 873/810/543 864/801/543
f 864/801/544 873/824/544 867/805/544
f 870/814/545 826/844/545 831/768/545
f 876/804/546 831/1138/546 825/765/546
f 837/778/547 842/779/547 875/826/547
f 842/779/548 836/776/548 870/814/548
f 848/846/549 853/790/549 874/827/549
f 853/790/852 847/787/852 869/811/852
usemtl iron
f 895/851/571 879/3/571 878/852/571
f 879/3/572 896/853/572 877/854/572
f 881/855/573 900/856/573 882/6/573
f 900/856/574 880/857/574 882/6/574
f 884/858/575 903/859/575 885/333/575
f 903/859/576 883/860/576 885/333/576
f 904/861/577 888/16/577 887/862/577
f 888/18/578 905/863/578 886/864/578
f 890/865/579 909/866/579 891/867/579
f 891/867/580 908/868/580 889/869/580
f 910/870/581 894/28/581 893/871/581
f 912/872/582 892/873/582 894/28/582
f 913/874/583 897/875/583 895/851/583
f 897/875/584 914/876/584 896/853/584
f 916/877/585 900/856/585 898/878/585
f 918/35/586 899/879/586 900/856/586
f 919/880/587 903/859/587 901/881/587
f 921/882/588 902/883/588 903/859/588
f 922/884/589 906/41/589 904/861/589
f 906/42/590 923/885/590 905/863/590
f 907/886/591 927/887/591 909/866/591
f 927/887/592 908/868/592 909/866/592
f 928/888/593 912/872/593 910/870/593
f 930/889/594 911/890/594 912/872/594
f 931/891/595 915/892/595 913/874/595
f 915/892/596 932/893/596 914/876/596
f 916/877/597 936/894/597 918/35/597
f 936/894/598 917/895/598 918/35/598
f 937/896/599 921/882/599 919/880/599
f 921/882/600 938/897/600 920/898/600
f 922/884/601 942/899/601 924/900/601
f 924/901/602 941/902/602 923/885/602
f 925/903/603 945/64/603 927/887/603
f 945/64/604 926/904/604 927/887/604
f 928/888/605 948/905/605 930/889/605
f 930/889/606 947/906/606 929/907/606
f 949/908/607 933/909/607 931/891/607
f 951/70/608 932/893/608 933/909/608
f 952/910/609 936/894/609 934/911/609
f 954/912/610 935/913/610 936/894/610
f 955/914/611 939/915/611 937/896/611
f 939/915/612 956/916/612 938/897/612
f 940/917/613 960/918/613 942/899/613
f 960/919/614 941/902/614 942/920/614
f 943/921/615 963/922/615 945/64/615
f 963/922/616 944/923/616 945/64/616
f 946/924/617 966/925/617 948/905/617
f 966/925/618 947/906/618 948/905/618
f 949/908/619 969/109/619 951/70/619
f 951/70/620 968/926/620 950/927/620
f 970/928/621 954/912/621 952/910/621
f 972/92/622 953/929/622 954/912/622
f 973/930/623 957/76/623 955/914/623
f 957/76/624 974/931/624 956/916/624
f 958/932/625 978/933/625 960/918/625
f 978/934/626 959/935/626 960/919/626
f 979/936/627 963/922/627 961/937/627
f 981/938/628 962/939/628 963/922/628
f 964/940/629 984/941/629 966/925/629
f 984/941/630 965/942/630 966/925/630
f 985/943/631 969/109/631 967/944/631
f 969/109/632 986/945/632 968/926/632
f 988/946/633 972/92/633 970/928/633
f 990/947/634 971/948/634 972/92/634
f 973/930/635 993/115/635 975/949/635
f 993/115/636 974/931/636 975/949/636
f 976/950/637 996/118/637 978/933/637
f 996/119/638 977/951/638 978/934/638
f 997/952/639 981/938/639 979/936/639
f 999/953/640 980/954/640 981/938/640
f 982/955/641 1002/956/641 984/941/641
f 1002/956/642 983/957/642 984/941/642
f 1003/958/643 987/959/643 985/943/643
f 987/959/644 1004/960/644 986/945/644
f 988/946/645 1008/961/645 990/947/645
f 1008/961/646 989/962/646 990/947/646
f 1009/963/647 993/115/647 991/964/647
f 993/115/648 1010/965/648 992/966/648
f 994/967/649 1014/137/649 996/118/649
f 1014/138/650 995/968/650 996/119/650
f 1015/969/651 999/953/651 997/952/651
f 1017/970/652 998/971/652 999/953/652
f 1018/972/653 1002/956/653 1000/973/653
f 1002/956/654 1019/974/654 1001/975/654
f 1021/976/655 1005/977/655 1003/958/655
f 1023/978/656 1004/960/656 1005/977/656
f 1024/979/657 1008/961/657 1006/980/657
f 1008/961/658 1025/981/658 1007/982/658
f 1027/983/659 1011/984/659 1009/963/659
f 1029/985/660 1010/965/660 1011/984/660
f 1012/986/661 1032/156/661 1014/137/661
f 1032/157/662 1013/987/662 1014/138/662
f 1033/988/663 1017/970/663 1015/969/663
f 1017/970/664 1034/989/664 1016/990/664
f 1036/991/665 1020/992/665 1018/972/665
f 1020/992/666 1037/993/666 1019/974/666
f 1021/994/578 1041/995/578 1023/996/578
f 1041/995/577 1022/997/577 1023/996/577
f 1024/998/576 1044/999/576 1026/1000/576
f 1026/1000/575 1043/1001/575 1025/1002/575
f 1045/1003/574 1029/1004/574 1027/1005/574
f 1047/177/573 1028/1006/573 1029/1004/573
f 1048/1007/667 1032/180/667 1030/1008/667
f 1050/206/571 1031/1009/571 1032/182/571
f 1033/1010/582 1053/1011/582 1035/187/582
f 1035/187/581 1052/1012/581 1034/1013/581
f 1054/1014/580 1038/1015/580 1036/1016/580
f 1038/1015/579 1055/1017/579 1037/1018/579
f 1057/1019/590 1041/995/590 1039/1020/590
f 1059/196/668 1040/1021/668 1041/995/668
f 1060/1022/588 1044/999/588 1042/1023/588
f 1044/999/587 1061/1024/587 1043/1001/587
f 1063/1025/586 1047/177/586 1045/1003/586
f 1065/1026/669 1046/1027/669 1047/177/669
f 1066/1028/584 1050/205/584 1048/1007/584
f 1068/225/583 1049/1029/583 1050/206/583
f 1051/1030/594 1071/209/594 1053/1011/594
f 1071/209/593 1052/1012/593 1053/1011/593
f 1054/1014/592 1074/1031/592 1056/1032/592
f 1056/1032/591 1073/1033/591 1055/1017/591
f 1057/1019/670 1077/1034/670 1059/196/670
f 1077/1034/671 1058/1035/671 1059/196/671
f 1078/1036/600 1062/1037/600 1060/1022/600
f 1062/1037/599 1079/1038/599 1061/1024/599
f 1063/1025/598 1083/1039/598 1065/1026/598
f 1065/1026/597 1082/1040/597 1064/1041/597
f 1084/1042/596 1068/224/596 1066/1028/596
f 1086/244/595 1067/1043/595 1068/225/595
f 1087/1044/606 1071/209/606 1069/1045/606
f 1089/1046/605 1070/1047/605 1071/209/605
f 1090/1048/604 1074/1031/604 1072/1049/604
f 1092/1050/603 1073/1033/603 1074/1031/603
f 1075/1051/614 1095/1052/614 1077/1034/614
f 1095/1052/613 1076/1053/613 1077/1034/613
f 1078/1036/612 1098/1054/612 1080/1055/612
f 1098/1054/611 1079/1038/611 1080/1055/611
f 1099/1056/610 1083/1039/610 1081/1057/610
f 1083/1039/609 1100/1058/609 1082/1040/609
f 1102/1059/608 1086/243/608 1084/1042/608
f 1104/265/607 1085/1060/607 1086/244/607
f 1105/1061/618 1089/1046/618 1087/1044/618
f 1089/1046/617 1106/1062/617 1088/1063/617
f 1090/1048/616 1110/1064/616 1092/1050/616
f 1110/1064/615 1091/1065/615 1092/1050/615
f 1093/1066/626 1113/1067/626 1095/1052/626
f 1095/1052/625 1112/1068/625 1094/1069/625
f 1096/1070/624 1116/1071/624 1098/1054/624
f 1116/1071/623 1097/1072/623 1098/1054/623
f 1099/1056/622 1119/1073/622 1101/1074/622
f 1119/1073/621 1100/1058/621 1101/1074/621
f 1120/1075/620 1104/263/620 1102/1059/620
f 1122/264/619 1103/1076/619 1104/265/619
f 1123/1077/630 1107/1078/630 1105/1061/630
f 1107/1078/629 1124/1079/629 1106/1062/629
f 1108/1080/628 1128/1081/628 1110/1064/628
f 1128/1081/627 1109/1082/627 1110/1064/627
f 1111/1083/672 1131/1084/672 1113/1067/672
f 1113/1067/637 1130/1085/637 1112/1068/637
f 1114/1086/636 1134/1087/636 1116/1071/636
f 1116/1071/635 1133/1088/635 1115/1089/635
f 1135/1090/634 1119/1073/634 1117/1091/634
f 1137/1092/633 1118/1093/633 1119/1073/633
f 1138/1094/673 1122/262/673 1120/1075/673
f 1140/1095/674 1121/1096/674 1122/264/674
f 1123/1077/675 1143/1097/675 1125/1098/675
f 1125/1098/641 1142/1099/641 1124/1079/641
f 1126/1100/640 1146/1101/640 1128/1081/640
f 1128/1081/639 1145/1102/639 1127/1103/639
f 1129/1104/650 1149/1105/650 1131/1084/650
f 1149/1105/676 1130/1085/676 1131/1084/676
f 1132/1106/648 1152/1107/648 1134/1087/648
f 1152/1107/647 1133/1088/647 1134/1087/647
f 1135/1090/646 1155/1108/646 1137/1092/646
f 1155/1108/645 1136/1109/645 1137/1092/645
f 1156/1110/644 1140/1111/644 1138/1094/644
f 1140/1095/677 1157/1112/677 1139/1113/677
f 1159/1114/654 1143/1097/654 1141/1115/654
f 1161/1116/653 1142/1099/653 1143/1097/653
f 1144/1117/652 1164/308/652 1146/1101/652
f 1164/308/651 1145/1102/651 1146/1101/651
f 1148/1118/678 879/3/678 877/854/678
f 1149/1105/662 878/852/662 879/3/662
f 880/857/659 1152/1107/659 882/6/659
f 1152/1107/660 881/855/660 882/6/660
f 1154/1119/657 885/333/657 883/860/657
f 1155/1108/658 884/858/658 885/333/658
f 886/864/655 1158/1120/655 888/18/655
f 1158/1121/679 887/862/679 888/16/679
f 889/869/665 1161/1116/665 891/867/665
f 1161/1116/666 890/865/666 891/867/666
f 1163/1122/663 894/28/663 892/873/663
f 894/28/664 1162/1123/664 893/871/664
f 1148/1118/680 881/855/680 1150/1124/680
f 896/853/681 881/855/681 877/854/681
f 892/873/682 895/851/682 878/852/682
f 892/873/683 1147/1125/683 1163/1122/683
f 880/857/257 901/881/257 884/858/257
f 1151/1126/257 884/858/257 1153/1127/257
f 883/860/684 904/861/684 887/862/684
f 1154/1119/685 887/862/685 1156/1110/685
f 905/863/686 890/865/686 886/864/686
f 886/864/687 1159/1114/687 1157/1112/687
f 908/868/262 893/871/262 889/869/262
f 889/869/262 1162/1123/262 1160/1128/262
f 929/907/688 895/851/688 911/890/688
f 914/876/689 898/878/689 896/853/689
f 899/879/257 919/880/257 901/881/257
f 902/883/690 922/884/690 904/861/690
f 923/885/691 907/886/691 905/863/691
f 926/904/262 910/870/262 908/868/262
f 947/906/692 913/874/692 929/907/692
f 932/893/693 916/877/693 914/876/693
f 917/895/257 937/896/257 919/880/257
f 920/898/694 940/917/694 922/884/694
f 941/902/695 925/903/695 923/885/695
f 944/923/262 928/888/262 926/904/262
f 965/942/696 931/891/696 947/906/696
f 932/893/697 952/910/697 934/911/697
f 953/929/257 937/896/257 935/913/257
f 956/916/698 940/917/698 938/897/698
f 941/902/699 961/937/699 943/921/699
f 962/939/262 946/924/262 944/923/262
f 983/957/700 949/908/700 965/942/700
f 968/926/701 952/910/701 950/927/701
f 953/929/257 973/930/257 955/914/257
f 974/931/702 958/932/702 956/916/702
f 959/935/703 979/936/703 961/937/703
f 980/954/262 964/940/262 962/939/262
f 1001/975/704 967/944/704 983/957/704
f 968/926/705 988/946/705 970/928/705
f 989/962/257 973/930/257 971/948/257
f 992/966/706 976/950/706 974/931/706
f 977/951/707 997/952/707 979/936/707
f 980/954/262 1000/973/262 982/955/262
f 1001/975/708 1003/958/708 985/943/708
f 1004/960/709 988/946/709 986/945/709
f 1007/982/257 991/964/257 989/962/257
f 1010/965/710 994/967/710 992/966/710
f 1013/987/711 997/952/711 995/968/711
f 1016/990/262 1000/973/262 998/971/262
f 1019/974/687 1021/976/687 1003/958/687
f 1004/960/685 1024/979/685 1006/980/685
f 1007/982/257 1027/983/257 1009/963/257
f 1028/1129/680 1012/986/680 1010/965/680
f 1031/1130/683 1015/969/683 1013/987/683
f 1016/990/262 1036/991/262 1018/972/262
f 1055/1017/686 1021/994/686 1037/1018/686
f 1022/997/684 1042/1023/684 1024/998/684
f 1025/1002/257 1045/1003/257 1027/1005/257
f 1028/1006/681 1048/1007/681 1030/1008/681
f 1031/1009/682 1051/1030/682 1033/1010/682
f 1052/1012/262 1036/1016/262 1034/1013/262
f 1073/1033/691 1039/1020/691 1055/1017/691
f 1040/1021/690 1060/1022/690 1042/1023/690
f 1061/1024/257 1045/1003/257 1043/1001/257
f 1046/1027/689 1066/1028/689 1048/1007/689
f 1049/1029/688 1069/1045/688 1051/1030/688
f 1052/1012/262 1072/1049/262 1054/1014/262
f 1073/1033/695 1075/1051/695 1057/1019/695
f 1076/1053/694 1060/1022/694 1058/1035/694
f 1061/1024/257 1081/1057/257 1063/1025/257
f 1064/1041/693 1084/1042/693 1066/1028/693
f 1067/1043/692 1087/1044/692 1069/1045/692
f 1088/1063/262 1072/1049/262 1070/1047/262
f 1091/1065/699 1093/1066/699 1075/1051/699
f 1076/1053/698 1096/1070/698 1078/1036/698
f 1079/1038/257 1099/1056/257 1081/1057/257
f 1100/1058/697 1084/1042/697 1082/1040/697
f 1085/1060/696 1105/1061/696 1087/1044/696
f 1088/1063/262 1108/1080/262 1090/1048/262
f 1127/1103/703 1093/1066/703 1109/1082/703
f 1112/1068/702 1096/1070/702 1094/1069/702
f 1097/1072/257 1117/1091/257 1099/1056/257
f 1118/1093/701 1102/1059/701 1100/1058/701
f 1103/1076/700 1123/1077/700 1105/1061/700
f 1124/1079/262 1108/1080/262 1106/1062/262
f 1127/1103/707 1129/1104/707 1111/1083/707
f 1130/1085/706 1114/1086/706 1112/1068/706
f 1115/1089/257 1135/1090/257 1117/1091/257
f 1118/1093/705 1138/1094/705 1120/1075/705
f 1139/1113/704 1123/1077/704 1121/1096/704
f 1142/1099/262 1126/1100/262 1124/1079/262
f 1145/1102/711 1147/1125/711 1129/1104/711
f 1148/1118/710 1132/1106/710 1130/1085/710
f 1151/1126/257 1135/1090/257 1133/1088/257
f 1136/1109/709 1156/1110/709 1138/1094/709
f 1157/1112/708 1141/1115/708 1139/1113/708
f 1160/1128/262 1144/1117/262 1142/1099/262
f 895/851/853 897/875/853 879/3/853
f 879/3/572 897/875/572 896/853/572
f 881/855/573 898/878/573 900/856/573
f 900/856/574 899/879/574 880/857/574
f 884/858/575 901/881/575 903/859/575
f 903/859/576 902/883/576 883/860/576
f 904/861/577 906/41/577 888/16/577
f 888/18/578 906/42/578 905/863/578
f 890/865/579 907/886/579 909/866/579
f 891/867/580 909/866/580 908/868/580
f 910/870/581 912/872/581 894/28/581
f 912/872/582 911/890/582 892/873/582
f 913/874/854 915/892/854 897/875/854
f 897/875/584 915/892/584 914/876/584
f 916/877/669 918/35/669 900/856/669
f 918/35/586 917/895/586 899/879/586
f 919/880/587 921/882/587 903/859/587
f 921/882/588 920/898/588 902/883/588
f 922/884/589 924/900/589 906/41/589
f 906/42/590 924/901/590 923/885/590
f 907/886/591 925/903/591 927/887/591
f 927/887/592 926/904/592 908/868/592
f 928/888/593 930/889/593 912/872/593
f 930/889/594 929/907/594 911/890/594
f 931/891/855 933/909/855 915/892/855
f 915/892/596 933/909/596 932/893/596
f 916/877/856 934/911/856 936/894/856
f 936/894/598 935/913/598 917/895/598
f 937/896/599 939/915/599 921/882/599
f 921/882/600 939/915/600 938/897/600
f 922/884/671 940/917/671 942/899/671
f 924/901/602 942/920/602 941/902/602
f 925/903/603 943/921/603 945/64/603
f 945/64/604 944/923/604 926/904/604
f 928/888/605 946/924/605 948/905/605
f 930/889/606 948/905/606 947/906/606
f 949/908/607 951/70/607 933/909/607
f 951/70/608 950/927/608 932/893/608
f 952/910/609 954/912/609 936/894/609
f 954/912/610 953/929/610 935/913/610
f 955/914/611 957/76/611 939/915/611
f 939/915/612 957/76/612 956/916/612
f 940/917/613 958/932/613 960/918/613
f 960/919/614 959/935/614 941/902/614
f 943/921/615 961/937/615 963/922/615
f 963/922/616 962/939/616 944/923/616
f 946/924/617 964/940/617 966/925/617
f 966/925/618 965/942/618 947/906/618
f 949/908/619 967/944/619 969/109/619
f 951/70/620 969/109/620 968/926/620
f 970/928/621 972/92/621 954/912/621
f 972/92/622 971/948/622 953/929/622
f 973/930/623 975/949/623 957/76/623
f 957/76/624 975/949/624 974/931/624
f 958/932/625 976/950/625 978/933/625
f 978/934/626 977/951/626 959/935/626
f 979/936/627 981/938/627 963/922/627
f 981/938/628 980/954/628 962/939/628
f 964/940/629 982/955/629 984/941/629
f 984/941/630 983/957/630 965/942/630
f 985/943/674 987/959/674 969/109/674
f 969/109/673 987/959/673 986/945/673
f 988/946/633 990/947/633 972/92/633
f 990/947/634 989/962/634 971/948/634
f 973/930/635 991/964/635 993/115/635
f 993/115/636 992/966/636 974/931/636
f 976/950/637 994/967/637 996/118/637
f 996/119/638 995/968/638 977/951/638
f 997/952/639 999/953/639 981/938/639
f 999/953/640 998/971/640 980/954/640
f 982/955/641 1000/973/641 1002/956/641
f 1002/956/642 1001/975/642 983/957/642
f 1003/958/677 1005/977/677 987/959/677
f 987/959/857 1005/977/857 1004/960/857
f 988/946/645 1006/980/645 1008/961/645
f 1008/961/646 1007/982/646 989/962/646
f 1009/963/647 1011/984/647 993/115/647
f 993/115/648 1011/984/648 1010/965/648
f 994/967/676 1012/986/676 1014/137/676
f 1014/138/650 1013/987/650 995/968/650
f 1015/969/651 1017/970/651 999/953/651
f 1017/970/652 1016/990/652 998/971/652
f 1018/972/653 1020/992/653 1002/956/653
f 1002/956/654 1020/992/654 1019/974/654
f 1021/976/858 1023/978/858 1005/977/858
f 1023/978/679 1022/1139/679 1004/960/679
f 1024/979/657 1026/1140/657 1008/961/657
f 1008/961/658 1026/1140/658 1025/981/658
f 1027/983/659 1029/985/659 1011/984/659
f 1029/985/660 1028/1129/660 1010/965/660
f 1012/986/661 1030/1141/661 1032/156/661
f 1032/157/859 1031/1130/859 1013/987/859
f 1033/988/663 1035/160/663 1017/970/663
f 1017/970/664 1035/160/664 1034/989/664
f 1036/991/665 1038/1142/665 1020/992/665
f 1020/992/666 1038/1142/666 1037/993/666
f 1021/994/578 1039/1020/578 1041/995/578
f 1041/995/860 1040/1021/860 1022/997/860
f 1024/998/576 1042/1023/576 1044/999/576
f 1026/1000/575 1044/999/575 1043/1001/575
f 1045/1003/574 1047/177/574 1029/1004/574
f 1047/177/573 1046/1027/573 1028/1006/573
f 1048/1007/667 1050/205/667 1032/180/667
f 1050/206/853 1049/1029/853 1031/1009/853
f 1033/1010/582 1051/1030/582 1053/1011/582
f 1035/187/581 1053/1011/581 1052/1012/581
f 1054/1014/580 1056/1032/580 1038/1015/580
f 1038/1015/579 1056/1032/579 1055/1017/579
f 1057/1019/861 1059/196/861 1041/995/861
f 1059/196/589 1058/1035/589 1040/1021/589
f 1060/1022/588 1062/1037/588 1044/999/588
f 1044/999/587 1062/1037/587 1061/1024/587
f 1063/1025/586 1065/1026/586 1047/177/586
f 1065/1026/669 1064/1041/669 1046/1027/669
f 1066/1028/584 1068/224/584 1050/205/584
f 1068/225/854 1067/1043/854 1049/1029/854
f 1051/1030/594 1069/1045/594 1071/209/594
f 1071/209/593 1070/1047/593 1052/1012/593
f 1054/1014/592 1072/1049/592 1074/1031/592
f 1056/1032/591 1074/1031/591 1073/1033/591
f 1057/1019/602 1075/1051/602 1077/1034/602
f 1077/1034/601 1076/1053/601 1058/1035/601
f 1078/1036/600 1080/1055/600 1062/1037/600
f 1062/1037/599 1080/1055/599 1079/1038/599
f 1063/1025/598 1081/1057/598 1083/1039/598
f 1065/1026/856 1083/1039/856 1082/1040/856
f 1084/1042/596 1086/243/596 1068/224/596
f 1086/244/595 1085/1060/595 1067/1043/595
f 1087/1044/606 1089/1046/606 1071/209/606
f 1089/1046/605 1088/1063/605 1070/1047/605
f 1090/1048/604 1092/1050/604 1074/1031/604
f 1092/1050/603 1091/1065/603 1073/1033/603
f 1075/1051/614 1093/1066/614 1095/1052/614
f 1095/1052/613 1094/1069/613 1076/1053/613
f 1078/1036/612 1096/1070/612 1098/1054/612
f 1098/1054/611 1097/1072/611 1079/1038/611
f 1099/1056/610 1101/1074/610 1083/1039/610
f 1083/1039/609 1101/1074/609 1100/1058/609
f 1102/1059/608 1104/263/608 1086/243/608
f 1104/265/607 1103/1076/607 1085/1060/607
f 1105/1061/618 1107/1078/618 1089/1046/618
f 1089/1046/617 1107/1078/617 1106/1062/617
f 1090/1048/616 1108/1080/616 1110/1064/616
f 1110/1064/615 1109/1082/615 1091/1065/615
f 1093/1066/626 1111/1083/626 1113/1067/626
f 1095/1052/625 1113/1067/625 1112/1068/625
f 1096/1070/624 1114/1086/624 1116/1071/624
f 1116/1071/623 1115/1089/623 1097/1072/623
f 1099/1056/622 1117/1091/622 1119/1073/622
f 1119/1073/621 1118/1093/621 1100/1058/621
f 1120/1075/620 1122/262/620 1104/263/620
f 1122/264/619 1121/1096/619 1103/1076/619
f 1123/1077/630 1125/1098/630 1107/1078/630
f 1107/1078/629 1125/1098/629 1124/1079/629
f 1108/1080/628 1126/1100/628 1128/1081/628
f 1128/1081/627 1127/1103/627 1109/1082/627
f 1111/1083/672 1129/1104/672 1131/1084/672
f 1113/1067/637 1131/1084/637 1130/1085/637
f 1114/1086/636 1132/1106/636 1134/1087/636
f 1116/1071/635 1134/1087/635 1133/1088/635
f 1135/1090/634 1137/1092/634 1119/1073/634
f 1137/1092/633 1136/1109/633 1118/1093/633
f 1138/1094/632 1140/1111/632 1122/262/632
f 1140/1095/631 1139/1113/631 1121/1096/631
f 1123/1077/642 1141/1115/642 1143/1097/642
f 1125/1098/641 1143/1097/641 1142/1099/641
f 1126/1100/640 1144/1117/640 1146/1101/640
f 1128/1081/639 1146/1101/639 1145/1102/639
f 1129/1104/862 1147/1125/862 1149/1105/862
f 1149/1105/649 1148/1118/649 1130/1085/649
f 1132/1106/648 1150/1124/648 1152/1107/648
f 1152/1107/647 1151/1126/647 1133/1088/647
f 1135/1090/646 1153/1127/646 1155/1108/646
f 1155/1108/645 1154/1119/645 1136/1109/645
f 1156/1110/857 1158/1121/857 1140/1111/857
f 1140/1095/677 1158/1120/677 1157/1112/677
f 1159/1114/654 1161/1116/654 1143/1097/654
f 1161/1116/653 1160/1128/653 1142/1099/653
f 1144/1117/652 1162/1123/652 1164/308/652
f 1164/308/651 1163/1122/651 1145/1102/651
f 1148/1118/678 1149/1105/678 879/3/678
f 1149/1105/859 1147/1125/859 878/852/859
f 880/857/659 1151/1126/659 1152/1107/659
f 1152/1107/660 1150/1124/660 881/855/660
f 1154/1119/657 1155/1108/657 885/333/657
f 1155/1108/658 1153/1127/658 884/858/658
f 886/864/655 1157/1112/655 1158/1120/655
f 1158/1121/656 1156/1110/656 887/862/656
f 889/869/665 1160/1128/665 1161/1116/665
f 1161/1116/666 1159/1114/666 890/865/666
f 1163/1122/663 1164/308/663 894/28/663
f 894/28/664 1164/308/664 1162/1123/664
f 1148/1118/680 877/854/680 881/855/680
f 896/853/681 898/878/681 881/855/681
f 892/873/682 911/890/682 895/851/682
f 892/873/683 878/852/683 1147/1125/683
f 880/857/257 899/879/257 901/881/257
f 1151/1126/257 880/857/257 884/858/257
f 883/860/684 902/883/684 904/861/684
f 1154/1119/685 883/860/685 887/862/685
f 905/863/686 907/886/686 890/865/686
f 886/864/687 890/865/687 1159/1114/687
f 908/868/262 910/870/262 893/871/262
f 889/869/262 893/871/262 1162/1123/262
f 929/907/688 913/874/688 895/851/688
f 914/876/689 916/877/689 898/878/689
f 899/879/257 917/895/257 919/880/257
f 902/883/690 920/898/690 922/884/690
f 923/885/691 925/903/691 907/886/691
f 926/904/262 928/888/262 910/870/262
f 947/906/692 931/891/692 913/874/692
f 932/893/693 934/911/693 916/877/693
f 917/895/257 935/913/257 937/896/257
f 920/898/694 938/897/694 940/917/694
f 941/902/695 943/921/695 925/903/695
f 944/923/262 946/924/262 928/888/262
f 965/942/696 949/908/696 931/891/696
f 932/893/697 950/927/697 952/910/697
f 953/929/257 955/914/257 937/896/257
f 956/916/698 958/932/698 940/917/698
f 941/902/699 959/935/699 961/937/699
f 962/939/262 964/940/262 946/924/262
f 983/957/700 967/944/700 949/908/700
f 968/926/701 970/928/701 952/910/701
f 953/929/257 971/948/257 973/930/257
f 974/931/702 976/950/702 958/932/702
f 959/935/703 977/951/703 979/936/703
f 980/954/262 982/955/262 964/940/262
f 1001/975/704 985/943/704 967/944/704
f 968/926/705 986/945/705 988/946/705
f 989/962/257 991/964/257 973/930/257
f 992/966/706 994/967/706 976/950/706
f 977/951/707 995/968/707 997/952/707
f 980/954/262 998/971/262 1000/973/262
f 1001/975/708 1019/974/708 1003/958/708
f 1004/960/709 1006/980/709 988/946/709
f 1007/982/257 1009/963/257 991/964/257
f 1010/965/710 1012/986/710 994/967/710
f 1013/987/711 1015/969/711 997/952/711
f 1016/990/262 1018/972/262 1000/973/262
f 1019/974/687 1037/993/687 1021/976/687
f 1004/960/685 1022/1139/685 1024/979/685
f 1007/982/257 1025/981/257 1027/983/257
f 1028/1129/680 1030/1141/680 1012/986/680
f 1031/1130/683 1033/988/683 1015/969/683
f 1016/990/262 1034/989/262 1036/991/262
f 1055/1017/686 1039/1020/686 1021/994/686
f 1022/997/684 1040/1021/684 1042/1023/684
f 1025/1002/257 1043/1001/257 1045/1003/257
f 1028/1006/681 1046/1027/681 1048/1007/681
f 1031/1009/682 1049/1029/682 1051/1030/682
f 1052/1012/262 1054/1014/262 1036/1016/262
f 1073/1033/691 1057/1019/691 1039/1020/691
f 1040/1021/690 1058/1035/690 1060/1022/690
f 1061/1024/257 1063/1025/257 1045/1003/257
f 1046/1027/689 1064/1041/689 1066/1028/689
f 1049/1029/688 1067/1043/688 1069/1045/688
f 1052/1012/262 1070/1047/262 1072/1049/262
f 1073/1033/695 1091/1065/695 1075/1051/695
f 1076/1053/694 1078/1036/694 1060/1022/694
f 1061/1024/257 1079/1038/257 1081/1057/257
f 1064/1041/693 1082/1040/693 1084/1042/693
f 1067/1043/692 1085/1060/692 1087/1044/692
f 1088/1063/262 1090/1048/262 1072/1049/262
f 1091/1065/699 1109/1082/699 1093/1066/699
f 1076/1053/698 1094/1069/698 1096/1070/698
f 1079/1038/257 1097/1072/257 1099/1056/257
f 1100/1058/697 1102/1059/697 1084/1042/697
f 1085/1060/696 1103/1076/696 1105/1061/696
f 1088/1063/262 1106/1062/262 1108/1080/262
f 1127/1103/703 1111/1083/703 1093/1066/703
f 1112/1068/702 1114/1086/702 1096/1070/702
f 1097/1072/257 1115/1089/257 1117/1091/257
f 1118/1093/701 1120/1075/701 1102/1059/701
f 1103/1076/700 1121/1096/700 1123/1077/700
f 1124/1079/262 1126/1100/262 1108/1080/262
f 1127/1103/707 1145/1102/707 1129/1104/707
f 1130/1085/706 1132/1106/706 1114/1086/706
f 1115/1089/257 1133/1088/257 1135/1090/257
f 1118/1093/705 1136/1109/705 1138/1094/705
f 1139/1113/704 1141/1115/704 1123/1077/704
f 1142/1099/262 1144/1117/262 1126/1100/262
f 1145/1102/711 1163/1122/711 1147/1125/711
f 1148/1118/710 1150/1124/710 1132/1106/710
f 1151/1126/257 1153/1127/257 1135/1090/257
f 1136/1109/709 1154/1119/709 1156/1110/709
f 1157/1112/708 1159/1114/708 1141/1115/708
f 1160/1128/262 1162/1123/262 1144/1117/262
