# Blender 4.5.10 LTS
# www.blender.org
mtllib halter_d.mtl
o HalterD
v -0.845479 -0.003445 -0.006589
v -0.845461 -0.003239 0.018917
v -0.848383 -0.003370 0.006166
v -0.728378 -0.003837 -0.193380
v -0.749675 -0.003937 -0.180610
v -0.740528 -0.003923 -0.189635
v -0.515619 -0.001707 -0.180796
v -0.536935 -0.002013 -0.193532
v -0.524779 -0.001867 -0.189807
v -0.419547 0.000820 0.018577
v -0.419565 0.000614 -0.006929
v -0.416643 0.000745 0.005822
v -0.536648 0.001212 0.205368
v -0.515350 0.001312 0.192598
v -0.524498 0.001297 0.201623
v -0.749407 -0.000919 0.192784
v -0.728091 -0.000613 0.205520
v -0.740246 -0.000759 0.201795
v -0.785516 0.519604 0.014647
v -0.785534 0.519398 -0.010859
v -0.788234 0.521259 0.001882
v -0.696473 0.460102 -0.184399
v -0.676673 0.447141 -0.197062
v -0.687969 0.454505 -0.193378
v -0.498685 0.331612 -0.196257
v -0.478866 0.318857 -0.183414
v -0.487383 0.324308 -0.192470
v -0.389554 0.262373 -0.009066
v -0.389536 0.262579 0.016440
v -0.386837 0.260718 0.003699
v -0.478597 0.321875 0.189980
v -0.498398 0.334836 0.202643
v -0.487101 0.327472 0.198959
v -0.676386 0.450366 0.201838
v -0.696204 0.463121 0.188995
v -0.687687 0.457669 0.198051
v -0.604847 0.964088 0.010924
v -0.604865 0.963881 -0.014582
v -0.606947 0.967261 -0.001854
v -0.536123 0.854595 -0.187703
v -0.520836 0.830530 -0.200274
v -0.529558 0.844227 -0.196642
v -0.383400 0.615234 -0.198632
v -0.368095 0.591376 -0.185696
v -0.374673 0.601598 -0.194793
v -0.299103 0.484901 -0.010930
v -0.299085 0.485108 0.014576
v -0.297003 0.481728 0.001848
v -0.367826 0.594394 0.187697
v -0.383113 0.618459 0.200268
v -0.374391 0.604762 0.196637
v -0.520549 0.833755 0.198626
v -0.535855 0.857613 0.185690
v -0.529277 0.847391 0.194787
v -0.330958 1.262542 0.008315
v -0.330977 1.262335 -0.017192
v -0.332124 1.266734 -0.004472
v -0.293039 1.119481 -0.190019
v -0.284594 1.087961 -0.202525
v -0.289414 1.105911 -0.198931
v -0.208634 0.805677 -0.200297
v -0.200170 0.774362 -0.187296
v -0.203809 0.787787 -0.196421
v -0.161982 0.634321 -0.012237
v -0.161964 0.634527 0.013269
v -0.160817 0.630128 0.000550
v -0.199901 0.777381 0.186097
v -0.208346 0.808901 0.198602
v -0.203527 0.790951 0.195009
v -0.284307 1.091186 0.196375
v -0.292771 1.122500 0.183374
v -0.289132 1.109075 0.192499
v -0.005548 1.369530 0.007216
v -0.005566 1.369323 -0.018291
v -0.005601 1.374087 -0.005575
v -0.004228 1.214437 -0.190995
v -0.003912 1.180244 -0.203473
v -0.004094 1.199718 -0.199894
v -0.000990 0.873945 -0.200999
v -0.000656 0.839958 -0.187970
v -0.000802 0.854531 -0.197106
v 0.000933 0.687884 -0.012787
v 0.000951 0.688090 0.012719
v 0.000986 0.683326 0.000004
v -0.000387 0.842977 0.185423
v -0.000703 0.877170 0.197901
v -0.000521 0.857695 0.194323
v -0.003625 1.183468 0.195427
v -0.003959 1.217455 0.182399
v -0.003813 1.202882 0.191535
v 0.321844 1.268763 0.007794
v 0.321826 1.268557 -0.017712
v 0.322909 1.272977 -0.004994
v 0.286343 1.125003 -0.190481
v 0.278480 1.093328 -0.202973
v 0.282962 1.111366 -0.199387
v 0.207917 0.809647 -0.200629
v 0.200073 0.778177 -0.187615
v 0.203440 0.791669 -0.196745
v 0.164840 0.637436 -0.012497
v 0.164858 0.637642 0.013009
v 0.163775 0.633222 0.000292
v 0.200342 0.781195 0.185778
v 0.208204 0.812871 0.198271
v 0.203722 0.794833 0.194684
v 0.278767 1.096552 0.195927
v 0.286612 1.128022 0.182913
v 0.283244 1.114530 0.192043
v 0.601375 0.975583 0.009963
v 0.601357 0.975377 -0.015543
v 0.603395 0.978796 -0.002818
v 0.534435 0.864798 -0.188556
v 0.519589 0.840446 -0.201103
v 0.528054 0.854307 -0.197485
v 0.386285 0.622570 -0.199245
v 0.371457 0.598424 -0.186286
v 0.377825 0.608769 -0.195392
v 0.304786 0.490657 -0.011411
v 0.304804 0.490863 0.014095
v 0.302767 0.487444 0.001370
v 0.371726 0.601442 0.187108
v 0.386572 0.625794 0.199654
v 0.378107 0.611933 0.196037
v 0.519876 0.843670 0.197797
v 0.534704 0.867816 0.184837
v 0.528336 0.857471 0.193944
v 0.790489 0.534625 0.013391
v 0.790470 0.534419 -0.012115
v 0.793154 0.536331 0.000622
v 0.702279 0.473434 -0.185513
v 0.682709 0.460097 -0.198145
v 0.693869 0.467675 -0.194479
v 0.506957 0.341196 -0.197058
v 0.487406 0.328066 -0.184184
v 0.495803 0.333678 -0.193253
v 0.399465 0.269893 -0.009695
v 0.399483 0.270099 0.015811
v 0.396799 0.268187 0.003075
v 0.487674 0.331084 0.189210
v 0.507244 0.344421 0.201842
v 0.496085 0.336843 0.198176
v 0.682996 0.463322 0.200754
v 0.702548 0.476452 0.187880
v 0.694150 0.470839 0.196950
v 0.860394 0.013019 0.017558
v 0.860376 0.012813 -0.007949
v 0.863299 0.012943 0.004802
v 0.764322 0.010492 -0.181816
v 0.743006 0.010186 -0.194552
v 0.755162 0.010332 -0.190826
v 0.551564 0.008361 -0.194399
v 0.530266 0.008261 -0.181629
v 0.539413 0.008276 -0.190655
v 0.434463 0.008753 -0.007609
v 0.434481 0.008959 0.017897
v 0.431559 0.008829 0.005146
v 0.530535 0.011280 0.191764
v 0.551851 0.011586 0.204500
v 0.539695 0.011440 0.200775
v 0.743293 0.013411 0.204348
v 0.764591 0.013511 0.191578
v 0.755444 0.013496 0.200603
v 0.800450 -0.509825 0.021827
v 0.800431 -0.510031 -0.003679
v 0.803149 -0.511686 0.009086
v 0.711120 -0.453547 -0.178027
v 0.691301 -0.440792 -0.190869
v 0.702603 -0.448096 -0.187083
v 0.513313 -0.325263 -0.191675
v 0.493513 -0.312302 -0.179012
v 0.502017 -0.317899 -0.187991
v 0.404452 -0.253006 -0.005472
v 0.404470 -0.252800 0.020034
v 0.401752 -0.251145 0.007269
v 0.493782 -0.309283 0.194382
v 0.513600 -0.322038 0.207225
v 0.502299 -0.314734 0.203438
v 0.691588 -0.437568 0.208030
v 0.711388 -0.450529 0.195367
v 0.702884 -0.444932 0.204346
v 0.619781 -0.954308 0.025550
v 0.619762 -0.954514 0.000044
v 0.621863 -0.957687 0.012822
v 0.550770 -0.848040 -0.174722
v 0.535465 -0.824181 -0.187658
v 0.544192 -0.837818 -0.183819
v 0.398029 -0.608886 -0.189300
v 0.382742 -0.584821 -0.176729
v 0.389307 -0.595188 -0.185668
v 0.314001 -0.475534 -0.003608
v 0.314019 -0.475328 0.021898
v 0.311918 -0.472155 0.009120
v 0.383011 -0.581803 0.196665
v 0.398316 -0.605661 0.209600
v 0.389589 -0.592024 0.205761
v 0.535752 -0.820957 0.211242
v 0.551039 -0.845021 0.198671
v 0.544474 -0.834654 0.207611
v 0.345892 -1.252762 0.028160
v 0.345874 -1.252969 0.002654
v 0.347039 -1.257161 0.015441
v 0.307686 -1.112927 -0.172406
v 0.299223 -1.081612 -0.185407
v 0.304048 -1.099502 -0.181530
v 0.223262 -0.799328 -0.187634
v 0.214817 -0.767808 -0.175129
v 0.218443 -0.781378 -0.184040
v 0.176880 -0.624954 -0.002301
v 0.176898 -0.624748 0.023205
v 0.175733 -0.620555 0.010418
v 0.215086 -0.764789 0.198265
v 0.223549 -0.796104 0.211266
v 0.218724 -0.778214 0.207389
v 0.299510 -1.078388 0.213493
v 0.307955 -1.109908 0.200987
v 0.304329 -1.096338 0.209899
v 0.020482 -1.359750 0.029259
v 0.020463 -1.359956 0.003753
v 0.020517 -1.364514 0.016543
v 0.018874 -1.207882 -0.171431
v 0.018540 -1.173895 -0.184459
v 0.018728 -1.193309 -0.180567
v 0.015619 -0.867597 -0.186933
v 0.015303 -0.833404 -0.174455
v 0.015436 -0.848122 -0.183355
v 0.013964 -0.678517 -0.001751
v 0.013983 -0.678311 0.023755
v 0.013929 -0.673753 0.010964
v 0.015572 -0.830385 0.198938
v 0.015906 -0.864372 0.211967
v 0.015718 -0.844958 0.208074
v 0.018827 -1.170670 0.214441
v 0.019143 -1.204863 0.201963
v 0.019010 -1.190145 0.210862
v -0.306910 -1.258984 0.028680
v -0.306929 -1.259190 0.003174
v -0.307993 -1.263404 0.015962
v -0.271696 -1.118449 -0.171945
v -0.263852 -1.086979 -0.184958
v -0.268329 -1.104957 -0.181074
v -0.193289 -0.803298 -0.187302
v -0.185426 -0.771622 -0.174810
v -0.188806 -0.785259 -0.183716
v -0.149943 -0.628069 -0.002041
v -0.149925 -0.627863 0.023465
v -0.148860 -0.623649 0.010677
v -0.185157 -0.768604 0.198583
v -0.193001 -0.800074 0.211597
v -0.188525 -0.782095 0.207713
v -0.263565 -1.083755 0.213941
v -0.271427 -1.115430 0.201449
v -0.268047 -1.101793 0.210355
v -0.586441 -0.965805 0.026511
v -0.586459 -0.966011 0.001005
v -0.588478 -0.969224 0.013786
v -0.519788 -0.858244 -0.173869
v -0.504960 -0.834098 -0.186829
v -0.513420 -0.847899 -0.182976
v -0.371656 -0.616222 -0.188686
v -0.356810 -0.591870 -0.176140
v -0.363191 -0.602361 -0.185069
v -0.289888 -0.481290 -0.003127
v -0.289870 -0.481084 0.022380
v -0.287851 -0.477872 0.009598
v -0.356541 -0.588852 0.197254
v -0.371369 -0.612997 0.210214
v -0.362909 -0.599197 0.206360
v -0.504673 -0.830873 0.212071
v -0.519519 -0.855225 0.199524
v -0.513138 -0.844734 0.208453
v -0.775555 -0.524846 0.023083
v -0.775573 -0.525052 -0.002423
v -0.778238 -0.526759 0.010346
v -0.687632 -0.466879 -0.176912
v -0.668081 -0.453749 -0.189786
v -0.679235 -0.461267 -0.185982
v -0.492328 -0.334848 -0.190874
v -0.472759 -0.321511 -0.178242
v -0.481169 -0.327270 -0.187208
v -0.384567 -0.260526 -0.004843
v -0.384549 -0.260320 0.020663
v -0.381884 -0.258614 0.007893
v -0.472490 -0.318493 0.195152
v -0.492041 -0.331623 0.208026
v -0.480887 -0.324106 0.204222
v -0.667794 -0.450524 0.209114
v -0.687363 -0.463861 0.196482
v -0.678953 -0.458103 0.205447
v -0.756052 0.006005 -0.316620
v -0.755975 0.006130 -0.291164
v -0.758927 0.006113 -0.303883
v -0.704026 0.004862 -0.385477
v -0.725292 0.005253 -0.372686
v -0.716166 0.005068 -0.381713
v -0.621238 0.003650 -0.372993
v -0.642582 0.003916 -0.385658
v -0.630418 0.003747 -0.381966
v -0.590063 0.003575 -0.291654
v -0.590140 0.003449 -0.317109
v -0.587188 0.003467 -0.304390
v -0.642089 0.004717 -0.222796
v -0.620822 0.004327 -0.235587
v -0.629948 0.004512 -0.226560
v -0.724877 0.005929 -0.235280
v -0.703533 0.005664 -0.222615
v -0.715696 0.005833 -0.226307
v -0.696449 0.149303 -0.292049
v -0.696526 0.149177 -0.317505
v -0.699170 0.149839 -0.304772
v -0.668212 0.142544 -0.373535
v -0.648629 0.138101 -0.386300
v -0.659809 0.140618 -0.382551
v -0.592044 0.125470 -0.386409
v -0.572384 0.121153 -0.373719
v -0.580841 0.122990 -0.382703
v -0.543732 0.115070 -0.317799
v -0.543654 0.115196 -0.292343
v -0.541010 0.114534 -0.305076
v -0.571969 0.121829 -0.236313
v -0.591551 0.126272 -0.223548
v -0.580371 0.123755 -0.227297
v -0.648137 0.138903 -0.223439
v -0.667796 0.143220 -0.236129
v -0.659339 0.141383 -0.227145
v -0.531367 0.268913 -0.293137
v -0.531444 0.268787 -0.318593
v -0.533449 0.269911 -0.305864
v -0.509911 0.257240 -0.374578
v -0.495001 0.249413 -0.387313
v -0.503516 0.253860 -0.383581
v -0.451888 0.227020 -0.387333
v -0.436900 0.219318 -0.374612
v -0.443350 0.222609 -0.383609
v -0.415029 0.208321 -0.318647
v -0.414952 0.208447 -0.293192
v -0.412946 0.207322 -0.305920
v -0.436484 0.219994 -0.237206
v -0.451395 0.227821 -0.224471
v -0.442880 0.223374 -0.228203
v -0.494508 0.250214 -0.224451
v -0.509496 0.257916 -0.237172
v -0.503046 0.254625 -0.228175
v -0.285861 0.346750 -0.294263
v -0.285938 0.346625 -0.319718
v -0.286994 0.348051 -0.306994
v -0.274492 0.331880 -0.375658
v -0.266528 0.321850 -0.388361
v -0.271081 0.327554 -0.384647
v -0.243452 0.293105 -0.388289
v -0.235411 0.283200 -0.375536
v -0.238876 0.287438 -0.384547
v -0.223626 0.269006 -0.319525
v -0.223549 0.269131 -0.294069
v -0.222493 0.267706 -0.306794
v -0.234996 0.283876 -0.238130
v -0.242959 0.293906 -0.225427
v -0.238406 0.288203 -0.229141
v -0.266036 0.322652 -0.225499
v -0.274076 0.332556 -0.238251
v -0.270611 0.328319 -0.229241
v 0.002692 0.370966 -0.295255
v 0.002615 0.370841 -0.320710
v 0.002676 0.372360 -0.307990
v 0.002208 0.355101 -0.376609
v 0.002005 0.344386 -0.389284
v 0.002110 0.350480 -0.385586
v 0.001533 0.313664 -0.389131
v 0.001407 0.303074 -0.376350
v 0.001450 0.307607 -0.385373
v 0.001338 0.287886 -0.320298
v 0.001415 0.288011 -0.294843
v 0.001354 0.286492 -0.307563
v 0.001823 0.303751 -0.238944
v 0.002025 0.314466 -0.226269
v 0.001920 0.308372 -0.229967
v 0.002498 0.345188 -0.226422
v 0.002623 0.355778 -0.239202
v 0.002580 0.351245 -0.230180
v 0.290363 0.337874 -0.295962
v 0.290287 0.337748 -0.321417
v 0.291460 0.339140 -0.308700
v 0.278061 0.323368 -0.377287
v 0.269718 0.313589 -0.389942
v 0.274466 0.319149 -0.386256
v 0.245768 0.285568 -0.389731
v 0.237502 0.275915 -0.376931
v 0.241042 0.280045 -0.385962
v 0.225615 0.262086 -0.320849
v 0.225692 0.262211 -0.295394
v 0.224518 0.260820 -0.308112
v 0.237917 0.276591 -0.239524
v 0.246260 0.286370 -0.226870
v 0.241512 0.280810 -0.230556
v 0.270211 0.314391 -0.227080
v 0.278477 0.324044 -0.239881
v 0.274936 0.319914 -0.230849
v 0.533358 0.252510 -0.296277
v 0.533280 0.252385 -0.321732
v 0.535395 0.253446 -0.309016
v 0.511073 0.241511 -0.377589
v 0.495853 0.234148 -0.390235
v 0.504524 0.238331 -0.386554
v 0.452072 0.213094 -0.389999
v 0.436929 0.205856 -0.377189
v 0.443424 0.208949 -0.386224
v 0.415060 0.195534 -0.321095
v 0.415137 0.195659 -0.295639
v 0.413023 0.194598 -0.308356
v 0.437345 0.206533 -0.239783
v 0.452564 0.213896 -0.227137
v 0.443894 0.209713 -0.230818
v 0.496346 0.234950 -0.227373
v 0.511488 0.242188 -0.240183
v 0.504993 0.239096 -0.231148
v 0.694680 0.127872 -0.296151
v 0.694603 0.127747 -0.321607
v 0.697342 0.128326 -0.308890
v 0.665768 0.121994 -0.377468
v 0.645984 0.118158 -0.390118
v 0.657258 0.120328 -0.386435
v 0.589036 0.107276 -0.389892
v 0.569328 0.103565 -0.377086
v 0.577784 0.105142 -0.386120
v 0.540832 0.098363 -0.320997
v 0.540909 0.098488 -0.295542
v 0.538170 0.097909 -0.308259
v 0.569744 0.104241 -0.239680
v 0.589529 0.108077 -0.227030
v 0.578254 0.105907 -0.230714
v 0.646476 0.118959 -0.227256
v 0.666184 0.122670 -0.240062
v 0.657728 0.121093 -0.231029
v 0.749772 -0.017066 -0.295604
v 0.749695 -0.017191 -0.321060
v 0.752647 -0.017173 -0.308341
v 0.718597 -0.016990 -0.376944
v 0.697253 -0.016724 -0.389609
v 0.709417 -0.016893 -0.385917
v 0.635809 -0.015778 -0.389428
v 0.614543 -0.015387 -0.376637
v 0.623669 -0.015572 -0.385664
v 0.583783 -0.014635 -0.320571
v 0.583860 -0.014510 -0.295115
v 0.580908 -0.014527 -0.307834
v 0.614958 -0.014711 -0.239231
v 0.636302 -0.014976 -0.226566
v 0.624139 -0.014807 -0.230258
v 0.697746 -0.015923 -0.226747
v 0.719013 -0.016314 -0.239538
v 0.709887 -0.016128 -0.230511
v 0.690246 -0.160238 -0.294720
v 0.690169 -0.160363 -0.320175
v 0.692891 -0.160899 -0.307453
v 0.661517 -0.154280 -0.376096
v 0.641857 -0.149963 -0.388786
v 0.653060 -0.152443 -0.385079
v 0.585271 -0.137332 -0.388677
v 0.565689 -0.132890 -0.375911
v 0.574091 -0.134816 -0.384927
v 0.537375 -0.126256 -0.319881
v 0.537452 -0.126131 -0.294425
v 0.534731 -0.125594 -0.307148
v 0.566105 -0.132213 -0.238505
v 0.585764 -0.136530 -0.225815
v 0.574562 -0.134051 -0.229521
v 0.642350 -0.149162 -0.225924
v 0.661932 -0.153604 -0.238689
v 0.653530 -0.151678 -0.229673
v 0.525164 -0.279848 -0.293632
v 0.525087 -0.279973 -0.319087
v 0.527170 -0.280972 -0.306360
v 0.503216 -0.268977 -0.375052
v 0.488229 -0.261275 -0.387773
v 0.496766 -0.265685 -0.384049
v 0.445116 -0.238882 -0.387753
v 0.430205 -0.231055 -0.375018
v 0.436600 -0.234435 -0.384021
v 0.408672 -0.219507 -0.319033
v 0.408749 -0.219382 -0.293577
v 0.406667 -0.218383 -0.306304
v 0.430620 -0.230378 -0.237612
v 0.445608 -0.238080 -0.224891
v 0.437070 -0.233670 -0.228615
v 0.488721 -0.260473 -0.224911
v 0.503632 -0.268300 -0.237646
v 0.497237 -0.264920 -0.228643
v 0.279659 -0.357686 -0.292506
v 0.279582 -0.357811 -0.317962
v 0.280714 -0.359111 -0.305230
v 0.267796 -0.343617 -0.373973
v 0.259756 -0.333712 -0.386726
v 0.264331 -0.339379 -0.382984
v 0.236679 -0.304967 -0.386797
v 0.228716 -0.294937 -0.374094
v 0.232127 -0.299263 -0.383084
v 0.217269 -0.280192 -0.318155
v 0.217346 -0.280067 -0.292700
v 0.216214 -0.278766 -0.305431
v 0.229132 -0.294261 -0.236688
v 0.237172 -0.304165 -0.223936
v 0.232597 -0.298499 -0.227678
v 0.260249 -0.332911 -0.223864
v 0.268212 -0.342941 -0.236567
v 0.264801 -0.338614 -0.227578
v -0.008895 -0.381902 -0.291514
v -0.008972 -0.382027 -0.316970
v -0.008956 -0.383421 -0.304235
v -0.008903 -0.366838 -0.373022
v -0.008778 -0.356248 -0.385802
v -0.008860 -0.362306 -0.382044
v -0.008305 -0.325526 -0.385955
v -0.008102 -0.314811 -0.373280
v -0.008200 -0.319432 -0.382257
v -0.007695 -0.299071 -0.317382
v -0.007618 -0.298946 -0.291926
v -0.007634 -0.297552 -0.304661
v -0.007687 -0.314135 -0.235874
v -0.007812 -0.324725 -0.223093
v -0.007730 -0.318667 -0.226851
v -0.008285 -0.355447 -0.222941
v -0.008488 -0.366162 -0.235615
v -0.008390 -0.361541 -0.226638
v -0.296566 -0.348809 -0.290807
v -0.296643 -0.348934 -0.316262
v -0.297740 -0.350200 -0.303525
v -0.284757 -0.335105 -0.372344
v -0.276491 -0.325451 -0.385144
v -0.281216 -0.330975 -0.381375
v -0.252540 -0.297430 -0.385355
v -0.244197 -0.287652 -0.372700
v -0.247792 -0.291870 -0.381668
v -0.231972 -0.273271 -0.316830
v -0.231895 -0.273146 -0.291375
v -0.230798 -0.271880 -0.304113
v -0.243781 -0.286975 -0.235294
v -0.252048 -0.296629 -0.222493
v -0.247322 -0.291105 -0.226262
v -0.275998 -0.324650 -0.222283
v -0.284341 -0.334428 -0.234937
v -0.280746 -0.330210 -0.225969
v -0.539560 -0.263446 -0.290492
v -0.539637 -0.263571 -0.315948
v -0.541674 -0.264507 -0.303209
v -0.517768 -0.253249 -0.372042
v -0.502625 -0.246011 -0.384851
v -0.511273 -0.250156 -0.381077
v -0.458843 -0.224957 -0.385087
v -0.443624 -0.217593 -0.372442
v -0.450173 -0.220774 -0.381406
v -0.421416 -0.206720 -0.316585
v -0.421339 -0.206595 -0.291129
v -0.419302 -0.205659 -0.303868
v -0.443208 -0.216917 -0.235035
v -0.458351 -0.224155 -0.222226
v -0.449703 -0.220009 -0.226000
v -0.502133 -0.245209 -0.221990
v -0.517352 -0.252572 -0.234635
v -0.510803 -0.249392 -0.225671
v -0.700883 -0.138808 -0.290618
v -0.700960 -0.138933 -0.316073
v -0.703621 -0.139386 -0.303335
v -0.672463 -0.133731 -0.372162
v -0.652756 -0.130020 -0.384968
v -0.664007 -0.132154 -0.381196
v -0.595808 -0.119138 -0.385194
v -0.576023 -0.115302 -0.372545
v -0.584534 -0.116967 -0.381511
v -0.547188 -0.109549 -0.316683
v -0.547111 -0.109423 -0.291227
v -0.544450 -0.108970 -0.303966
v -0.575608 -0.114625 -0.235138
v -0.595316 -0.118336 -0.222332
v -0.584064 -0.116202 -0.226105
v -0.652263 -0.129218 -0.222106
v -0.672048 -0.133054 -0.234756
v -0.663537 -0.131389 -0.225790
v 0.753247 0.022268 -0.149168
v 0.753518 0.024611 -0.153303
v 0.755588 0.024397 -0.149021
v 0.753395 0.022998 -0.152117
v 0.754678 0.023212 -0.151515
v 0.755051 0.024503 -0.152013
v 0.754859 0.022847 -0.149090
v 0.760859 0.179900 -0.149078
v 0.760799 0.182031 -0.144822
v 0.762929 0.179686 -0.144797
v 0.760885 0.181451 -0.147806
v 0.762141 0.181084 -0.147220
v 0.762349 0.181299 -0.144779
v 0.762392 0.179793 -0.147788
v 0.741720 0.014888 0.142111
v 0.744062 0.017017 0.142257
v 0.741660 0.017019 0.146367
v 0.743332 0.015467 0.142189
v 0.742960 0.015710 0.144608
v 0.743289 0.016974 0.145199
v 0.741634 0.015468 0.145095
v 0.749272 0.174651 0.146457
v 0.749001 0.172308 0.150592
v 0.751402 0.172306 0.146482
v 0.749124 0.173921 0.149406
v 0.750423 0.173582 0.148903
v 0.750630 0.172263 0.149423
v 0.750822 0.173920 0.146500
v 0.598022 0.029768 -0.155121
v 0.595892 0.032112 -0.155145
v 0.598293 0.032111 -0.159255
v 0.596472 0.030499 -0.155163
v 0.596871 0.030837 -0.157567
v 0.596664 0.032156 -0.158087
v 0.598170 0.030498 -0.158069
v 0.605574 0.189530 -0.150774
v 0.605634 0.187400 -0.155030
v 0.603232 0.187402 -0.150921
v 0.605660 0.188950 -0.153759
v 0.604334 0.188709 -0.153272
v 0.604005 0.187445 -0.153862
v 0.603962 0.188952 -0.150853
v 0.586495 0.022388 0.136158
v 0.586435 0.024519 0.140414
v 0.584365 0.024733 0.136133
v 0.586409 0.022968 0.139142
v 0.585153 0.023335 0.138556
v 0.584903 0.024626 0.139125
v 0.584945 0.023120 0.136115
v 0.594048 0.182151 0.140504
v 0.591706 0.180022 0.140358
v 0.593776 0.179808 0.144639
v 0.592436 0.181572 0.140426
v 0.592616 0.181206 0.142851
v 0.592243 0.179915 0.143350
v 0.593899 0.181420 0.143453
v -0.599786 0.024861 -0.143949
v -0.599768 0.027034 -0.148184
v -0.597546 0.027101 -0.143975
v -0.599773 0.025470 -0.146929
v -0.598482 0.025769 -0.146383
v -0.598190 0.027054 -0.146947
v -0.598202 0.025517 -0.143953
v -0.599793 0.182535 -0.150650
v -0.599811 0.184841 -0.146486
v -0.597571 0.182602 -0.146441
v -0.599799 0.184138 -0.149445
v -0.598508 0.183856 -0.148890
v -0.598227 0.184185 -0.146469
v -0.598214 0.182554 -0.149413
v -0.601005 0.029484 0.147612
v -0.598765 0.031724 0.147586
v -0.601023 0.031790 0.151776
v -0.599421 0.030141 0.147608
v -0.599722 0.030470 0.150027
v -0.599434 0.031771 0.150552
v -0.601017 0.030187 0.150571
v -0.601031 0.189464 0.145075
v -0.601048 0.187291 0.149310
v -0.598790 0.187225 0.145120
v -0.601043 0.188855 0.148055
v -0.599747 0.188556 0.147520
v -0.599459 0.187272 0.148086
v -0.599447 0.188808 0.145092
v -0.755304 0.024826 -0.144599
v -0.757544 0.027065 -0.144644
v -0.755287 0.026999 -0.148834
v -0.756888 0.025481 -0.144616
v -0.756587 0.025734 -0.147044
v -0.756876 0.027018 -0.147611
v -0.755292 0.025435 -0.147579
v -0.755330 0.184806 -0.147136
v -0.755312 0.182499 -0.151300
v -0.757569 0.182565 -0.147110
v -0.755317 0.184103 -0.150095
v -0.756613 0.183820 -0.149551
v -0.756901 0.182519 -0.150076
v -0.756913 0.184149 -0.147132
v -0.756524 0.029449 0.146962
v -0.756541 0.031755 0.151126
v -0.758764 0.031688 0.146917
v -0.756536 0.030152 0.149921
v -0.757827 0.030434 0.149366
v -0.758120 0.031735 0.149889
v -0.758108 0.030105 0.146945
v -0.756549 0.189429 0.144425
v -0.758789 0.187189 0.144451
v -0.756566 0.187256 0.148660
v -0.758133 0.188773 0.144429
v -0.757852 0.188520 0.146859
v -0.758145 0.187236 0.147423
v -0.756561 0.188820 0.147405
v -0.013624 -1.384089 -0.006905
v 0.010741 -1.384089 -0.006905
v -0.001442 -1.387003 -0.006905
v -0.088044 -1.326849 -0.006905
v -0.075862 -1.348157 -0.006905
v -0.084476 -1.339002 -0.006905
v -0.075862 -1.234089 -0.006905
v -0.088044 -1.255397 -0.006905
v -0.084476 -1.243244 -0.006905
v 0.010741 -1.198156 -0.006905
v -0.013624 -1.198156 -0.006905
v -0.001442 -1.195243 -0.006905
v 0.085161 -1.255397 -0.006905
v 0.072978 -1.234089 -0.006905
v 0.081593 -1.243244 -0.006905
v 0.072978 -1.348156 -0.006905
v 0.085161 -1.326849 -0.006905
v 0.081593 -1.339002 -0.006905
v 0.010741 -1.351132 0.158784
v -0.013624 -1.351132 0.158784
v -0.001442 -1.353823 0.159899
v -0.075862 -1.317934 0.145033
v -0.088044 -1.298248 0.136879
v -0.084476 -1.309477 0.141530
v -0.088044 -1.232236 0.109535
v -0.075862 -1.212550 0.101381
v -0.084476 -1.221007 0.104884
v -0.013624 -1.179352 0.087630
v 0.010741 -1.179352 0.087630
v -0.001442 -1.176661 0.086515
v 0.072978 -1.212550 0.101381
v 0.085161 -1.232236 0.109535
v 0.081593 -1.221007 0.104884
v 0.085161 -1.298248 0.136879
v 0.072978 -1.317934 0.145033
v 0.081593 -1.309477 0.141530
v 0.010741 -1.257277 0.299248
v -0.013624 -1.257276 0.299248
v -0.001442 -1.259336 0.301308
v -0.075862 -1.231868 0.273840
v -0.088044 -1.216801 0.258773
v -0.084476 -1.225395 0.267367
v -0.088044 -1.166277 0.208249
v -0.075862 -1.151210 0.193182
v -0.084476 -1.157683 0.199655
v -0.013624 -1.125802 0.167774
v 0.010741 -1.125802 0.167774
v -0.001442 -1.123742 0.165714
v 0.072978 -1.151210 0.193182
v 0.085161 -1.166277 0.208249
v 0.081593 -1.157683 0.199655
v 0.085161 -1.216801 0.258773
v 0.072978 -1.231868 0.273840
v 0.081593 -1.225395 0.267367
v 0.010741 -1.116812 0.393103
v -0.013624 -1.116812 0.393104
v -0.001442 -1.117927 0.395795
v -0.075862 -1.103061 0.359906
v -0.088044 -1.094907 0.340220
v -0.084476 -1.099558 0.351448
v -0.088044 -1.067564 0.274207
v -0.075862 -1.059410 0.254522
v -0.084476 -1.062913 0.262979
v -0.013624 -1.045659 0.221324
v 0.010741 -1.045659 0.221324
v -0.001442 -1.044544 0.218632
v 0.072978 -1.059409 0.254522
v 0.085161 -1.067564 0.274207
v 0.081593 -1.062913 0.262979
v 0.085161 -1.094907 0.340220
v 0.072978 -1.103061 0.359906
v 0.081593 -1.099558 0.351448
v 0.010741 -0.951123 0.426061
v -0.013624 -0.951123 0.426061
v -0.001442 -0.951123 0.428975
v -0.075862 -0.951123 0.390128
v -0.088044 -0.951123 0.368820
v -0.084476 -0.951123 0.380974
v -0.088044 -0.951123 0.297369
v -0.075862 -0.951123 0.276061
v -0.084476 -0.951123 0.285215
v -0.013624 -0.951123 0.240128
v 0.010741 -0.951123 0.240128
v -0.001442 -0.951123 0.237215
v 0.072978 -0.951123 0.276061
v 0.085161 -0.951123 0.297369
v 0.081593 -0.951123 0.285215
v 0.085161 -0.951123 0.368820
v 0.072978 -0.951123 0.390128
v 0.081593 -0.951123 0.380974
v 0.010741 -0.785434 0.393103
v -0.013624 -0.785434 0.393103
v -0.001442 -0.784319 0.395795
v -0.075862 -0.799185 0.359906
v -0.088044 -0.807339 0.340220
v -0.084476 -0.802688 0.351448
v -0.088044 -0.834682 0.274207
v -0.075862 -0.842836 0.254522
v -0.084476 -0.839333 0.262979
v -0.013624 -0.856587 0.221324
v 0.010741 -0.856587 0.221324
v -0.001442 -0.857702 0.218632
v 0.072978 -0.842836 0.254522
v 0.085161 -0.834682 0.274207
v 0.081593 -0.839333 0.262979
v 0.085161 -0.807339 0.340220
v 0.072978 -0.799185 0.359906
v 0.081593 -0.802688 0.351448
v 0.010741 -0.644969 0.299248
v -0.013624 -0.644969 0.299248
v -0.001442 -0.642909 0.301308
v -0.075862 -0.670378 0.273840
v -0.088044 -0.685445 0.258773
v -0.084476 -0.676851 0.267367
v -0.088044 -0.735969 0.208249
v -0.075862 -0.751035 0.193182
v -0.084476 -0.744562 0.199655
v -0.013624 -0.776444 0.167774
v 0.010741 -0.776444 0.167774
v -0.001442 -0.778504 0.165714
v 0.072978 -0.751035 0.193182
v 0.085161 -0.735969 0.208249
v 0.081593 -0.744562 0.199655
v 0.085161 -0.685445 0.258773
v 0.072978 -0.670378 0.273840
v 0.081593 -0.676851 0.267367
v 0.010741 -0.551114 0.158784
v -0.013624 -0.551114 0.158784
v -0.001442 -0.548423 0.159899
v -0.075862 -0.584312 0.145033
v -0.088044 -0.603998 0.136879
v -0.084476 -0.592769 0.141530
v -0.088044 -0.670010 0.109535
v -0.075862 -0.689696 0.101381
v -0.084476 -0.681239 0.104884
v -0.013624 -0.722894 0.087630
v 0.010741 -0.722894 0.087630
v -0.001442 -0.725585 0.086515
v 0.072978 -0.689696 0.101381
v 0.085161 -0.670010 0.109535
v 0.081593 -0.681239 0.104884
v 0.085161 -0.603998 0.136879
v 0.072978 -0.584312 0.145033
v 0.081593 -0.592769 0.141530
v 0.010741 -0.518156 -0.006905
v -0.013624 -0.518156 -0.006905
v -0.001442 -0.515243 -0.006905
v -0.075862 -0.554089 -0.006905
v -0.088044 -0.575397 -0.006905
v -0.084476 -0.563244 -0.006905
v -0.088044 -0.646849 -0.006905
v -0.075862 -0.668156 -0.006905
v -0.084476 -0.659002 -0.006905
v -0.013624 -0.704089 -0.006905
v 0.010741 -0.704089 -0.006905
v -0.001442 -0.707003 -0.006905
v 0.072978 -0.668157 -0.006905
v 0.085161 -0.646849 -0.006905
v 0.081593 -0.659002 -0.006905
v 0.085161 -0.575397 -0.006905
v 0.072978 -0.554089 -0.006905
v 0.081593 -0.563244 -0.006905
v 0.010741 -0.551114 -0.172594
v -0.013624 -0.551114 -0.172594
v -0.001442 -0.548422 -0.173709
v -0.075862 -0.584312 -0.158843
v -0.088044 -0.603998 -0.150689
v -0.084476 -0.592769 -0.155340
v -0.088044 -0.670010 -0.123346
v -0.075862 -0.689696 -0.115192
v -0.084476 -0.681239 -0.118695
v -0.013624 -0.722894 -0.101441
v 0.010741 -0.722894 -0.101441
v -0.001442 -0.725585 -0.100326
v 0.072978 -0.689696 -0.115192
v 0.085161 -0.670010 -0.123346
v 0.081593 -0.681239 -0.118695
v 0.085161 -0.603997 -0.150689
v 0.072978 -0.584312 -0.158843
v 0.081593 -0.592769 -0.155340
v 0.010741 -0.644969 -0.313059
v -0.013624 -0.644969 -0.313059
v -0.001442 -0.642909 -0.315119
v -0.075862 -0.670378 -0.287650
v -0.088044 -0.685445 -0.272583
v -0.084476 -0.676851 -0.281177
v -0.088044 -0.735969 -0.222060
v -0.075862 -0.751035 -0.206993
v -0.084476 -0.744562 -0.213466
v -0.013624 -0.776444 -0.181584
v 0.010741 -0.776444 -0.181584
v -0.001442 -0.778504 -0.179524
v 0.072978 -0.751035 -0.206993
v 0.085161 -0.735968 -0.222060
v 0.081593 -0.744562 -0.213466
v 0.085161 -0.685445 -0.272583
v 0.072978 -0.670378 -0.287650
v 0.081593 -0.676851 -0.281177
v 0.010741 -0.785434 -0.406914
v -0.013624 -0.785434 -0.406914
v -0.001442 -0.784319 -0.409606
v -0.075862 -0.799185 -0.373717
v -0.088044 -0.807339 -0.354031
v -0.084476 -0.802688 -0.365259
v -0.088044 -0.834682 -0.288018
v -0.075862 -0.842836 -0.268332
v -0.084476 -0.839333 -0.276790
v -0.013624 -0.856587 -0.235135
v 0.010741 -0.856587 -0.235135
v -0.001442 -0.857702 -0.232443
v 0.072978 -0.842836 -0.268332
v 0.085161 -0.834682 -0.288018
v 0.081593 -0.839333 -0.276790
v 0.085161 -0.807339 -0.354031
v 0.072978 -0.799185 -0.373717
v 0.081593 -0.802688 -0.365259
v 0.010741 -0.951123 -0.439872
v -0.013624 -0.951123 -0.439872
v -0.001442 -0.951123 -0.442785
v -0.075862 -0.951123 -0.403939
v -0.088044 -0.951123 -0.382631
v -0.084476 -0.951123 -0.394785
v -0.088044 -0.951123 -0.311180
v -0.075862 -0.951123 -0.289872
v -0.084476 -0.951123 -0.299026
v -0.013624 -0.951123 -0.253939
v 0.010741 -0.951123 -0.253939
v -0.001442 -0.951123 -0.251025
v 0.072978 -0.951123 -0.289872
v 0.085161 -0.951123 -0.311180
v 0.081593 -0.951123 -0.299026
v 0.085161 -0.951123 -0.382631
v 0.072978 -0.951123 -0.403939
v 0.081593 -0.951123 -0.394785
v 0.010741 -1.116812 -0.406914
v -0.013624 -1.116812 -0.406914
v -0.001442 -1.117927 -0.409606
v -0.075862 -1.103061 -0.373716
v -0.088044 -1.094907 -0.354031
v -0.084476 -1.099558 -0.365259
v -0.088044 -1.067564 -0.288018
v -0.075862 -1.059409 -0.268332
v -0.084476 -1.062913 -0.276790
v -0.013624 -1.045659 -0.235135
v 0.010741 -1.045659 -0.235135
v -0.001442 -1.044544 -0.232443
v 0.072978 -1.059410 -0.268332
v 0.085161 -1.067564 -0.288018
v 0.081593 -1.062913 -0.276790
v 0.085161 -1.094907 -0.354031
v 0.072978 -1.103061 -0.373716
v 0.081593 -1.099558 -0.365259
v 0.010741 -1.257276 -0.313059
v -0.013624 -1.257276 -0.313059
v -0.001442 -1.259336 -0.315119
v -0.075862 -1.231868 -0.287651
v -0.088044 -1.216801 -0.272584
v -0.084476 -1.225395 -0.281178
v -0.088044 -1.166277 -0.222060
v -0.075862 -1.151210 -0.206993
v -0.084476 -1.157683 -0.213466
v -0.013624 -1.125802 -0.181585
v 0.010741 -1.125802 -0.181585
v -0.001442 -1.123742 -0.179524
v 0.072978 -1.151210 -0.206993
v 0.085161 -1.166277 -0.222060
v 0.081593 -1.157683 -0.213466
v 0.085161 -1.216801 -0.272584
v 0.072978 -1.231868 -0.287651
v 0.081593 -1.225395 -0.281177
v 0.010741 -1.351132 -0.172595
v -0.013624 -1.351132 -0.172595
v -0.001442 -1.353823 -0.173709
v -0.075862 -1.317934 -0.158844
v -0.088044 -1.298248 -0.150689
v -0.084476 -1.309476 -0.155340
v -0.088044 -1.232236 -0.123346
v -0.075862 -1.212550 -0.115192
v -0.084476 -1.221007 -0.118695
v -0.013624 -1.179352 -0.101441
v 0.010741 -1.179352 -0.101441
v -0.001442 -1.176661 -0.100326
v 0.072978 -1.212550 -0.115192
v 0.085161 -1.232236 -0.123346
v 0.081593 -1.221007 -0.118695
v 0.085161 -1.298248 -0.150689
v 0.072978 -1.317934 -0.158844
v 0.081593 -1.309477 -0.155340
vn -0.9687 0.1129 0.2209
vn -0.9691 0.1093 -0.2213
vn -0.7004 0.0745 -0.7098
vn -0.2946 0.0260 -0.9553
vn 0.2932 -0.0414 -0.9551
vn 0.6994 -0.0860 -0.7095
vn 0.9687 -0.1129 -0.2209
vn 0.9691 -0.1093 0.2213
vn 0.7004 -0.0745 0.7098
vn 0.2946 -0.0260 0.9553
vn -0.2932 0.0414 0.9551
vn -0.6994 0.0860 0.7095
vn -0.8989 0.3674 0.2390
vn -0.8992 0.3635 -0.2436
vn -0.6222 0.2467 -0.7430
vn -0.2524 0.0945 -0.9630
vn 0.2511 -0.1101 -0.9617
vn 0.6211 -0.2587 -0.7398
vn 0.8988 -0.3674 -0.2390
vn 0.8992 -0.3635 0.2436
vn 0.6222 -0.2467 0.7430
vn 0.2524 -0.0945 0.9630
vn -0.2511 0.1101 0.9617
vn -0.6211 0.2587 0.7398
vn -0.7066 0.6508 0.2778
vn -0.7070 0.6463 -0.2872
vn -0.4479 0.4041 -0.7976
vn -0.1716 0.1489 -0.9739
vn 0.1702 -0.1646 -0.9716
vn 0.4468 -0.4169 -0.7916
vn 0.7066 -0.6508 -0.2778
vn 0.7070 -0.6463 0.2872
vn 0.4479 -0.4041 0.7976
vn 0.1716 -0.1489 0.9739
vn -0.1702 0.1646 0.9716
vn -0.4468 0.4169 0.7916
vn -0.2947 0.8997 0.3218
vn -0.2952 0.8944 -0.3359
vn -0.1701 0.5087 -0.8439
vn -0.0624 0.1798 -0.9817
vn 0.0610 -0.1956 -0.9788
vn 0.1689 -0.5223 -0.8359
vn 0.2947 -0.8997 -0.3219
vn 0.2952 -0.8944 0.3359
vn 0.1701 -0.5087 0.8439
vn 0.0624 -0.1798 0.9817
vn -0.0610 0.1956 0.9788
vn -0.1689 0.5223 0.8359
vn 0.2780 0.9052 0.3214
vn 0.2776 0.8999 -0.3364
vn 0.1590 0.5119 -0.8442
vn 0.0574 0.1809 -0.9818
vn -0.0588 -0.1968 -0.9787
vn -0.1603 -0.5255 -0.8356
vn -0.2780 -0.9052 -0.3214
vn -0.2776 -0.8999 0.3364
vn -0.1590 -0.5119 0.8442
vn -0.0574 -0.1809 0.9818
vn 0.0588 0.1968 0.9787
vn 0.1603 0.5255 0.8356
vn 0.6945 0.6642 0.2767
vn 0.6941 0.6596 -0.2884
vn 0.4389 0.4125 -0.7983
vn 0.1671 0.1522 -0.9741
vn -0.1685 -0.1679 -0.9713
vn -0.4400 -0.4254 -0.7909
vn -0.6945 -0.6642 -0.2767
vn -0.6941 -0.6596 0.2884
vn -0.4389 -0.4125 0.7983
vn -0.1671 -0.1521 0.9741
vn 0.1685 0.1679 0.9713
vn 0.4400 0.4254 0.7909
vn 0.8921 0.3844 0.2376
vn 0.8917 0.3805 -0.2450
vn 0.6162 0.2585 -0.7440
vn 0.2491 0.0993 -0.9634
vn -0.2504 -0.1149 -0.9613
vn -0.6172 -0.2705 -0.7388
vn -0.8921 -0.3844 -0.2376
vn -0.8917 -0.3805 0.2450
vn -0.6162 -0.2585 0.7440
vn -0.2491 -0.0993 0.9634
vn 0.2504 0.1149 0.9613
vn 0.6172 0.2705 0.7388
vn 0.9668 0.1313 0.2193
vn 0.9665 0.1277 -0.2228
vn 0.6978 0.0878 -0.7109
vn 0.2925 0.0316 -0.9557
vn -0.2939 -0.0470 -0.9547
vn -0.6988 -0.0993 -0.7084
vn -0.9668 -0.1313 -0.2193
vn -0.9665 -0.1277 0.2228
vn -0.6978 -0.0878 0.7109
vn -0.2925 -0.0316 0.9557
vn 0.2939 0.0470 0.9547
vn 0.6988 0.0993 0.7084
vn 0.8989 -0.3674 -0.2390
vn 0.2947 -0.8997 -0.3218
vn -0.2947 0.8997 0.3219
vn 0.1671 0.1521 -0.9741
vn -0.1671 -0.1522 0.9741
vn -0.8698 -0.1204 -0.4785
vn -0.8719 0.0960 -0.4803
vn -0.8712 0.1038 0.4799
vn -0.8691 -0.1126 0.4816
vn -0.0007 -0.0081 -1.0000
vn 0.8712 -0.1038 -0.4799
vn 0.8691 0.1126 -0.4816
vn 0.8719 -0.0960 0.4803
vn 0.8698 0.1204 0.4785
vn 0.0007 0.0081 1.0000
vn -0.7939 0.3270 0.5126
vn -0.7946 0.3187 -0.5167
vn 0.7939 -0.3270 -0.5126
vn 0.7946 -0.3187 0.5167
vn -0.6001 0.5557 0.5754
vn -0.6009 0.5463 -0.5835
vn 0.6001 -0.5557 -0.5754
vn 0.6009 -0.5463 0.5835
vn -0.2386 0.7323 0.6378
vn -0.2395 0.7219 -0.6493
vn 0.2386 -0.7323 -0.6378
vn 0.2395 -0.7219 0.6493
vn 0.2256 0.7367 0.6375
vn 0.2247 0.7263 -0.6496
vn -0.2256 -0.7367 -0.6375
vn -0.2247 -0.7263 0.6496
vn 0.5903 0.5670 0.5745
vn 0.5894 0.5577 -0.5844
vn -0.5903 -0.5670 -0.5745
vn -0.5894 -0.5577 0.5844
vn 0.7883 0.3421 0.5114
vn 0.7876 0.3338 -0.5180
vn -0.7883 -0.3421 -0.5114
vn -0.7876 -0.3338 0.5180
vn -0.9025 0.3765 0.2089
vn -0.9038 0.3745 -0.2071
vn -0.6732 0.2756 -0.6862
vn -0.2923 0.1157 -0.9493
vn 0.2866 -0.1250 -0.9499
vn 0.6690 -0.2824 -0.6875
vn 0.9025 -0.3765 -0.2089
vn 0.9038 -0.3745 0.2071
vn 0.6732 -0.2756 0.6862
vn 0.2923 -0.1157 0.9493
vn -0.2866 0.1250 0.9499
vn -0.6690 0.2824 0.6875
vn -0.5787 0.8002 0.1575
vn -0.5797 0.7986 -0.1619
vn -0.4782 0.6546 -0.5855
vn -0.2364 0.3179 -0.9182
vn 0.2308 -0.3269 -0.9164
vn 0.4747 -0.6604 -0.5819
vn 0.5787 -0.8002 -0.1575
vn 0.5797 -0.7986 0.1619
vn 0.4782 -0.6547 0.5855
vn 0.2364 -0.3179 0.9182
vn -0.2308 0.3269 0.9164
vn -0.4747 0.6604 0.5819
vn -0.2994 0.9461 0.1233
vn -0.3002 0.9449 -0.1308
vn -0.2642 0.8261 -0.4978
vn -0.1480 0.4540 -0.8786
vn 0.1427 -0.4626 -0.8750
vn 0.2612 -0.8309 -0.4912
vn 0.2994 -0.9461 -0.1233
vn 0.3002 -0.9449 0.1308
vn 0.2642 -0.8261 0.4978
vn 0.1480 -0.4540 0.8786
vn -0.1427 0.4626 0.8750
vn -0.2612 0.8309 0.4912
vn -0.0828 0.9906 0.1085
vn -0.0834 0.9895 -0.1178
vn -0.0760 0.8869 -0.4557
vn -0.0465 0.5188 -0.8537
vn 0.0413 -0.5271 -0.8488
vn 0.0733 -0.8913 -0.4474
vn 0.0828 -0.9906 -0.1085
vn 0.0834 -0.9895 0.1178
vn 0.0760 -0.8869 0.4557
vn 0.0465 -0.5188 0.8537
vn -0.0413 0.5271 0.8488
vn -0.0733 0.8913 0.4474
vn 0.1139 0.9876 0.1080
vn 0.1132 0.9865 -0.1184
vn 0.1006 0.8842 -0.4562
vn 0.0574 0.5171 -0.8540
vn -0.0625 -0.5255 -0.8485
vn -0.1033 -0.8886 -0.4469
vn -0.1139 -0.9876 -0.1080
vn -0.1132 -0.9865 0.1184
vn -0.1006 -0.8842 0.4562
vn -0.0574 -0.5171 0.8540
vn 0.0625 0.5255 0.8485
vn 0.1033 0.8886 0.4469
vn 0.3291 0.9364 0.1214
vn 0.3284 0.9352 -0.1326
vn 0.2866 0.8176 -0.4994
vn 0.1567 0.4493 -0.8795
vn -0.1620 -0.4579 -0.8741
vn -0.2896 -0.8224 -0.4896
vn -0.3291 -0.9364 -0.1214
vn -0.3284 -0.9352 0.1326
vn -0.2866 -0.8176 0.4994
vn -0.1567 -0.4493 0.8795
vn 0.1620 0.4579 0.8741
vn 0.2896 0.8224 0.4896
vn 0.6040 0.7819 0.1540
vn 0.6031 0.7804 -0.1654
vn 0.4947 0.6397 -0.5883
vn 0.2406 0.3105 -0.9196
vn -0.2462 -0.3196 -0.9150
vn -0.4982 -0.6454 -0.5790
vn -0.6040 -0.7820 -0.1540
vn -0.6031 -0.7804 0.1654
vn -0.4947 -0.6397 0.5883
vn -0.2406 -0.3105 0.9196
vn 0.2462 0.3196 0.9150
vn 0.4982 0.6454 0.5790
vn 0.9149 0.3485 0.2036
vn 0.9137 0.3465 -0.2125
vn 0.6773 0.2548 -0.6902
vn 0.2901 0.1067 -0.9510
vn -0.2959 -0.1161 -0.9481
vn -0.6814 -0.2616 -0.6835
vn -0.9149 -0.3485 -0.2035
vn -0.9137 -0.3465 0.2125
vn -0.6773 -0.2548 0.6902
vn -0.2901 -0.1067 0.9510
vn 0.2959 0.1160 0.9481
vn 0.6814 0.2616 0.6835
vn -0.4782 0.6547 -0.5855
vn -0.4746 0.6604 0.5819
vn 0.4782 -0.6546 0.5855
vn -0.1139 -0.9876 -0.1079
vn 0.0574 0.5172 -0.8540
vn -0.0574 -0.5172 0.8540
vn 0.2896 0.8225 0.4896
vn -0.6030 -0.7804 0.1654
vn 0.6030 0.7804 -0.1654
vn -0.2959 -0.1160 -0.9481
vn -0.8329 -0.3183 -0.4527
vn -0.8228 0.3393 -0.4560
vn -0.8200 0.3438 0.4576
vn -0.8302 -0.3138 0.4608
vn -0.0030 -0.0049 -1.0000
vn 0.8200 -0.3438 -0.4576
vn 0.8302 0.3138 -0.4608
vn 0.8228 -0.3393 0.4560
vn 0.8329 0.3183 0.4527
vn 0.0030 0.0049 1.0000
vn -0.5454 0.7561 0.3617
vn -0.5476 0.7525 -0.3658
vn 0.5454 -0.7561 -0.3617
vn 0.5476 -0.7525 0.3658
vn -0.2879 0.9122 0.2917
vn -0.2897 0.9093 -0.2989
vn 0.2879 -0.9122 -0.2917
vn 0.2897 -0.9093 0.2989
vn -0.0798 0.9621 0.2606
vn -0.0815 0.9595 -0.2696
vn 0.0798 -0.9621 -0.2606
vn 0.0815 -0.9595 0.2696
vn 0.1110 0.9592 0.2601
vn 0.1094 0.9566 -0.2702
vn -0.1110 -0.9592 -0.2601
vn -0.1094 -0.9566 0.2702
vn 0.3175 0.9028 0.2899
vn 0.3158 0.8999 -0.3007
vn -0.3175 -0.9028 -0.2899
vn -0.3158 -0.8999 0.3007
vn 0.5706 0.7389 0.3584
vn 0.5684 0.7353 -0.3691
vn -0.5706 -0.7389 -0.3584
vn -0.5684 -0.7353 0.3691
vn 0.3404 -0.9257 -0.1649
vn 0.5238 -0.5303 -0.6667
vn 0.9250 -0.3357 -0.1782
vn 0.5732 0.5139 -0.6383
vn 0.3480 0.9221 -0.1691
vn 0.9350 0.3374 -0.1094
vn 0.2437 -0.9507 0.1918
vn 0.8871 -0.4254 0.1792
vn 0.4706 -0.5643 0.6783
vn 0.4143 0.8893 0.1938
vn 0.5200 0.4798 0.7067
vn 0.9367 0.2458 0.2495
vn -0.3317 -0.9117 -0.2425
vn -0.9227 -0.3296 -0.1998
vn -0.5199 -0.4798 -0.7067
vn -0.3282 0.9335 -0.1443
vn -0.4706 0.5643 -0.6783
vn -0.9087 0.3462 -0.2334
vn -0.4266 -0.8971 0.1153
vn -0.5732 -0.5139 0.6383
vn -0.9529 -0.2562 0.1620
vn -0.2600 0.9403 0.2197
vn -0.8993 0.4176 0.1299
vn -0.5238 0.5303 0.6667
vn 0.3383 -0.9410 -0.0105
vn 0.9041 -0.4266 0.0250
vn 0.6434 -0.0096 -0.7654
vn 0.9831 -0.0416 -0.1781
vn 0.4256 0.9041 0.0397
vn 0.9402 0.3375 0.0458
vn 0.5810 -0.0496 0.8124
vn 0.9661 -0.0525 0.2528
vn -0.0546 -0.9805 0.1889
vn -0.0602 -0.6325 0.7722
vn 0.0376 0.9695 0.2420
vn -0.0023 0.5925 0.8056
vn -0.9831 0.0416 0.1781
vn -0.6434 0.0096 0.7654
vn -0.4256 -0.9041 -0.0397
vn -0.9402 -0.3376 -0.0458
vn -0.3383 0.9410 0.0105
vn -0.9041 0.4267 -0.0250
vn -0.5810 0.0496 -0.8124
vn -0.9661 0.0525 -0.2529
vn -0.0376 -0.9695 -0.2420
vn 0.0023 -0.5925 -0.8056
vn 0.0546 0.9805 -0.1890
vn 0.0602 0.6325 -0.7722
vn -0.0472 -0.9985 -0.0272
vn 0.9981 -0.0482 0.0383
vn 0.0395 0.0253 -0.9989
vn 0.0472 0.9985 0.0272
vn -0.0395 -0.0253 0.9989
vn -0.9981 0.0482 -0.0383
vn 0.3789 -0.9150 -0.1387
vn 0.5258 -0.5334 -0.6627
vn 0.9335 -0.2995 -0.1974
vn 0.5256 0.5122 -0.6793
vn 0.2971 0.9293 -0.2195
vn 0.9133 0.3758 -0.1569
vn 0.2957 -0.9291 0.2220
vn 0.9122 -0.3754 0.1645
vn 0.5202 -0.5120 0.6836
vn 0.3773 0.9152 0.1418
vn 0.5199 0.5336 0.6670
vn 0.9317 0.2998 0.2052
vn -0.2954 -0.9358 -0.1924
vn -0.9120 -0.3807 -0.1526
vn -0.5200 -0.5336 -0.6670
vn -0.3776 0.9101 -0.1708
vn -0.5201 0.5120 -0.6836
vn -0.9317 0.2930 -0.2146
vn -0.3786 -0.9103 0.1676
vn -0.5256 -0.5122 0.6793
vn -0.9334 -0.2933 0.2068
vn -0.2974 0.9357 0.1900
vn -0.9135 0.3803 0.1448
vn -0.5258 0.5334 0.6626
vn 0.3828 -0.9237 0.0162
vn 0.9239 -0.3824 0.0099
vn 0.6167 -0.0124 -0.7871
vn 0.9773 -0.0032 -0.2116
vn 0.3826 0.9238 -0.0131
vn 0.9238 0.3829 -0.0022
vn 0.6101 0.0127 0.7923
vn 0.9755 0.0036 0.2198
vn -0.0007 -0.9729 0.2312
vn -0.0032 -0.6008 0.7994
vn -0.0011 0.9798 0.2002
vn -0.0034 0.6258 0.7799
vn -0.9773 0.0032 0.2116
vn -0.6167 0.0124 0.7871
vn -0.3825 -0.9238 0.0130
vn -0.9238 -0.3828 0.0022
vn -0.3828 0.9237 -0.0162
vn -0.9239 0.3824 -0.0099
vn -0.6101 -0.0127 -0.7922
vn -0.9755 -0.0036 -0.2198
vn 0.0011 -0.9798 -0.2002
vn 0.0034 -0.6258 -0.7799
vn 0.0007 0.9729 -0.2312
vn 0.0032 0.6008 -0.7994
vn 0.0002 -0.9999 0.0159
vn 1.0000 0.0002 0.0042
vn 0.0042 -0.0159 -0.9999
vn -0.0002 0.9999 -0.0159
vn -0.0042 0.0159 0.9999
vn -1.0000 -0.0002 -0.0042
vn 0.2284 -0.9549 0.1899
vn -0.2283 -0.9549 0.1899
vn -0.7216 -0.6790 0.1351
vn -0.9580 -0.2813 0.0559
vn -0.9580 0.2813 -0.0559
vn -0.7216 0.6790 -0.1351
vn -0.2283 0.9549 -0.1899
vn 0.2283 0.9549 -0.1899
vn 0.7216 0.6790 -0.1351
vn 0.9580 0.2813 -0.0559
vn 0.9580 -0.2813 0.0559
vn 0.7216 -0.6790 0.1351
vn 0.2283 -0.8095 0.5409
vn -0.2284 -0.8095 0.5409
vn -0.7216 -0.5756 0.3846
vn -0.9580 -0.2384 0.1593
vn -0.9580 0.2384 -0.1593
vn -0.7216 0.5756 -0.3846
vn -0.2283 0.8095 -0.5409
vn 0.2283 0.8095 -0.5409
vn 0.7216 0.5757 -0.3846
vn 0.9580 0.2384 -0.1593
vn 0.9580 -0.2384 0.1593
vn 0.7216 -0.5756 0.3846
vn 0.2283 -0.5409 0.8095
vn -0.2283 -0.5409 0.8095
vn -0.7216 -0.3846 0.5756
vn -0.9580 -0.1593 0.2384
vn -0.9580 0.1593 -0.2384
vn -0.7216 0.3846 -0.5756
vn -0.2284 0.5409 -0.8095
vn 0.2283 0.5409 -0.8095
vn 0.7216 0.3846 -0.5756
vn 0.9580 0.1593 -0.2384
vn 0.9580 -0.1593 0.2384
vn 0.7216 -0.3846 0.5756
vn 0.2284 -0.1899 0.9549
vn -0.2283 -0.1899 0.9549
vn -0.7216 -0.1351 0.6790
vn -0.9580 -0.0559 0.2813
vn -0.9580 0.0559 -0.2813
vn -0.7216 0.1351 -0.6790
vn -0.2284 0.1899 -0.9549
vn 0.2284 0.1899 -0.9549
vn 0.7216 0.1351 -0.6790
vn 0.9580 0.0559 -0.2813
vn 0.9580 -0.0559 0.2813
vn 0.7216 -0.1351 0.6790
vn 0.2284 0.1899 0.9549
vn -0.2283 0.1899 0.9549
vn -0.7216 0.1351 0.6790
vn -0.9580 0.0559 0.2813
vn -0.9580 -0.0559 -0.2813
vn -0.7216 -0.1351 -0.6790
vn -0.2284 -0.1899 -0.9549
vn 0.2284 -0.1899 -0.9549
vn 0.7216 -0.1351 -0.6790
vn 0.9580 -0.0559 -0.2813
vn 0.9580 0.0559 0.2813
vn 0.7216 0.1351 0.6790
vn 0.2284 0.5409 0.8095
vn -0.2284 0.5409 0.8095
vn -0.7216 0.3846 0.5756
vn -0.9580 0.1593 0.2384
vn -0.9580 -0.1593 -0.2384
vn -0.7216 -0.3846 -0.5756
vn -0.2284 -0.5409 -0.8095
vn 0.2284 -0.5409 -0.8095
vn 0.7216 -0.3846 -0.5756
vn 0.9580 -0.1593 -0.2384
vn 0.9580 0.1593 0.2384
vn 0.7216 0.3846 0.5756
vn 0.2284 0.8095 0.5409
vn -0.2284 0.8095 0.5409
vn -0.7216 0.5756 0.3846
vn -0.9580 0.2384 0.1593
vn -0.9580 -0.2384 -0.1593
vn -0.7216 -0.5756 -0.3846
vn -0.2284 -0.8095 -0.5409
vn 0.2284 -0.8095 -0.5409
vn 0.7216 -0.5756 -0.3846
vn 0.9580 -0.2384 -0.1593
vn 0.9580 0.2384 0.1593
vn 0.7216 0.5756 0.3846
vn 0.2284 0.9549 0.1899
vn -0.2283 0.9549 0.1899
vn -0.7216 0.6790 0.1351
vn -0.9580 0.2813 0.0559
vn -0.9580 -0.2813 -0.0559
vn -0.7216 -0.6790 -0.1351
vn -0.2283 -0.9549 -0.1899
vn 0.2283 -0.9549 -0.1899
vn 0.7216 -0.6790 -0.1351
vn 0.9580 -0.2813 -0.0559
vn 0.9580 0.2813 0.0559
vn 0.7216 0.6790 0.1351
vn 0.2284 0.9549 -0.1899
vn -0.2284 0.9549 -0.1899
vn -0.2284 -0.9549 0.1899
vn 0.2284 0.8095 -0.5409
vn -0.2284 0.8095 -0.5409
vn 0.2284 -0.8095 0.5409
vn 0.7216 0.5756 -0.3846
vn 0.2284 0.5409 -0.8095
vn -0.2283 0.5409 -0.8095
vn -0.2284 -0.5409 0.8095
vn -0.2283 0.1899 -0.9549
vn -0.2284 -0.1899 0.9549
vn 0.2283 -0.1899 -0.9549
vn -0.2284 0.1899 0.9549
vn -0.7216 0.3846 0.5757
vn -0.2283 0.5409 0.8095
vn 0.7216 0.3846 0.5757
vn 0.7216 -0.5757 -0.3846
vn -0.2284 0.9549 0.1899
vn -0.4927 -0.8535 -0.1698
vn -0.4927 -0.8535 0.1698
vn 0.4927 -0.8535 0.1698
vn 0.4927 -0.8535 -0.1698
vn -1.0000 -0.0000 -0.0000
vn -0.4927 0.8535 -0.1698
vn -0.4927 0.8535 0.1698
vn 0.4927 0.8535 -0.1698
vn 0.4927 0.8535 0.1698
vn 1.0000 -0.0000 -0.0000
vn 0.4927 -0.7235 0.4834
vn -0.4927 -0.7235 0.4834
vn -0.4927 0.7235 -0.4834
vn 0.4927 0.7235 -0.4834
vn 0.4927 -0.4834 0.7235
vn -0.4927 -0.4834 0.7235
vn -0.4927 0.4834 -0.7235
vn 0.4927 0.4834 -0.7235
vn 0.4927 -0.1698 0.8535
vn -0.4927 -0.1698 0.8535
vn -0.4927 0.1698 -0.8535
vn 0.4927 0.1698 -0.8535
vn 0.4927 0.1698 0.8535
vn -0.4927 0.1698 0.8535
vn -0.4927 -0.1698 -0.8535
vn 0.4927 -0.1698 -0.8535
vn 0.4927 0.4834 0.7235
vn -0.4927 0.4834 0.7235
vn -0.4927 -0.4834 -0.7235
vn 0.4927 -0.4834 -0.7235
vn 0.4927 0.7235 0.4834
vn -0.4927 0.7235 0.4834
vn -0.4927 -0.7235 -0.4834
vn 0.4927 -0.7235 -0.4834
vn -0.8988 0.3674 0.2390
vn 0.1602 0.5255 0.8356
vn 0.9688 -0.1129 -0.2209
vn -0.1602 -0.5255 -0.8356
vn 0.0465 -0.5187 0.8537
vn 0.1139 0.9876 0.1079
vn -0.2896 -0.8225 -0.4896
vn -0.6040 -0.7819 -0.1540
vn 0.9149 0.3485 0.2035
vn -0.9149 -0.3485 -0.2036
vn -0.2902 -0.1067 0.9510
vn -0.0465 0.5187 -0.8537
vn 0.2902 0.1067 -0.9510
vn 0.2600 -0.9403 -0.2198
vn 0.4411 -0.4310 -0.7872
vn 0.8993 -0.4176 -0.1299
vn 0.4818 0.4296 -0.7638
vn 0.4266 0.8971 -0.1153
vn 0.9530 0.2562 -0.1620
vn 0.3282 -0.9335 0.1443
vn 0.9086 -0.3462 0.2334
vn 0.3785 -0.4712 0.7967
vn 0.3317 0.9117 0.2425
vn 0.4191 0.3895 0.8202
vn 0.9228 0.3295 0.1998
vn -0.4143 -0.8893 -0.1938
vn -0.9366 -0.2458 -0.2496
vn -0.4191 -0.3895 -0.8201
vn -0.2437 0.9507 -0.1918
vn -0.3784 0.4711 -0.7968
vn -0.8871 0.4254 -0.1793
vn -0.3480 -0.9221 0.1691
vn -0.4818 -0.4296 0.7637
vn -0.9350 -0.3374 0.1094
vn -0.3404 0.9257 0.1649
vn -0.9250 0.3357 0.1781
vn -0.4412 0.4310 0.7871
vn 0.9041 -0.4267 0.0250
vn 0.4255 0.9041 0.0397
vn 0.9661 -0.0525 0.2529
vn -0.0546 -0.9805 0.1890
vn -0.0602 -0.6325 0.7723
vn -0.6434 0.0096 0.7655
vn -0.9041 0.4266 -0.0250
vn -0.9661 0.0525 -0.2528
vn 0.0602 0.6324 -0.7723
vn 0.2974 -0.9357 -0.1900
vn 0.4344 -0.4434 -0.7840
vn 0.9134 -0.3803 -0.1449
vn 0.4342 0.4184 -0.7977
vn 0.3786 0.9103 -0.1676
vn 0.9334 0.2934 -0.2068
vn 0.3776 -0.9101 0.1707
vn 0.9318 -0.2928 0.2146
vn 0.4277 -0.4182 0.8014
vn 0.2954 0.9358 0.1924
vn 0.4275 0.4435 0.7877
vn 0.9120 0.3807 0.1525
vn -0.3773 -0.9152 -0.1418
vn -0.9317 -0.2999 -0.2052
vn -0.4276 -0.4436 -0.7877
vn -0.2957 0.9291 -0.2220
vn -0.4277 0.4183 -0.8013
vn -0.9121 0.3754 -0.1645
vn -0.2971 -0.9293 0.2195
vn -0.4342 -0.4184 0.7978
vn -0.9133 -0.3758 0.1569
vn -0.3789 0.9150 0.1386
vn -0.9335 0.2994 0.1974
vn -0.4343 0.4433 0.7841
vn 0.9239 -0.3825 0.0099
vn 0.9773 -0.0032 -0.2117
vn 0.3825 0.9239 -0.0130
vn 0.6101 0.0127 0.7922
vn 0.9756 0.0036 0.2197
vn -0.0034 0.6258 0.7800
vn -0.9239 0.3825 -0.0099
vn 0.0034 -0.6258 -0.7800
vn -0.2283 -0.8095 0.5409
vn -0.7216 0.5757 -0.3846
vn 0.2284 -0.5409 0.8095
vn 0.2283 -0.1899 0.9549
vn 0.2283 -0.5409 -0.8095
vn 0.2283 0.9549 0.1899
vn -0.2284 -0.9549 -0.1899
vn 0.2284 -0.9549 -0.1899
vn 0.2283 -0.8095 -0.5409
vn -0.7216 -0.5757 -0.3846
vn -0.7216 0.5757 0.3846
vt 0.562500 0.489343
vt 0.500000 0.500000
vt 0.500000 0.489343
vt 0.562500 0.510657
vt 0.500000 0.510657
vt 0.500000 0.656010
vt 0.562500 0.666667
vt 0.500000 0.666667
vt 0.562500 0.677481
vt 0.500000 0.677481
vt 0.500000 0.822519
vt 0.562500 0.833333
vt 0.500000 0.833333
vt 0.562500 0.843990
vt 0.500000 0.843990
vt 0.500000 0.989343
vt 0.562500 1.000000
vt 0.500000 1.000000
vt 0.562500 -0.000000
vt 0.500000 0.010657
vt 0.500000 -0.000000
vt 0.562500 0.156010
vt 0.500000 0.166667
vt 0.500000 0.156010
vt 0.562500 0.166667
vt 0.500000 0.177481
vt 0.562500 0.322519
vt 0.500000 0.333333
vt 0.500000 0.322519
vt 0.562500 0.333333
vt 0.500000 0.343990
vt 0.625000 0.489343
vt 0.562500 0.500000
vt 0.625000 0.510657
vt 0.562500 0.656010
vt 0.625000 0.666667
vt 0.625000 0.677481
vt 0.562500 0.822519
vt 0.625000 0.833333
vt 0.625000 0.843990
vt 0.562500 0.989343
vt 0.625000 1.000000
vt 0.625000 -0.000000
vt 0.562500 0.010657
vt 0.625000 0.156010
vt 0.625000 0.166667
vt 0.562500 0.177480
vt 0.625000 0.322520
vt 0.625000 0.333333
vt 0.562500 0.343990
vt 0.687500 0.489343
vt 0.625000 0.500000
vt 0.687500 0.510657
vt 0.625000 0.656010
vt 0.687500 0.666667
vt 0.687500 0.677481
vt 0.625000 0.822519
vt 0.687500 0.833333
vt 0.687500 0.843990
vt 0.625000 0.989343
vt 0.687500 1.000000
vt 0.687500 -0.000000
vt 0.625000 0.010657
vt 0.687500 0.156010
vt 0.687500 0.166667
vt 0.625000 0.177481
vt 0.687500 0.322520
vt 0.687500 0.333333
vt 0.625000 0.343990
vt 0.750000 0.489343
vt 0.687500 0.500000
vt 0.750000 0.510657
vt 0.687500 0.656010
vt 0.750000 0.666667
vt 0.750000 0.677481
vt 0.687500 0.822519
vt 0.750000 0.833333
vt 0.750000 0.843990
vt 0.687500 0.989343
vt 0.750000 1.000000
vt 0.750000 -0.000000
vt 0.687500 0.010657
vt 0.750000 0.156010
vt 0.750000 0.166667
vt 0.687500 0.177481
vt 0.750000 0.322519
vt 0.750000 0.333333
vt 0.687500 0.343990
vt 0.812500 0.500000
vt 0.750000 0.500000
vt 0.812500 0.656010
vt 0.750000 0.656010
vt 0.812500 0.666667
vt 0.812500 0.822519
vt 0.750000 0.822519
vt 0.812500 0.833333
vt 0.812500 0.989343
vt 0.750000 0.989343
vt 0.812500 0.010657
vt 0.750000 0.010657
vt 0.812500 0.166667
vt 0.812500 0.177481
vt 0.750000 0.177481
vt 0.812500 0.333333
vt 0.812500 0.343990
vt 0.750000 0.343990
vt 0.812500 0.489343
vt 0.875000 0.500000
vt 0.812500 0.510657
vt 0.875000 0.656010
vt 0.875000 0.666667
vt 0.812500 0.677481
vt 0.875000 0.822519
vt 0.875000 0.833333
vt 0.812500 0.843990
vt 0.875000 0.989343
vt 0.812500 1.000000
vt 0.812500 -0.000000
vt 0.875000 0.010657
vt 0.812500 0.156010
vt 0.875000 0.166667
vt 0.875000 0.177481
vt 0.812500 0.322520
vt 0.875000 0.333333
vt 0.875000 0.343990
vt 0.875000 0.489343
vt 0.937500 0.500000
vt 0.875000 0.510657
vt 0.937500 0.656010
vt 0.937500 0.666667
vt 0.875000 0.677481
vt 0.937500 0.822519
vt 0.937500 0.833333
vt 0.875000 0.843990
vt 0.937500 0.989343
vt 0.875000 1.000000
vt 0.875000 -0.000000
vt 0.937500 0.010657
vt 0.875000 0.156010
vt 0.937500 0.166667
vt 0.937500 0.177481
vt 0.875000 0.322520
vt 0.937500 0.333333
vt 0.937500 0.343990
vt 0.937500 0.489343
vt 0.999850 0.500000
vt 0.937500 0.510657
vt 1.000000 0.656010
vt 0.999912 0.666667
vt 0.937500 0.677481
vt 1.000000 0.822519
vt 1.000000 0.833333
vt 0.937500 0.843990
vt 1.000000 0.989343
vt 0.937500 1.000000
vt 0.937500 -0.000000
vt 1.000000 0.010657
vt 0.937500 0.156010
vt 1.000000 0.166667
vt 1.000000 0.177481
vt 0.937500 0.322520
vt 0.999912 0.333333
vt 1.000000 0.343990
vt 0.062500 0.489343
vt 0.000150 0.500000
vt 0.000000 0.489343
vt 0.062500 0.510657
vt 0.000000 0.510657
vt 0.000000 0.656010
vt 0.062500 0.666667
vt 0.000088 0.666667
vt 0.062500 0.677481
vt 0.000000 0.677481
vt 0.000000 0.822519
vt 0.062500 0.833333
vt 0.000000 0.833333
vt 0.062500 0.843990
vt 0.000000 0.843990
vt 0.000000 0.989343
vt 0.062500 1.000000
vt 0.000000 1.000000
vt 0.062500 -0.000000
vt 0.000000 0.010657
vt 0.000000 -0.000000
vt 0.062500 0.156010
vt 0.000000 0.166667
vt 0.000000 0.156010
vt 0.062500 0.166667
vt 0.000000 0.177481
vt 0.062500 0.322520
vt 0.000088 0.333333
vt 0.000000 0.322519
vt 0.062500 0.333333
vt 0.000000 0.343990
vt 0.125000 0.489343
vt 0.062500 0.500000
vt 0.125000 0.510657
vt 0.062500 0.656010
vt 0.125000 0.666667
vt 0.125000 0.677481
vt 0.062500 0.822519
vt 0.125000 0.833333
vt 0.125000 0.843990
vt 0.062500 0.989343
vt 0.125000 1.000000
vt 0.125000 -0.000000
vt 0.062500 0.010657
vt 0.125000 0.156010
vt 0.125000 0.166667
vt 0.062500 0.177481
vt 0.125000 0.322520
vt 0.125000 0.333333
vt 0.062500 0.343990
vt 0.187500 0.489343
vt 0.125000 0.500000
vt 0.187500 0.510657
vt 0.125000 0.656010
vt 0.187500 0.666667
vt 0.187500 0.677481
vt 0.125000 0.822519
vt 0.187500 0.833333
vt 0.187500 0.843990
vt 0.125000 0.989343
vt 0.187500 1.000000
vt 0.187500 -0.000000
vt 0.125000 0.010657
vt 0.187500 0.156010
vt 0.187500 0.166667
vt 0.125000 0.177481
vt 0.187500 0.322520
vt 0.187500 0.333333
vt 0.125000 0.343990
vt 0.250000 0.489343
vt 0.187500 0.500000
vt 0.250000 0.510657
vt 0.187500 0.656010
vt 0.250000 0.666667
vt 0.250000 0.677481
vt 0.187500 0.822519
vt 0.250000 0.833333
vt 0.250000 0.843990
vt 0.187500 0.989343
vt 0.250000 1.000000
vt 0.250000 -0.000000
vt 0.187500 0.010657
vt 0.250000 0.156010
vt 0.250000 0.166667
vt 0.187500 0.177481
vt 0.250000 0.322519
vt 0.250000 0.333333
vt 0.187500 0.343990
vt 0.312500 0.500000
vt 0.250000 0.500000
vt 0.312500 0.656010
vt 0.250000 0.656010
vt 0.312500 0.666667
vt 0.312500 0.822519
vt 0.250000 0.822520
vt 0.312500 0.833333
vt 0.312500 0.989343
vt 0.250000 0.989343
vt 0.312500 0.010657
vt 0.250000 0.010657
vt 0.312500 0.166667
vt 0.312500 0.177481
vt 0.250000 0.177481
vt 0.312500 0.333333
vt 0.312500 0.343990
vt 0.250000 0.343990
vt 0.312500 0.489343
vt 0.375000 0.500000
vt 0.312500 0.510657
vt 0.375000 0.656010
vt 0.375000 0.666667
vt 0.312500 0.677481
vt 0.375000 0.822519
vt 0.375000 0.833333
vt 0.312500 0.843990
vt 0.375000 0.989343
vt 0.312500 1.000000
vt 0.312500 -0.000000
vt 0.375000 0.010657
vt 0.312500 0.156010
vt 0.375000 0.166667
vt 0.375000 0.177481
vt 0.312500 0.322519
vt 0.375000 0.333333
vt 0.375000 0.343990
vt 0.375000 0.489343
vt 0.437500 0.500000
vt 0.375000 0.510657
vt 0.437500 0.656010
vt 0.437500 0.666667
vt 0.375000 0.677481
vt 0.437500 0.822519
vt 0.437500 0.833333
vt 0.375000 0.843990
vt 0.437500 0.989343
vt 0.375000 1.000000
vt 0.375000 -0.000000
vt 0.437500 0.010657
vt 0.375000 0.156010
vt 0.437500 0.166667
vt 0.437500 0.177481
vt 0.375000 0.322519
vt 0.437500 0.333333
vt 0.437500 0.343990
vt 0.437500 0.510657
vt 0.437500 0.489343
vt 0.437500 0.677481
vt 0.437500 0.843990
vt 0.437500 -0.000000
vt 0.437500 1.000000
vt 0.437500 0.156010
vt 0.437500 0.322520
vt 1.000000 0.489343
vt 1.000000 0.510657
vt 1.000000 0.677481
vt 1.000000 0.843990
vt 1.000000 0.156010
vt 1.000000 0.322519
vt 0.500000 0.473950
vt 0.500000 0.500000
vt 0.500000 0.526050
vt 0.562500 0.640617
vt 0.500000 0.666667
vt 0.500000 0.640616
vt 0.562500 0.666667
vt 0.500000 0.693101
vt 0.562500 0.806900
vt 0.500000 0.833333
vt 0.500000 0.806899
vt 0.562500 0.833333
vt 0.500000 0.859384
vt 0.562500 0.973950
vt 0.500000 0.973950
vt 0.562500 0.026050
vt 0.500000 0.026050
vt 0.500000 0.140616
vt 0.562500 0.166667
vt 0.562500 0.193100
vt 0.500000 0.193101
vt 0.500000 0.306899
vt 0.562500 0.333333
vt 0.500000 0.333333
vt 0.562500 0.359384
vt 0.500000 0.359384
vt 0.562500 0.473950
vt 0.562500 0.526050
vt 0.625000 0.640616
vt 0.625000 0.666667
vt 0.562500 0.693101
vt 0.625000 0.806899
vt 0.625000 0.833333
vt 0.562500 0.859384
vt 0.625000 0.973950
vt 0.562500 1.000000
vt 0.562500 -0.000000
vt 0.625000 0.026050
vt 0.562500 0.140617
vt 0.625000 0.166667
vt 0.625000 0.193101
vt 0.562500 0.306900
vt 0.625000 0.359384
vt 0.625000 0.473950
vt 0.687500 0.500000
vt 0.625000 0.526050
vt 0.687500 0.640616
vt 0.687500 0.666667
vt 0.625000 0.693101
vt 0.687500 0.806900
vt 0.687500 0.833333
vt 0.625000 0.859384
vt 0.687500 0.973950
vt 0.625000 1.000000
vt 0.625000 -0.000000
vt 0.687500 0.026050
vt 0.625000 0.140617
vt 0.687500 0.166667
vt 0.687500 0.193101
vt 0.625000 0.306899
vt 0.687500 0.359384
vt 0.687500 0.473950
vt 0.750000 0.500000
vt 0.687500 0.526050
vt 0.750000 0.640616
vt 0.750000 0.666667
vt 0.687500 0.693100
vt 0.750000 0.806899
vt 0.750000 0.833333
vt 0.687500 0.859384
vt 0.750000 0.973950
vt 0.687500 -0.000000
vt 0.750000 0.026050
vt 0.687500 0.140616
vt 0.750000 0.166667
vt 0.750000 0.193101
vt 0.687500 0.306900
vt 0.750000 0.333333
vt 0.750000 0.359384
vt 0.812500 0.473950
vt 0.750000 0.473950
vt 0.812500 0.526050
vt 0.750000 0.526050
vt 0.812500 0.666667
vt 0.812500 0.693100
vt 0.750000 0.693101
vt 0.812500 0.833333
vt 0.812500 0.859384
vt 0.750000 0.859384
vt 0.812500 1.000000
vt 0.750000 1.000000
vt 0.812500 -0.000000
vt 0.812500 0.140616
vt 0.750000 0.140616
vt 0.812500 0.306900
vt 0.750000 0.306899
vt 0.875000 0.473950
vt 0.812500 0.500000
vt 0.875000 0.526050
vt 0.812500 0.640616
vt 0.875000 0.666667
vt 0.875000 0.693100
vt 0.812500 0.806900
vt 0.875000 0.833333
vt 0.875000 0.859384
vt 0.812500 0.973950
vt 0.875000 1.000000
vt 0.812500 0.026050
vt 0.875000 0.140616
vt 0.875000 0.166667
vt 0.812500 0.193101
vt 0.875000 0.306899
vt 0.875000 0.333333
vt 0.812500 0.359384
vt 0.937500 0.473950
vt 0.937500 0.526050
vt 0.875000 0.640616
vt 0.937500 0.693101
vt 0.875000 0.806900
vt 0.937500 0.833333
vt 0.937500 0.859384
vt 0.875000 0.973950
vt 0.937500 1.000000
vt 0.875000 0.026050
vt 0.937500 0.140616
vt 0.937500 0.166667
vt 0.875000 0.193101
vt 0.937500 0.306899
vt 0.937500 0.333333
vt 0.875000 0.359384
vt 1.000000 0.473950
vt 1.000000 0.526050
vt 0.937500 0.640617
vt 0.999907 0.666667
vt 1.000000 0.693101
vt 0.937500 0.806900
vt 1.000000 0.833333
vt 1.000000 0.859383
vt 0.937500 0.973950
vt 1.000000 1.000000
vt 1.000000 -0.000000
vt 0.937500 0.026050
vt 1.000000 0.140617
vt 0.937500 0.193101
vt 1.000000 0.306899
vt 0.999907 0.333333
vt 0.937500 0.359384
vt 0.000000 0.473950
vt 0.062500 0.500000
vt 0.000169 0.500000
vt 0.000000 0.526050
vt 0.062500 0.640616
vt 0.000093 0.666667
vt 0.000000 0.640616
vt 0.062500 0.666667
vt 0.000000 0.693101
vt 0.062500 0.806899
vt 0.000000 0.833333
vt 0.000000 0.806899
vt 0.062500 0.833333
vt 0.000000 0.859383
vt 0.062500 0.973950
vt 0.000000 0.973950
vt 0.062500 0.026050
vt 0.000000 0.026050
vt 0.000000 0.140616
vt 0.062500 0.166667
vt 0.000000 0.166667
vt 0.062500 0.193101
vt 0.000000 0.193101
vt 0.000000 0.306899
vt 0.062500 0.333333
vt 0.000093 0.333333
vt 0.062500 0.359384
vt 0.000000 0.359383
vt 0.062500 0.473950
vt 0.062500 0.526050
vt 0.125000 0.640616
vt 0.125000 0.666667
vt 0.062500 0.693101
vt 0.125000 0.806899
vt 0.125000 0.833333
vt 0.062500 0.859383
vt 0.125000 0.973950
vt 0.062500 -0.000000
vt 0.125000 0.026050
vt 0.062500 0.140617
vt 0.125000 0.193101
vt 0.062500 0.306899
vt 0.125000 0.333333
vt 0.125000 0.359384
vt 0.125000 0.473950
vt 0.187500 0.500000
vt 0.125000 0.526050
vt 0.187500 0.640616
vt 0.187500 0.666667
vt 0.125000 0.693101
vt 0.187500 0.806899
vt 0.125000 0.859383
vt 0.187500 0.973950
vt 0.187500 0.026050
vt 0.125000 0.140617
vt 0.187500 0.166667
vt 0.187500 0.193101
vt 0.125000 0.306899
vt 0.187500 0.333333
vt 0.187500 0.359384
vt 0.187500 0.473950
vt 0.250000 0.500000
vt 0.187500 0.526050
vt 0.250000 0.640616
vt 0.250000 0.666667
vt 0.187500 0.693100
vt 0.250000 0.806899
vt 0.250000 0.833333
vt 0.187500 0.859384
vt 0.250000 0.973950
vt 0.187500 1.000000
vt 0.187500 -0.000000
vt 0.250000 0.026050
vt 0.187500 0.140616
vt 0.250000 0.193101
vt 0.187500 0.306900
vt 0.250000 0.333333
vt 0.250000 0.359384
vt 0.312500 0.473950
vt 0.250000 0.473950
vt 0.312500 0.526050
vt 0.250000 0.526050
vt 0.312500 0.666667
vt 0.312500 0.693101
vt 0.250000 0.693101
vt 0.312500 0.833333
vt 0.312500 0.859384
vt 0.250000 0.859383
vt 0.312500 0.140616
vt 0.250000 0.140617
vt 0.312500 0.166667
vt 0.312500 0.306900
vt 0.250000 0.306899
vt 0.312500 0.333333
vt 0.375000 0.473950
vt 0.312500 0.500000
vt 0.375000 0.526050
vt 0.312500 0.640617
vt 0.375000 0.666667
vt 0.375000 0.693101
vt 0.312500 0.806900
vt 0.375000 0.859384
vt 0.312500 0.973950
vt 0.312500 0.026050
vt 0.375000 0.140616
vt 0.375000 0.166667
vt 0.312500 0.193100
vt 0.375000 0.306900
vt 0.375000 0.333333
vt 0.312500 0.359384
vt 0.437500 0.473950
vt 0.375000 0.500000
vt 0.437500 0.526050
vt 0.375000 0.640616
vt 0.437500 0.666667
vt 0.437500 0.693101
vt 0.375000 0.806900
vt 0.437500 0.833333
vt 0.437500 0.859384
vt 0.375000 0.973950
vt 0.437500 1.000000
vt 0.437500 -0.000000
vt 0.375000 0.026050
vt 0.437500 0.140616
vt 0.437500 0.166667
vt 0.375000 0.193101
vt 0.437500 0.306899
vt 0.375000 0.359384
vt 0.437500 0.500000
vt 0.437500 0.640616
vt 0.437500 0.806899
vt 0.437500 0.026050
vt 0.437500 0.973950
vt 0.437500 0.193101
vt 0.437500 0.359384
vt 1.000000 0.359384
vt 1.000000 0.640616
vt 1.000000 0.806899
vt 1.000000 0.973950
vt 1.000000 0.026050
vt 1.000000 0.193101
vt 0.128500 0.746500
vt 0.126479 0.750000
vt 0.125000 0.746500
vt 0.378500 1.000000
vt 0.375000 0.996500
vt 0.378500 0.996500
vt 0.378500 0.003500
vt 0.375000 0.001479
vt 0.378500 0.000000
vt 0.625000 0.996500
vt 0.621500 1.000000
vt 0.621500 0.996500
vt 0.871500 0.746500
vt 0.875000 0.748521
vt 0.871500 0.750000
vt 0.621500 0.003500
vt 0.623521 0.000000
vt 0.625000 0.003500
vt 0.128500 0.503500
vt 0.125000 0.501479
vt 0.128500 0.500000
vt 0.378500 0.246500
vt 0.375740 0.250740
vt 0.375000 0.246500
vt 0.375000 0.253500
vt 0.378500 0.250000
vt 0.378500 0.253500
vt 0.871500 0.503500
vt 0.873521 0.500000
vt 0.875000 0.503500
vt 0.621500 0.250000
vt 0.625000 0.253500
vt 0.621500 0.253500
vt 0.621500 0.246500
vt 0.624260 0.249260
vt 0.371500 0.746500
vt 0.375493 0.750000
vt 0.373250 0.751750
vt 0.378500 0.746500
vt 0.375000 0.746500
vt 0.378500 0.750000
vt 0.378500 0.753500
vt 0.628500 0.746500
vt 0.625000 0.749507
vt 0.625000 0.746500
vt 0.621500 0.750000
vt 0.626750 0.751750
vt 0.621500 0.753500
vt 0.621500 0.746500
vt 0.371500 0.503500
vt 0.375000 0.500493
vt 0.375000 0.503500
vt 0.378500 0.500000
vt 0.373250 0.498250
vt 0.378500 0.496500
vt 0.378500 0.503500
vt 0.628500 0.503500
vt 0.624507 0.500000
vt 0.626750 0.498250
vt 0.621500 0.503500
vt 0.625000 0.503500
vt 0.621500 0.500000
vt 0.621500 0.496500
vt 0.125000 0.503500
vt 0.875000 0.746500
vt 0.625000 0.246500
vt 0.871500 0.500000
vt 0.128500 0.750000
vt 0.378500 0.246500
vt 0.378500 0.253500
vt 0.621500 0.246500
vt 0.625000 0.746500
vt 0.375000 0.003500
vt 0.621500 0.000000
vt 0.562500 0.476555
vt 0.500000 0.476555
vt 0.562500 0.523445
vt 0.500000 0.523445
vt 0.562500 0.643221
vt 0.500000 0.666667
vt 0.500000 0.643222
vt 0.562500 0.690457
vt 0.500000 0.690457
vt 0.500000 0.809543
vt 0.562500 0.833333
vt 0.500000 0.833333
vt 0.500000 0.856778
vt 0.500000 0.976555
vt 0.500000 1.000000
vt 0.500000 0.023445
vt 0.500000 -0.000000
vt 0.562500 0.143222
vt 0.500000 0.166667
vt 0.500000 0.143222
vt 0.562500 0.166667
vt 0.500000 0.190457
vt 0.500000 0.309543
vt 0.562500 0.333333
vt 0.500000 0.333333
vt 0.500000 0.356778
vt 0.625000 0.476555
vt 0.625000 0.523445
vt 0.625000 0.643221
vt 0.625000 0.666667
vt 0.625000 0.809543
vt 0.562500 0.809543
vt 0.562500 0.856779
vt 0.562500 0.976555
vt 0.625000 -0.000000
vt 0.562500 0.023445
vt 0.625000 0.143221
vt 0.625000 0.166667
vt 0.562500 0.190457
vt 0.562500 0.309543
vt 0.625000 0.356779
vt 0.562500 0.356779
vt 0.687500 0.476555
vt 0.625000 0.500000
vt 0.687500 0.643221
vt 0.687500 0.666667
vt 0.625000 0.690457
vt 0.687500 0.809543
vt 0.687500 0.856778
vt 0.625000 0.856779
vt 0.687500 0.976555
vt 0.625000 0.976555
vt 0.687500 0.023445
vt 0.625000 0.023445
vt 0.687500 0.166667
vt 0.625000 0.190457
vt 0.625000 0.309543
vt 0.687500 0.333333
vt 0.687500 0.356779
vt 0.750000 0.476555
vt 0.750000 0.500000
vt 0.687500 0.523445
vt 0.750000 0.643221
vt 0.750000 0.690457
vt 0.687500 0.690457
vt 0.687500 0.833333
vt 0.750000 0.856778
vt 0.750000 1.000000
vt 0.687500 1.000000
vt 0.750000 -0.000000
vt 0.750000 0.143222
vt 0.687500 0.143222
vt 0.750000 0.190457
vt 0.687500 0.190457
vt 0.750000 0.309543
vt 0.687500 0.309543
vt 0.750000 0.333333
vt 0.812500 0.523445
vt 0.750000 0.523445
vt 0.812500 0.643221
vt 0.812500 0.690457
vt 0.750000 0.809543
vt 0.812500 0.833333
vt 0.750000 0.976555
vt 0.812500 1.000000
vt 0.812500 -0.000000
vt 0.750000 0.023445
vt 0.812500 0.166667
vt 0.750000 0.166667
vt 0.812500 0.309543
vt 0.812500 0.333333
vt 0.750000 0.356778
vt 0.812500 0.476555
vt 0.875000 0.643221
vt 0.812500 0.809543
vt 0.875000 0.833333
vt 0.875000 0.856778
vt 0.812500 0.856779
vt 0.875000 0.976555
vt 0.812500 0.976555
vt 0.875000 -0.000000
vt 0.812500 0.023445
vt 0.812500 0.143222
vt 0.875000 0.166667
vt 0.875000 0.190457
vt 0.812500 0.190457
vt 0.875000 0.309543
vt 0.875000 0.333333
vt 0.812500 0.356779
vt 0.875000 0.476555
vt 0.937500 0.500000
vt 0.875000 0.523445
vt 0.937500 0.666667
vt 0.875000 0.690457
vt 0.937500 0.809543
vt 0.875000 0.809543
vt 0.937500 0.833333
vt 0.875000 1.000000
vt 0.937500 0.023445
vt 0.875000 0.023445
vt 0.875000 0.143222
vt 0.937500 0.166667
vt 0.937500 0.309543
vt 0.937500 0.333333
vt 0.875000 0.356779
vt 0.937500 0.476555
vt 0.999707 0.500000
vt 1.000000 0.523445
vt 0.937500 0.523445
vt 1.000000 0.643221
vt 0.937500 0.643221
vt 1.000000 0.690457
vt 0.937500 0.690457
vt 1.000000 0.809543
vt 1.000000 0.856779
vt 0.937500 0.856779
vt 0.937500 0.976555
vt 0.937500 0.143222
vt 1.000000 0.166667
vt 0.937500 0.190457
vt 0.999830 0.333333
vt 0.937500 0.356779
vt 0.062500 0.476555
vt 0.000293 0.500000
vt 0.000000 0.476555
vt 0.000000 0.523445
vt 0.062500 0.643221
vt 0.000170 0.666667
vt 0.000000 0.643222
vt 0.062500 0.666667
vt 0.000000 0.690457
vt 0.062500 0.809543
vt 0.000000 0.809543
vt 0.000000 0.856779
vt 0.062500 0.976555
vt 0.000000 0.976555
vt 0.062500 0.023445
vt 0.000000 0.023445
vt 0.062500 0.143221
vt 0.000000 0.143222
vt 0.062500 0.190457
vt 0.000000 0.190457
vt 0.062500 0.309543
vt 0.000170 0.333333
vt 0.000000 0.309543
vt 0.000000 0.356778
vt 0.125000 0.523445
vt 0.062500 0.523445
vt 0.125000 0.643221
vt 0.125000 0.666667
vt 0.062500 0.690457
vt 0.125000 0.856778
vt 0.062500 0.856779
vt 0.125000 0.023445
vt 0.125000 0.143222
vt 0.125000 0.190457
vt 0.125000 0.309543
vt 0.125000 0.356779
vt 0.062500 0.356779
vt 0.125000 0.476555
vt 0.187500 0.666667
vt 0.125000 0.690457
vt 0.187500 0.809543
vt 0.125000 0.809543
vt 0.125000 0.976555
vt 0.187500 1.000000
vt 0.187500 0.023445
vt 0.187500 0.166667
vt 0.187500 0.190457
vt 0.187500 0.333333
vt 0.125000 0.333333
vt 0.187500 0.476555
vt 0.187500 0.523445
vt 0.187500 0.643222
vt 0.250000 0.666667
vt 0.187500 0.690457
vt 0.250000 0.809543
vt 0.250000 0.856779
vt 0.187500 0.856779
vt 0.250000 0.976555
vt 0.187500 0.976555
vt 0.187500 -0.000000
vt 0.250000 0.023445
vt 0.187500 0.143222
vt 0.250000 0.166667
vt 0.250000 0.190457
vt 0.187500 0.309543
vt 0.250000 0.333333
vt 0.187500 0.356779
vt 0.312500 0.476555
vt 0.250000 0.476555
vt 0.312500 0.500000
vt 0.250000 0.523445
vt 0.250000 0.643221
vt 0.312500 0.666667
vt 0.312500 0.690457
vt 0.250000 0.690457
vt 0.312500 0.809543
vt 0.312500 0.856778
vt 0.312500 0.976555
vt 0.250000 0.143222
vt 0.312500 0.166667
vt 0.250000 0.309543
vt 0.312500 0.356779
vt 0.250000 0.356778
vt 0.375000 0.476555
vt 0.312500 0.523445
vt 0.312500 0.643221
vt 0.375000 0.833333
vt 0.312500 0.833333
vt 0.312500 0.023445
vt 0.312500 0.143222
vt 0.375000 0.166667
vt 0.312500 0.190457
vt 0.375000 0.309543
vt 0.312500 0.309543
vt 0.375000 0.356779
vt 0.437500 0.476555
vt 0.437500 0.500000
vt 0.375000 0.523445
vt 0.375000 0.643222
vt 0.437500 0.666667
vt 0.375000 0.690457
vt 0.375000 0.809543
vt 0.437500 0.833333
vt 0.375000 0.856778
vt 0.375000 0.976555
vt 0.437500 1.000000
vt 0.437500 -0.000000
vt 0.375000 0.023445
vt 0.437500 0.143222
vt 0.375000 0.143222
vt 0.437500 0.166667
vt 0.375000 0.190457
vt 0.437500 0.309543
vt 0.375000 0.333333
vt 0.437500 0.356779
vt 0.437500 0.523445
vt 0.437500 0.643221
vt 0.437500 0.856778
vt 0.437500 0.023445
vt 0.437500 0.976555
vt 0.437500 0.190457
vt 0.437500 0.690457
vt 0.437500 0.809543
vt 1.000000 0.356779
vt 1.000000 0.976555
vt 1.000000 0.143222
vt 1.000000 0.309543
vt 0.999831 0.500000
vt 0.376479 1.000000
vt 0.625000 0.998521
vt 1.000000 0.476555
vt 0.999830 0.666667
vt 1.000000 0.023445
vt 1.000000 0.190457
s 0
usemtl hide
f 19/1/1 3/2/1 2/3/1
f 3/2/2 20/4/2 1/5/2
f 5/6/3 24/7/3 6/8/3
f 6/8/4 23/9/4 4/10/4
f 8/11/5 27/12/5 9/13/5
f 9/13/6 26/14/6 7/15/6
f 11/16/7 30/17/7 12/18/7
f 30/19/8 10/20/8 12/21/8
f 31/22/9 15/23/9 14/24/9
f 33/25/10 13/26/10 15/23/10
f 34/27/11 18/28/11 17/29/11
f 36/30/12 16/31/12 18/28/12
f 37/32/13 21/33/13 19/1/13
f 21/33/14 38/34/14 20/4/14
f 22/35/15 42/36/15 24/7/15
f 24/7/16 41/37/16 23/9/16
f 25/38/17 45/39/17 27/12/17
f 27/12/18 44/40/18 26/14/18
f 28/41/19 48/42/19 30/17/19
f 48/43/20 29/44/20 30/19/20
f 49/45/21 33/25/21 31/22/21
f 51/46/22 32/47/22 33/25/22
f 52/48/23 36/30/23 34/27/23
f 54/49/24 35/50/24 36/30/24
f 55/51/25 39/52/25 37/32/25
f 39/52/26 56/53/26 38/34/26
f 40/54/27 60/55/27 42/36/27
f 42/36/28 59/56/28 41/37/28
f 43/57/29 63/58/29 45/39/29
f 45/39/30 62/59/30 44/40/30
f 46/60/31 66/61/31 48/42/31
f 66/62/32 47/63/32 48/43/32
f 67/64/33 51/46/33 49/45/33
f 69/65/34 50/66/34 51/46/34
f 70/67/35 54/49/35 52/48/35
f 72/68/36 53/69/36 54/49/36
f 73/70/37 57/71/37 55/51/37
f 57/71/38 74/72/38 56/53/38
f 58/73/39 78/74/39 60/55/39
f 60/55/40 77/75/40 59/56/40
f 61/76/41 81/77/41 63/58/41
f 63/58/42 80/78/42 62/59/42
f 64/79/43 84/80/43 66/61/43
f 84/81/44 65/82/44 66/62/44
f 85/83/45 69/65/45 67/64/45
f 87/84/46 68/85/46 69/65/46
f 88/86/47 72/68/47 70/67/47
f 90/87/48 71/88/48 72/68/48
f 73/70/49 93/89/49 75/90/49
f 93/89/50 74/72/50 75/90/50
f 94/91/51 78/74/51 76/92/51
f 96/93/52 77/75/52 78/74/52
f 97/94/53 81/77/53 79/95/53
f 99/96/54 80/78/54 81/77/54
f 100/97/55 84/80/55 82/98/55
f 84/81/56 101/99/56 83/100/56
f 85/83/57 105/101/57 87/84/57
f 87/84/58 104/102/58 86/103/58
f 88/86/59 108/104/59 90/87/59
f 90/87/60 107/105/60 89/106/60
f 91/107/61 111/108/61 93/89/61
f 111/108/62 92/109/62 93/89/62
f 112/110/63 96/93/63 94/91/63
f 114/111/64 95/112/64 96/93/64
f 115/113/65 99/96/65 97/94/65
f 117/114/66 98/115/66 99/96/66
f 118/116/67 102/117/67 100/97/67
f 102/118/68 119/119/68 101/99/68
f 103/120/69 123/121/69 105/101/69
f 105/101/70 122/122/70 104/102/70
f 106/123/71 126/124/71 108/104/71
f 108/104/72 125/125/72 107/105/72
f 109/126/73 129/127/73 111/108/73
f 129/127/74 110/128/74 111/108/74
f 130/129/75 114/111/75 112/110/75
f 132/130/76 113/131/76 114/111/76
f 133/132/77 117/114/77 115/113/77
f 135/133/78 116/134/78 117/114/78
f 136/135/79 120/136/79 118/116/79
f 120/137/80 137/138/80 119/119/80
f 121/139/81 141/140/81 123/121/81
f 123/121/82 140/141/82 122/122/82
f 124/142/83 144/143/83 126/124/83
f 126/124/84 143/144/84 125/125/84
f 127/145/85 147/146/85 129/127/85
f 147/146/86 128/147/86 129/127/86
f 148/148/87 132/130/87 130/129/87
f 150/149/88 131/150/88 132/130/88
f 151/151/89 135/133/89 133/132/89
f 153/152/90 134/153/90 135/133/90
f 154/154/91 138/155/91 136/135/91
f 138/156/92 155/157/92 137/138/92
f 139/158/93 159/159/93 141/140/93
f 141/140/94 158/160/94 140/141/94
f 142/161/95 162/162/95 144/143/95
f 144/143/96 161/163/96 143/144/96
f 163/164/8 147/165/8 145/166/8
f 147/165/7 164/167/7 146/168/7
f 148/169/6 168/170/6 150/171/6
f 150/171/5 167/172/5 149/173/5
f 151/174/4 171/175/4 153/176/4
f 153/176/3 170/177/3 152/178/3
f 154/179/2 174/180/2 156/181/2
f 174/182/1 155/183/1 156/184/1
f 175/185/12 159/186/12 157/187/12
f 177/188/11 158/189/11 159/186/11
f 178/190/10 162/191/10 160/192/10
f 180/193/9 161/194/9 162/191/9
f 181/195/20 165/196/20 163/164/20
f 165/196/97 182/197/97 164/167/97
f 166/198/18 186/199/18 168/170/18
f 168/170/17 185/200/17 167/172/17
f 169/201/16 189/202/16 171/175/16
f 171/175/15 188/203/15 170/177/15
f 172/204/14 192/205/14 174/180/14
f 192/206/13 173/207/13 174/182/13
f 193/208/24 177/188/24 175/185/24
f 195/209/23 176/210/23 177/188/23
f 196/211/22 180/193/22 178/190/22
f 198/212/21 179/213/21 180/193/21
f 199/214/32 183/215/32 181/195/32
f 183/215/31 200/216/31 182/197/31
f 184/217/30 204/218/30 186/199/30
f 186/199/29 203/219/29 185/200/29
f 187/220/28 207/221/28 189/202/28
f 189/202/27 206/222/27 188/203/27
f 190/223/26 210/224/26 192/205/26
f 210/225/25 191/226/25 192/206/25
f 211/227/36 195/209/36 193/208/36
f 213/228/35 194/229/35 195/209/35
f 214/230/34 198/212/34 196/211/34
f 216/231/33 197/232/33 198/212/33
f 217/233/44 201/234/44 199/214/44
f 201/234/98 218/235/98 200/216/98
f 202/236/42 222/237/42 204/218/42
f 204/218/41 221/238/41 203/219/41
f 205/239/40 225/240/40 207/221/40
f 207/221/39 224/241/39 206/222/39
f 208/242/38 228/243/38 210/224/38
f 228/244/99 209/245/99 210/225/99
f 229/246/48 213/228/48 211/227/48
f 231/247/47 212/248/47 213/228/47
f 232/249/46 216/231/46 214/230/46
f 234/250/45 215/251/45 216/231/45
f 217/233/56 237/252/56 219/253/56
f 237/252/55 218/235/55 219/253/55
f 238/254/54 222/237/54 220/255/54
f 240/256/53 221/238/53 222/237/53
f 241/257/52 225/240/52 223/258/52
f 243/259/51 224/241/51 225/240/51
f 244/260/50 228/243/50 226/261/50
f 228/244/49 245/262/49 227/263/49
f 229/246/60 249/264/60 231/247/60
f 231/247/59 248/265/59 230/266/59
f 232/249/58 252/267/58 234/250/58
f 234/250/57 251/268/57 233/269/57
f 235/270/68 255/271/68 237/252/68
f 255/271/67 236/272/67 237/252/67
f 256/273/66 240/256/66 238/254/66
f 258/274/65 239/275/65 240/256/65
f 259/276/100 243/259/100 241/257/100
f 261/277/63 242/278/63 243/259/63
f 262/279/62 246/280/62 244/260/62
f 246/281/61 263/282/61 245/262/61
f 247/283/72 267/284/72 249/264/72
f 249/264/71 266/285/71 248/265/71
f 250/286/101 270/287/101 252/267/101
f 252/267/69 269/288/69 251/268/69
f 253/289/80 273/290/80 255/271/80
f 273/290/79 254/291/79 255/271/79
f 274/292/78 258/274/78 256/273/78
f 276/293/77 257/294/77 258/274/77
f 277/295/76 261/277/76 259/276/76
f 279/296/75 260/297/75 261/277/75
f 280/298/74 264/299/74 262/279/74
f 264/300/73 281/301/73 263/282/73
f 265/302/84 285/303/84 267/284/84
f 267/284/83 284/304/83 266/285/83
f 268/305/82 288/306/82 270/287/82
f 270/287/81 287/307/81 269/288/81
f 272/308/91 3/2/91 1/5/91
f 3/2/92 271/309/92 2/3/92
f 275/310/89 6/8/89 4/10/89
f 276/293/90 5/6/90 6/8/90
f 278/311/87 9/13/87 7/15/87
f 279/296/88 8/11/88 9/13/88
f 10/20/85 282/312/85 12/21/85
f 282/313/86 11/16/86 12/18/86
f 13/26/95 285/303/95 15/23/95
f 15/23/96 283/314/96 14/24/96
f 16/31/93 288/306/93 18/28/93
f 18/28/94 286/315/94 17/29/94
f 1/5/102 274/292/102 272/308/102
f 1/5/103 22/35/103 5/6/103
f 35/50/104 2/3/104 16/31/104
f 287/307/105 2/3/105 271/309/105
f 4/10/106 25/38/106 8/11/106
f 4/10/106 277/295/106 275/310/106
f 7/15/107 28/41/107 11/16/107
f 7/15/108 280/298/108 278/311/108
f 29/44/109 14/24/109 10/20/109
f 281/301/110 14/24/110 283/314/110
f 32/47/111 17/29/111 13/26/111
f 284/304/111 17/29/111 286/315/111
f 53/69/112 19/1/112 35/50/112
f 20/4/113 40/54/113 22/35/113
f 23/9/106 43/57/106 25/38/106
f 26/14/114 46/60/114 28/41/114
f 47/63/115 31/22/115 29/44/115
f 50/66/111 34/27/111 32/47/111
f 71/88/116 37/32/116 53/69/116
f 38/34/117 58/73/117 40/54/117
f 41/37/106 61/76/106 43/57/106
f 44/40/118 64/79/118 46/60/118
f 65/82/119 49/45/119 47/63/119
f 68/85/111 52/48/111 50/66/111
f 89/106/120 55/51/120 71/88/120
f 56/53/121 76/92/121 58/73/121
f 59/56/106 79/95/106 61/76/106
f 62/59/122 82/98/122 64/79/122
f 83/100/123 67/64/123 65/82/123
f 86/103/111 70/67/111 68/85/111
f 89/106/124 91/107/124 73/70/124
f 92/109/125 76/92/125 74/72/125
f 95/112/106 79/95/106 77/75/106
f 98/115/126 82/98/126 80/78/126
f 83/100/127 103/120/127 85/83/127
f 86/103/111 106/123/111 88/86/111
f 107/105/128 109/126/128 91/107/128
f 110/128/129 94/91/129 92/109/129
f 113/131/106 97/94/106 95/112/106
f 116/134/130 100/97/130 98/115/130
f 101/99/131 121/139/131 103/120/131
f 104/102/111 124/142/111 106/123/111
f 125/125/132 127/145/132 109/126/132
f 128/147/133 112/110/133 110/128/133
f 131/150/106 115/113/106 113/131/106
f 134/153/134 118/116/134 116/134/134
f 119/119/135 139/158/135 121/139/135
f 122/122/111 142/161/111 124/142/111
f 143/144/110 145/316/110 127/145/110
f 146/317/108 130/129/108 128/147/108
f 149/318/106 133/132/106 131/150/106
f 152/319/102 136/135/102 134/153/102
f 137/138/105 157/320/105 139/158/105
f 140/141/111 160/321/111 142/161/111
f 179/213/109 145/166/109 161/194/109
f 146/168/107 166/198/107 148/169/107
f 149/173/106 169/201/106 151/174/106
f 152/178/103 172/204/103 154/179/103
f 173/207/104 157/187/104 155/183/104
f 176/210/111 160/192/111 158/189/111
f 197/232/115 163/164/115 179/213/115
f 164/167/114 184/217/114 166/198/114
f 167/172/106 187/220/106 169/201/106
f 170/177/113 190/223/113 172/204/113
f 191/226/112 175/185/112 173/207/112
f 194/229/111 178/190/111 176/210/111
f 215/251/119 181/195/119 197/232/119
f 182/197/118 202/236/118 184/217/118
f 185/200/106 205/239/106 187/220/106
f 188/203/117 208/242/117 190/223/117
f 209/245/116 193/208/116 191/226/116
f 212/248/111 196/211/111 194/229/111
f 233/269/123 199/214/123 215/251/123
f 200/216/122 220/255/122 202/236/122
f 203/219/106 223/258/106 205/239/106
f 206/222/121 226/261/121 208/242/121
f 227/263/120 211/227/120 209/245/120
f 230/266/111 214/230/111 212/248/111
f 233/269/127 235/270/127 217/233/127
f 236/272/126 220/255/126 218/235/126
f 239/275/106 223/258/106 221/238/106
f 242/278/125 226/261/125 224/241/125
f 227/263/124 247/283/124 229/246/124
f 230/266/111 250/286/111 232/249/111
f 251/268/131 253/289/131 235/270/131
f 254/291/130 238/254/130 236/272/130
f 257/294/106 241/257/106 239/275/106
f 260/297/129 244/260/129 242/278/129
f 245/262/128 265/302/128 247/283/128
f 248/265/111 268/305/111 250/286/111
f 269/288/135 271/309/135 253/289/135
f 272/308/134 256/273/134 254/291/134
f 275/310/106 259/276/106 257/294/106
f 278/311/133 262/279/133 260/297/133
f 263/282/132 283/314/132 265/302/132
f 266/285/111 286/315/111 268/305/111
f 19/1/1 21/33/1 3/2/1
f 3/2/2 21/33/2 20/4/2
f 5/6/3 22/35/3 24/7/3
f 6/8/4 24/7/4 23/9/4
f 8/11/5 25/38/5 27/12/5
f 9/13/6 27/12/6 26/14/6
f 11/16/7 28/41/7 30/17/7
f 30/19/8 29/44/8 10/20/8
f 31/22/9 33/25/9 15/23/9
f 33/25/10 32/47/10 13/26/10
f 34/27/11 36/30/11 18/28/11
f 36/30/12 35/50/12 16/31/12
f 37/32/533 39/52/533 21/33/533
f 21/33/14 39/52/14 38/34/14
f 22/35/15 40/54/15 42/36/15
f 24/7/16 42/36/16 41/37/16
f 25/38/17 43/57/17 45/39/17
f 27/12/18 45/39/18 44/40/18
f 28/41/97 46/60/97 48/42/97
f 48/43/20 47/63/20 29/44/20
f 49/45/21 51/46/21 33/25/21
f 51/46/22 50/66/22 32/47/22
f 52/48/23 54/49/23 36/30/23
f 54/49/24 53/69/24 35/50/24
f 55/51/25 57/71/25 39/52/25
f 39/52/26 57/71/26 56/53/26
f 40/54/27 58/73/27 60/55/27
f 42/36/28 60/55/28 59/56/28
f 43/57/29 61/76/29 63/58/29
f 45/39/30 63/58/30 62/59/30
f 46/60/31 64/79/31 66/61/31
f 66/62/32 65/82/32 47/63/32
f 67/64/33 69/65/33 51/46/33
f 69/65/34 68/85/34 50/66/34
f 70/67/35 72/68/35 54/49/35
f 72/68/36 71/88/36 53/69/36
f 73/70/99 75/90/99 57/71/99
f 57/71/38 75/90/38 74/72/38
f 58/73/39 76/92/39 78/74/39
f 60/55/40 78/74/40 77/75/40
f 61/76/41 79/95/41 81/77/41
f 63/58/42 81/77/42 80/78/42
f 64/79/43 82/98/43 84/80/43
f 84/81/44 83/100/44 65/82/44
f 85/83/45 87/84/45 69/65/45
f 87/84/46 86/103/46 68/85/46
f 88/86/47 90/87/47 72/68/47
f 90/87/48 89/106/48 71/88/48
f 73/70/49 91/107/49 93/89/49
f 93/89/50 92/109/50 74/72/50
f 94/91/51 96/93/51 78/74/51
f 96/93/52 95/112/52 77/75/52
f 97/94/53 99/96/53 81/77/53
f 99/96/54 98/115/54 80/78/54
f 100/97/55 102/117/55 84/80/55
f 84/81/56 102/118/56 101/99/56
f 85/83/57 103/120/57 105/101/57
f 87/84/58 105/101/58 104/102/58
f 88/86/59 106/123/59 108/104/59
f 90/87/534 108/104/534 107/105/534
f 91/107/61 109/126/61 111/108/61
f 111/108/62 110/128/62 92/109/62
f 112/110/63 114/111/63 96/93/63
f 114/111/64 113/131/64 95/112/64
f 115/113/65 117/114/65 99/96/65
f 117/114/66 116/134/66 98/115/66
f 118/116/67 120/136/67 102/117/67
f 102/118/68 120/137/68 119/119/68
f 103/120/69 121/139/69 123/121/69
f 105/101/101 123/121/101 122/122/101
f 106/123/71 124/142/71 126/124/71
f 108/104/72 126/124/72 125/125/72
f 109/126/73 127/145/73 129/127/73
f 129/127/74 128/147/74 110/128/74
f 130/129/75 132/130/75 114/111/75
f 132/130/76 131/150/76 113/131/76
f 133/132/77 135/133/77 117/114/77
f 135/133/78 134/153/78 116/134/78
f 136/135/79 138/155/79 120/136/79
f 120/137/80 138/156/80 137/138/80
f 121/139/81 139/158/81 141/140/81
f 123/121/82 141/140/82 140/141/82
f 124/142/83 142/161/83 144/143/83
f 126/124/84 144/143/84 143/144/84
f 127/145/85 145/316/85 147/146/85
f 147/146/86 146/317/86 128/147/86
f 148/148/87 150/149/87 132/130/87
f 150/149/88 149/318/88 131/150/88
f 151/151/89 153/152/89 135/133/89
f 153/152/90 152/319/90 134/153/90
f 154/154/91 156/461/91 138/155/91
f 138/156/92 156/462/92 155/157/92
f 139/158/93 157/320/93 159/159/93
f 141/140/94 159/159/94 158/160/94
f 142/161/95 160/321/95 162/162/95
f 144/143/96 162/162/96 161/163/96
f 163/164/8 165/196/8 147/165/8
f 147/165/535 165/196/535 164/167/535
f 148/169/6 166/198/6 168/170/6
f 150/171/5 168/170/5 167/172/5
f 151/174/4 169/201/4 171/175/4
f 153/176/3 171/175/3 170/177/3
f 154/179/2 172/204/2 174/180/2
f 174/182/1 173/207/1 155/183/1
f 175/185/12 177/188/12 159/186/12
f 177/188/11 176/210/11 158/189/11
f 178/190/10 180/193/10 162/191/10
f 180/193/9 179/213/9 161/194/9
f 181/195/20 183/215/20 165/196/20
f 165/196/19 183/215/19 182/197/19
f 166/198/18 184/217/18 186/199/18
f 168/170/17 186/199/17 185/200/17
f 169/201/16 187/220/16 189/202/16
f 171/175/15 189/202/15 188/203/15
f 172/204/14 190/223/14 192/205/14
f 192/206/13 191/226/13 173/207/13
f 193/208/24 195/209/24 177/188/24
f 195/209/23 194/229/23 176/210/23
f 196/211/22 198/212/22 180/193/22
f 198/212/21 197/232/21 179/213/21
f 199/214/32 201/234/32 183/215/32
f 183/215/31 201/234/31 200/216/31
f 184/217/30 202/236/30 204/218/30
f 186/199/29 204/218/29 203/219/29
f 187/220/28 205/239/28 207/221/28
f 189/202/27 207/221/27 206/222/27
f 190/223/26 208/242/26 210/224/26
f 210/225/25 209/245/25 191/226/25
f 211/227/36 213/228/36 195/209/36
f 213/228/35 212/248/35 194/229/35
f 214/230/34 216/231/34 198/212/34
f 216/231/33 215/251/33 197/232/33
f 217/233/44 219/253/44 201/234/44
f 201/234/43 219/253/43 218/235/43
f 202/236/42 220/255/42 222/237/42
f 204/218/41 222/237/41 221/238/41
f 205/239/40 223/258/40 225/240/40
f 207/221/39 225/240/39 224/241/39
f 208/242/38 226/261/38 228/243/38
f 228/244/99 227/263/99 209/245/99
f 229/246/48 231/247/48 213/228/48
f 231/247/47 230/266/47 212/248/47
f 232/249/46 234/250/46 216/231/46
f 234/250/45 233/269/45 215/251/45
f 217/233/56 235/270/56 237/252/56
f 237/252/55 236/272/55 218/235/55
f 238/254/536 240/256/536 222/237/536
f 240/256/53 239/275/53 221/238/53
f 241/257/52 243/259/52 225/240/52
f 243/259/51 242/278/51 224/241/51
f 244/260/50 246/280/50 228/243/50
f 228/244/49 246/281/49 245/262/49
f 229/246/60 247/283/60 249/264/60
f 231/247/59 249/264/59 248/265/59
f 232/249/58 250/286/58 252/267/58
f 234/250/57 252/267/57 251/268/57
f 235/270/68 253/289/68 255/271/68
f 255/271/67 254/291/67 236/272/67
f 256/273/66 258/274/66 240/256/66
f 258/274/65 257/294/65 239/275/65
f 259/276/100 261/277/100 243/259/100
f 261/277/63 260/297/63 242/278/63
f 262/279/62 264/299/62 246/280/62
f 246/281/61 264/300/61 263/282/61
f 247/283/72 265/302/72 267/284/72
f 249/264/71 267/284/71 266/285/71
f 250/286/101 268/305/101 270/287/101
f 252/267/69 270/287/69 269/288/69
f 253/289/80 271/309/80 273/290/80
f 273/290/79 272/308/79 254/291/79
f 274/292/78 276/293/78 258/274/78
f 276/293/77 275/310/77 257/294/77
f 277/295/76 279/296/76 261/277/76
f 279/296/75 278/311/75 260/297/75
f 280/298/74 282/313/74 264/299/74
f 264/300/73 282/312/73 281/301/73
f 265/302/84 283/314/84 285/303/84
f 267/284/83 285/303/83 284/304/83
f 268/305/82 286/315/82 288/306/82
f 270/287/81 288/306/81 287/307/81
f 272/308/91 273/290/91 3/2/91
f 3/2/92 273/290/92 271/309/92
f 275/310/89 276/293/89 6/8/89
f 276/293/90 274/292/90 5/6/90
f 278/311/87 279/296/87 9/13/87
f 279/296/88 277/295/88 8/11/88
f 10/20/85 281/301/85 282/312/85
f 282/313/86 280/298/86 11/16/86
f 13/26/95 284/304/95 285/303/95
f 15/23/96 285/303/96 283/314/96
f 16/31/93 287/307/93 288/306/93
f 18/28/94 288/306/94 286/315/94
f 1/5/102 5/6/102 274/292/102
f 1/5/103 20/4/103 22/35/103
f 35/50/104 19/1/104 2/3/104
f 287/307/105 16/31/105 2/3/105
f 4/10/106 23/9/106 25/38/106
f 4/10/106 8/11/106 277/295/106
f 7/15/107 26/14/107 28/41/107
f 7/15/108 11/16/108 280/298/108
f 29/44/109 31/22/109 14/24/109
f 281/301/110 10/20/110 14/24/110
f 32/47/111 34/27/111 17/29/111
f 284/304/111 13/26/111 17/29/111
f 53/69/112 37/32/112 19/1/112
f 20/4/113 38/34/113 40/54/113
f 23/9/106 41/37/106 43/57/106
f 26/14/114 44/40/114 46/60/114
f 47/63/115 49/45/115 31/22/115
f 50/66/111 52/48/111 34/27/111
f 71/88/116 55/51/116 37/32/116
f 38/34/117 56/53/117 58/73/117
f 41/37/106 59/56/106 61/76/106
f 44/40/118 62/59/118 64/79/118
f 65/82/119 67/64/119 49/45/119
f 68/85/111 70/67/111 52/48/111
f 89/106/120 73/70/120 55/51/120
f 56/53/121 74/72/121 76/92/121
f 59/56/106 77/75/106 79/95/106
f 62/59/122 80/78/122 82/98/122
f 83/100/123 85/83/123 67/64/123
f 86/103/111 88/86/111 70/67/111
f 89/106/124 107/105/124 91/107/124
f 92/109/125 94/91/125 76/92/125
f 95/112/106 97/94/106 79/95/106
f 98/115/126 100/97/126 82/98/126
f 83/100/127 101/99/127 103/120/127
f 86/103/111 104/102/111 106/123/111
f 107/105/128 125/125/128 109/126/128
f 110/128/129 112/110/129 94/91/129
f 113/131/106 115/113/106 97/94/106
f 116/134/130 118/116/130 100/97/130
f 101/99/131 119/119/131 121/139/131
f 104/102/111 122/122/111 124/142/111
f 125/125/132 143/144/132 127/145/132
f 128/147/133 130/129/133 112/110/133
f 131/150/106 133/132/106 115/113/106
f 134/153/134 136/135/134 118/116/134
f 119/119/135 137/138/135 139/158/135
f 122/122/111 140/141/111 142/161/111
f 143/144/110 161/163/110 145/316/110
f 146/317/108 148/148/108 130/129/108
f 149/318/106 151/151/106 133/132/106
f 152/319/102 154/154/102 136/135/102
f 137/138/105 155/157/105 157/320/105
f 140/141/111 158/160/111 160/321/111
f 179/213/109 163/164/109 145/166/109
f 146/168/107 164/167/107 166/198/107
f 149/173/106 167/172/106 169/201/106
f 152/178/103 170/177/103 172/204/103
f 173/207/104 175/185/104 157/187/104
f 176/210/111 178/190/111 160/192/111
f 197/232/115 181/195/115 163/164/115
f 164/167/114 182/197/114 184/217/114
f 167/172/106 185/200/106 187/220/106
f 170/177/113 188/203/113 190/223/113
f 191/226/112 193/208/112 175/185/112
f 194/229/111 196/211/111 178/190/111
f 215/251/119 199/214/119 181/195/119
f 182/197/118 200/216/118 202/236/118
f 185/200/106 203/219/106 205/239/106
f 188/203/117 206/222/117 208/242/117
f 209/245/116 211/227/116 193/208/116
f 212/248/111 214/230/111 196/211/111
f 233/269/123 217/233/123 199/214/123
f 200/216/122 218/235/122 220/255/122
f 203/219/106 221/238/106 223/258/106
f 206/222/121 224/241/121 226/261/121
f 227/263/120 229/246/120 211/227/120
f 230/266/111 232/249/111 214/230/111
f 233/269/127 251/268/127 235/270/127
f 236/272/126 238/254/126 220/255/126
f 239/275/106 241/257/106 223/258/106
f 242/278/125 244/260/125 226/261/125
f 227/263/124 245/262/124 247/283/124
f 230/266/111 248/265/111 250/286/111
f 251/268/131 269/288/131 253/289/131
f 254/291/130 256/273/130 238/254/130
f 257/294/106 259/276/106 241/257/106
f 260/297/129 262/279/129 244/260/129
f 245/262/128 263/282/128 265/302/128
f 248/265/111 266/285/111 268/305/111
f 269/288/135 287/307/135 271/309/135
f 272/308/134 274/292/134 256/273/134
f 275/310/106 277/295/106 259/276/106
f 278/311/133 280/298/133 262/279/133
f 263/282/132 281/301/132 283/314/132
f 266/285/111 284/304/111 286/315/111
usemtl darkhide
f 290/322/136 309/33/136 291/323/136
f 309/33/137 289/324/137 291/323/137
f 310/325/138 294/326/138 293/327/138
f 312/328/139 292/329/139 294/326/139
f 313/330/140 297/331/140 296/332/140
f 315/333/141 295/334/141 297/331/141
f 316/335/142 300/18/142 299/336/142
f 300/21/143 317/337/143 298/338/143
f 302/339/144 321/340/144 303/23/144
f 303/23/145 320/341/145 301/342/145
f 305/343/146 324/344/146 306/345/146
f 306/345/147 323/346/147 304/347/147
f 307/348/148 327/52/148 309/33/148
f 327/52/149 308/349/149 309/33/149
f 328/350/150 312/328/150 310/325/150
f 330/351/151 311/352/151 312/328/151
f 331/353/152 315/333/152 313/330/152
f 333/354/153 314/355/153 315/333/153
f 334/356/154 318/357/154 316/335/154
f 318/358/155 335/359/155 317/337/155
f 319/360/156 339/361/156 321/340/156
f 321/340/157 338/362/157 320/341/157
f 322/363/158 342/49/158 324/344/158
f 324/344/159 341/364/159 323/346/159
f 325/365/160 345/366/160 327/52/160
f 345/366/161 326/367/161 327/52/161
f 346/368/162 330/351/162 328/350/162
f 348/369/163 329/370/163 330/351/163
f 349/371/164 333/354/164 331/353/164
f 351/372/165 332/373/165 333/354/165
f 352/374/166 336/375/166 334/356/166
f 336/376/167 353/377/167 335/359/167
f 337/378/168 357/379/168 339/361/168
f 339/361/169 356/380/169 338/362/169
f 340/381/170 360/68/170 342/49/170
f 342/49/171 359/382/171 341/364/171
f 343/383/172 363/384/172 345/366/172
f 363/384/173 344/385/173 345/366/173
f 364/386/174 348/369/174 346/368/174
f 366/387/175 347/388/175 348/369/175
f 367/389/176 351/372/176 349/371/176
f 369/390/177 350/391/177 351/372/177
f 370/392/178 354/61/178 352/374/178
f 354/393/179 371/394/179 353/377/179
f 355/395/180 375/396/180 357/379/180
f 357/379/181 374/397/181 356/380/181
f 358/398/182 378/399/182 360/68/182
f 360/68/183 377/400/183 359/382/183
f 379/401/184 363/384/184 361/402/184
f 363/384/185 380/403/185 362/404/185
f 364/386/186 384/405/186 366/387/186
f 366/387/187 383/406/187 365/407/187
f 367/389/188 387/408/188 369/390/188
f 369/390/189 386/409/189 368/410/189
f 370/392/190 390/411/190 372/412/190
f 390/413/191 371/394/191 372/81/191
f 391/414/192 375/396/192 373/415/192
f 393/101/193 374/397/193 375/396/193
f 394/416/194 378/399/194 376/417/194
f 396/104/195 377/400/195 378/399/195
f 397/418/196 381/419/196 379/401/196
f 381/419/197 398/420/197 380/403/197
f 382/421/198 402/422/198 384/405/198
f 384/405/199 401/423/199 383/406/199
f 385/424/200 405/425/200 387/408/200
f 387/408/201 404/426/201 386/409/201
f 388/427/202 408/428/202 390/411/202
f 408/137/203 389/429/203 390/413/203
f 409/430/204 393/101/204 391/414/204
f 411/431/205 392/432/205 393/101/205
f 412/433/206 396/104/206 394/416/206
f 414/434/207 395/435/207 396/104/207
f 415/436/208 399/108/208 397/418/208
f 399/108/209 416/437/209 398/420/209
f 400/438/210 420/130/210 402/422/210
f 402/422/211 419/439/211 401/423/211
f 403/440/212 423/441/212 405/425/212
f 405/425/213 422/442/213 404/426/213
f 406/443/214 426/444/214 408/428/214
f 426/156/215 407/445/215 408/137/215
f 427/446/216 411/431/216 409/430/216
f 429/447/217 410/448/217 411/431/217
f 430/449/218 414/434/218 412/433/218
f 432/450/219 413/451/219 414/434/219
f 433/452/220 417/127/220 415/436/220
f 417/127/221 434/453/221 416/437/221
f 418/454/222 438/455/222 420/130/222
f 420/130/223 437/456/223 419/439/223
f 421/457/224 441/458/224 423/441/224
f 423/441/225 440/459/225 422/442/225
f 424/460/226 444/461/226 426/444/226
f 444/462/227 425/463/227 426/156/227
f 445/464/228 429/447/228 427/446/228
f 447/159/229 428/465/229 429/447/229
f 448/466/230 432/450/230 430/449/230
f 450/467/231 431/468/231 432/450/231
f 433/469/143 453/470/143 435/471/143
f 453/470/142 434/472/142 435/471/142
f 454/473/141 438/474/141 436/475/141
f 456/476/140 437/477/140 438/474/140
f 457/478/139 441/479/139 439/480/139
f 459/481/138 440/482/138 441/479/138
f 460/483/137 444/181/137 442/484/137
f 444/184/136 461/485/136 443/486/136
f 445/487/147 465/488/147 447/489/147
f 447/489/146 464/490/146 446/491/146
f 448/492/145 468/493/145 450/494/145
f 450/494/144 467/495/144 449/496/144
f 451/497/155 471/215/155 453/470/155
f 471/215/154 452/498/154 453/470/154
f 472/499/153 456/476/153 454/473/153
f 474/500/152 455/501/152 456/476/152
f 475/502/151 459/481/151 457/478/151
f 477/503/232 458/504/232 459/481/232
f 478/505/149 462/180/149 460/483/149
f 462/506/148 479/507/148 461/485/148
f 463/508/233 483/209/233 465/488/233
f 465/488/158 482/509/158 464/490/158
f 466/510/157 486/511/157 468/493/157
f 468/493/234 485/512/234 467/495/234
f 469/513/167 489/514/167 471/215/167
f 489/514/166 470/515/166 471/215/166
f 490/516/165 474/500/165 472/499/165
f 492/517/164 473/518/164 474/500/164
f 493/519/163 477/503/163 475/502/163
f 495/221/162 476/520/162 477/503/162
f 496/521/161 480/205/161 478/505/161
f 480/206/160 497/522/160 479/507/160
f 481/523/171 501/524/171 483/209/171
f 483/209/170 500/525/170 482/509/170
f 484/526/169 504/527/169 486/511/169
f 486/511/168 503/528/168 485/512/168
f 487/529/179 507/530/179 489/514/179
f 507/530/178 488/531/178 489/514/178
f 508/532/177 492/517/177 490/516/177
f 510/533/176 491/534/176 492/517/176
f 511/535/175 495/221/175 493/519/175
f 513/536/174 494/537/174 495/221/174
f 514/538/173 498/539/173 496/521/173
f 498/540/172 515/541/172 497/522/172
f 499/542/183 519/247/183 501/524/183
f 501/524/182 518/543/182 500/525/182
f 502/544/181 522/545/181 504/527/181
f 504/527/180 521/546/180 503/528/180
f 523/547/191 507/530/191 505/548/191
f 507/530/235 524/549/235 506/550/235
f 508/532/189 528/551/189 510/533/189
f 510/533/188 527/552/188 509/553/188
f 511/535/236 531/554/236 513/536/236
f 513/536/186 530/555/186 512/556/186
f 514/538/185 534/280/185 516/243/185
f 534/281/184 515/541/184 516/244/184
f 535/557/195 519/247/195 517/558/195
f 537/559/194 518/543/194 519/247/194
f 538/560/237 522/545/237 520/561/237
f 540/562/192 521/546/192 522/545/192
f 541/563/203 525/564/203 523/547/203
f 525/564/202 542/565/202 524/549/202
f 526/566/201 546/567/201 528/551/201
f 528/551/200 545/568/200 527/552/200
f 529/569/199 549/277/199 531/554/199
f 531/554/198 548/570/198 530/555/198
f 532/571/197 552/299/197 534/280/197
f 552/300/196 533/572/196 534/281/196
f 553/573/238 537/559/238 535/557/238
f 555/574/206 536/575/206 537/559/206
f 556/576/205 540/562/205 538/560/205
f 558/577/204 539/578/204 540/562/204
f 559/579/239 543/580/239 541/563/239
f 543/580/214 560/581/214 542/565/214
f 544/582/213 564/583/213 546/567/213
f 546/567/212 563/584/212 545/568/212
f 547/585/211 567/586/211 549/277/211
f 549/277/210 566/587/210 548/570/210
f 550/588/240 570/589/240 552/299/240
f 570/590/208 551/591/208 552/300/208
f 571/592/219 555/574/219 553/573/219
f 573/593/218 554/594/218 555/574/218
f 574/595/217 558/577/217 556/576/217
f 576/306/216 557/596/216 558/577/216
f 289/324/226 561/597/226 291/323/226
f 561/597/227 290/322/227 291/323/227
f 292/329/241 564/583/241 294/326/241
f 294/326/225 562/598/225 293/327/225
f 295/334/222 567/586/222 297/331/222
f 297/331/223 565/599/223 296/332/223
f 569/600/220 300/21/220 298/338/220
f 300/18/221 568/601/221 299/336/221
f 572/602/230 303/23/230 301/342/230
f 573/593/231 302/339/231 303/23/231
f 575/603/228 306/345/228 304/347/228
f 576/306/229 305/343/229 306/345/229
f 560/581/242 293/327/242 562/598/242
f 308/349/243 293/327/243 289/324/243
f 304/347/244 307/348/244 290/322/244
f 304/347/245 559/579/245 575/603/245
f 311/352/246 296/332/246 292/329/246
f 563/584/246 296/332/246 565/599/246
f 314/355/247 299/336/247 295/334/247
f 566/587/248 299/336/248 568/601/248
f 298/338/249 319/360/249 302/339/249
f 298/338/250 571/592/250 569/600/250
f 301/342/251 322/363/251 305/343/251
f 301/342/251 574/595/251 572/602/251
f 323/346/252 325/365/252 307/348/252
f 326/367/253 310/325/253 308/349/253
f 329/370/246 313/330/246 311/352/246
f 332/373/254 316/335/254 314/355/254
f 317/337/255 337/378/255 319/360/255
f 320/341/251 340/381/251 322/363/251
f 341/364/256 343/383/256 325/365/256
f 344/385/257 328/350/257 326/367/257
f 347/388/246 331/353/246 329/370/246
f 350/391/258 334/356/258 332/373/258
f 335/359/259 355/395/259 337/378/259
f 338/362/251 358/398/251 340/381/251
f 359/382/260 361/402/260 343/383/260
f 362/404/261 346/368/261 344/385/261
f 365/407/246 349/371/246 347/388/246
f 368/410/262 352/374/262 350/391/262
f 353/377/263 373/415/263 355/395/263
f 356/380/251 376/417/251 358/398/251
f 395/435/264 361/402/264 377/400/264
f 362/404/265 382/421/265 364/386/265
f 365/407/246 385/424/246 367/389/246
f 368/410/266 388/427/266 370/392/266
f 389/429/267 373/415/267 371/394/267
f 392/432/251 376/417/251 374/397/251
f 413/451/268 379/401/268 395/435/268
f 380/403/269 400/438/269 382/421/269
f 383/406/246 403/440/246 385/424/246
f 386/409/270 406/443/270 388/427/270
f 407/445/271 391/414/271 389/429/271
f 410/448/251 394/416/251 392/432/251
f 431/468/272 397/418/272 413/451/272
f 398/420/273 418/454/273 400/438/273
f 401/423/246 421/457/246 403/440/246
f 404/426/274 424/460/274 406/443/274
f 425/463/275 409/430/275 407/445/275
f 428/465/251 412/433/251 410/448/251
f 449/604/250 415/436/250 431/468/250
f 416/437/248 436/605/248 418/454/248
f 419/439/246 439/606/246 421/457/246
f 422/442/242 442/607/242 424/460/242
f 443/608/245 427/446/245 425/463/245
f 446/609/251 430/449/251 428/465/251
f 449/496/249 451/497/249 433/469/249
f 452/498/247 436/475/247 434/472/247
f 455/501/246 439/480/246 437/477/246
f 458/504/243 442/484/243 440/482/243
f 443/486/244 463/508/244 445/487/244
f 446/491/251 466/510/251 448/492/251
f 467/495/255 469/513/255 451/497/255
f 470/515/254 454/473/254 452/498/254
f 473/518/246 457/478/246 455/501/246
f 476/520/253 460/483/253 458/504/253
f 461/485/252 481/523/252 463/508/252
f 464/490/251 484/526/251 466/510/251
f 485/512/259 487/529/259 469/513/259
f 488/531/258 472/499/258 470/515/258
f 491/534/246 475/502/246 473/518/246
f 494/537/257 478/505/257 476/520/257
f 479/507/256 499/542/256 481/523/256
f 482/509/251 502/544/251 484/526/251
f 503/528/263 505/548/263 487/529/263
f 506/550/262 490/516/262 488/531/262
f 509/553/246 493/519/246 491/534/246
f 512/556/261 496/521/261 494/537/261
f 497/522/260 517/558/260 499/542/260
f 500/525/251 520/561/251 502/544/251
f 539/578/267 505/548/267 521/546/267
f 506/550/266 526/566/266 508/532/266
f 509/553/246 529/569/246 511/535/246
f 512/556/265 532/571/265 514/538/265
f 533/572/264 517/558/264 515/541/264
f 536/575/251 520/561/251 518/543/251
f 557/596/271 523/547/271 539/578/271
f 524/549/270 544/582/270 526/566/270
f 527/552/246 547/585/246 529/569/246
f 530/555/269 550/588/269 532/571/269
f 551/591/268 535/557/268 533/572/268
f 554/594/251 538/560/251 536/575/251
f 575/603/275 541/563/275 557/596/275
f 542/565/274 562/598/274 544/582/274
f 545/568/246 565/599/246 547/585/246
f 548/570/273 568/601/273 550/588/273
f 569/600/272 553/573/272 551/591/272
f 572/602/251 556/576/251 554/594/251
f 290/322/136 307/348/136 309/33/136
f 309/33/137 308/349/137 289/324/137
f 310/325/138 312/328/138 294/326/138
f 312/328/139 311/352/139 292/329/139
f 313/330/140 315/333/140 297/331/140
f 315/333/141 314/355/141 295/334/141
f 316/335/142 318/357/142 300/18/142
f 300/21/143 318/358/143 317/337/143
f 302/339/144 319/360/144 321/340/144
f 303/23/145 321/340/145 320/341/145
f 305/343/146 322/363/146 324/344/146
f 306/345/147 324/344/147 323/346/147
f 307/348/148 325/365/148 327/52/148
f 327/52/149 326/367/149 308/349/149
f 328/350/232 330/351/232 312/328/232
f 330/351/151 329/370/151 311/352/151
f 331/353/152 333/354/152 315/333/152
f 333/354/153 332/373/153 314/355/153
f 334/356/154 336/375/154 318/357/154
f 318/358/155 336/376/155 335/359/155
f 319/360/234 337/378/234 339/361/234
f 321/340/157 339/361/157 338/362/157
f 322/363/158 340/381/158 342/49/158
f 324/344/159 342/49/159 341/364/159
f 325/365/160 343/383/160 345/366/160
f 345/366/161 344/385/161 326/367/161
f 346/368/162 348/369/162 330/351/162
f 348/369/163 347/388/163 329/370/163
f 349/371/164 351/372/164 333/354/164
f 351/372/165 350/391/165 332/373/165
f 352/374/166 354/61/166 336/375/166
f 336/376/167 354/393/167 353/377/167
f 337/378/168 355/395/168 357/379/168
f 339/361/169 357/379/169 356/380/169
f 340/381/170 358/398/170 360/68/170
f 342/49/171 360/68/171 359/382/171
f 343/383/172 361/402/172 363/384/172
f 363/384/173 362/404/173 344/385/173
f 364/386/174 366/387/174 348/369/174
f 366/387/175 365/407/175 347/388/175
f 367/389/176 369/390/176 351/372/176
f 369/390/177 368/410/177 350/391/177
f 370/392/178 372/412/178 354/61/178
f 354/393/179 372/81/179 371/394/179
f 355/395/180 373/415/180 375/396/180
f 357/379/537 375/396/537 374/397/537
f 358/398/182 376/417/182 378/399/182
f 360/68/183 378/399/183 377/400/183
f 379/401/538 381/419/538 363/384/538
f 363/384/185 381/419/185 380/403/185
f 364/386/186 382/421/186 384/405/186
f 366/387/236 384/405/236 383/406/236
f 367/389/188 385/424/188 387/408/188
f 369/390/189 387/408/189 386/409/189
f 370/392/190 388/427/190 390/411/190
f 390/413/191 389/429/191 371/394/191
f 391/414/192 393/101/192 375/396/192
f 393/101/237 392/432/237 374/397/237
f 394/416/194 396/104/194 378/399/194
f 396/104/195 395/435/195 377/400/195
f 397/418/196 399/108/196 381/419/196
f 381/419/197 399/108/197 398/420/197
f 382/421/198 400/438/198 402/422/198
f 384/405/199 402/422/199 401/423/199
f 385/424/200 403/440/200 405/425/200
f 387/408/539 405/425/539 404/426/539
f 388/427/202 406/443/202 408/428/202
f 408/137/203 407/445/203 389/429/203
f 409/430/204 411/431/204 393/101/204
f 411/431/205 410/448/205 392/432/205
f 412/433/206 414/434/206 396/104/206
f 414/434/207 413/451/207 395/435/207
f 415/436/208 417/127/208 399/108/208
f 399/108/240 417/127/240 416/437/240
f 400/438/210 418/454/210 420/130/210
f 402/422/211 420/130/211 419/439/211
f 403/440/212 421/457/212 423/441/212
f 405/425/213 423/441/213 422/442/213
f 406/443/540 424/460/540 426/444/540
f 426/156/239 425/463/239 407/445/239
f 427/446/216 429/447/216 411/431/216
f 429/447/217 428/465/217 410/448/217
f 430/449/218 432/450/218 414/434/218
f 432/450/219 431/468/219 413/451/219
f 433/452/541 435/953/541 417/127/541
f 417/127/221 435/953/221 434/453/221
f 418/454/222 436/605/222 438/455/222
f 420/130/223 438/455/223 437/456/223
f 421/457/241 439/606/241 441/458/241
f 423/441/225 441/458/225 440/459/225
f 424/460/542 442/607/542 444/461/542
f 444/462/227 443/608/227 425/463/227
f 445/464/228 447/159/228 429/447/228
f 447/159/543 446/609/543 428/465/543
f 448/466/230 450/467/230 432/450/230
f 450/467/231 449/604/231 431/468/231
f 433/469/143 451/497/143 453/470/143
f 453/470/142 452/498/142 434/472/142
f 454/473/141 456/476/141 438/474/141
f 456/476/140 455/501/140 437/477/140
f 457/478/139 459/481/139 441/479/139
f 459/481/138 458/504/138 440/482/138
f 460/483/137 462/180/137 444/181/137
f 444/184/136 462/506/136 461/485/136
f 445/487/147 463/508/147 465/488/147
f 447/489/146 465/488/146 464/490/146
f 448/492/145 466/510/145 468/493/145
f 450/494/144 468/493/144 467/495/144
f 451/497/155 469/513/155 471/215/155
f 471/215/154 470/515/154 452/498/154
f 472/499/153 474/500/153 456/476/153
f 474/500/152 473/518/152 455/501/152
f 475/502/151 477/503/151 459/481/151
f 477/503/150 476/520/150 458/504/150
f 478/505/149 480/205/149 462/180/149
f 462/506/148 480/206/148 479/507/148
f 463/508/159 481/523/159 483/209/159
f 465/488/158 483/209/158 482/509/158
f 466/510/157 484/526/157 486/511/157
f 468/493/234 486/511/234 485/512/234
f 469/513/167 487/529/167 489/514/167
f 489/514/166 488/531/166 470/515/166
f 490/516/165 492/517/165 474/500/165
f 492/517/164 491/534/164 473/518/164
f 493/519/163 495/221/163 477/503/163
f 495/221/162 494/537/162 476/520/162
f 496/521/161 498/539/161 480/205/161
f 480/206/160 498/540/160 497/522/160
f 481/523/171 499/542/171 501/524/171
f 483/209/170 501/524/170 500/525/170
f 484/526/169 502/544/169 504/527/169
f 486/511/168 504/527/168 503/528/168
f 487/529/179 505/548/179 507/530/179
f 507/530/178 506/550/178 488/531/178
f 508/532/177 510/533/177 492/517/177
f 510/533/176 509/553/176 491/534/176
f 511/535/544 513/536/544 495/221/544
f 513/536/174 512/556/174 494/537/174
f 514/538/173 516/243/173 498/539/173
f 498/540/172 516/244/172 515/541/172
f 499/542/183 517/558/183 519/247/183
f 501/524/182 519/247/182 518/543/182
f 502/544/181 520/561/181 522/545/181
f 504/527/180 522/545/180 521/546/180
f 523/547/191 525/564/191 507/530/191
f 507/530/190 525/564/190 524/549/190
f 508/532/189 526/566/189 528/551/189
f 510/533/188 528/551/188 527/552/188
f 511/535/187 529/569/187 531/554/187
f 513/536/186 531/554/186 530/555/186
f 514/538/185 532/571/185 534/280/185
f 534/281/538 533/572/538 515/541/538
f 535/557/195 537/559/195 519/247/195
f 537/559/194 536/575/194 518/543/194
f 538/560/237 540/562/237 522/545/237
f 540/562/192 539/578/192 521/546/192
f 541/563/203 543/580/203 525/564/203
f 525/564/202 543/580/202 542/565/202
f 526/566/539 544/582/539 546/567/539
f 528/551/200 546/567/200 545/568/200
f 529/569/199 547/585/199 549/277/199
f 531/554/198 549/277/198 548/570/198
f 532/571/197 550/588/197 552/299/197
f 552/300/196 551/591/196 533/572/196
f 553/573/238 555/574/238 537/559/238
f 555/574/206 554/594/206 536/575/206
f 556/576/205 558/577/205 540/562/205
f 558/577/204 557/596/204 539/578/204
f 559/579/239 561/597/239 543/580/239
f 543/580/540 561/597/540 560/581/540
f 544/582/213 562/598/213 564/583/213
f 546/567/212 564/583/212 563/584/212
f 547/585/211 565/599/211 567/586/211
f 549/277/210 567/586/210 566/587/210
f 550/588/240 568/601/240 570/589/240
f 570/590/208 569/600/208 551/591/208
f 571/592/219 573/593/219 555/574/219
f 573/593/218 572/602/218 554/594/218
f 574/595/217 576/306/217 558/577/217
f 576/306/216 575/603/216 557/596/216
f 289/324/542 560/581/542 561/597/542
f 561/597/227 559/579/227 290/322/227
f 292/329/224 563/584/224 564/583/224
f 294/326/225 564/583/225 562/598/225
f 295/334/222 566/587/222 567/586/222
f 297/331/545 567/586/545 565/599/545
f 569/600/220 570/590/220 300/21/220
f 300/18/221 570/589/221 568/601/221
f 572/602/230 573/593/230 303/23/230
f 573/593/231 571/592/231 302/339/231
f 575/603/228 576/306/228 306/345/228
f 576/306/229 574/595/229 305/343/229
f 560/581/242 289/324/242 293/327/242
f 308/349/243 310/325/243 293/327/243
f 304/347/244 323/346/244 307/348/244
f 304/347/245 290/322/245 559/579/245
f 311/352/246 313/330/246 296/332/246
f 563/584/246 292/329/246 296/332/246
f 314/355/247 316/335/247 299/336/247
f 566/587/248 295/334/248 299/336/248
f 298/338/249 317/337/249 319/360/249
f 298/338/250 302/339/250 571/592/250
f 301/342/251 320/341/251 322/363/251
f 301/342/251 305/343/251 574/595/251
f 323/346/252 341/364/252 325/365/252
f 326/367/253 328/350/253 310/325/253
f 329/370/246 331/353/246 313/330/246
f 332/373/254 334/356/254 316/335/254
f 317/337/255 335/359/255 337/378/255
f 320/341/251 338/362/251 340/381/251
f 341/364/256 359/382/256 343/383/256
f 344/385/257 346/368/257 328/350/257
f 347/388/246 349/371/246 331/353/246
f 350/391/258 352/374/258 334/356/258
f 335/359/259 353/377/259 355/395/259
f 338/362/251 356/380/251 358/398/251
f 359/382/260 377/400/260 361/402/260
f 362/404/261 364/386/261 346/368/261
f 365/407/246 367/389/246 349/371/246
f 368/410/262 370/392/262 352/374/262
f 353/377/263 371/394/263 373/415/263
f 356/380/251 374/397/251 376/417/251
f 395/435/264 379/401/264 361/402/264
f 362/404/265 380/403/265 382/421/265
f 365/407/246 383/406/246 385/424/246
f 368/410/266 386/409/266 388/427/266
f 389/429/267 391/414/267 373/415/267
f 392/432/251 394/416/251 376/417/251
f 413/451/268 397/418/268 379/401/268
f 380/403/269 398/420/269 400/438/269
f 383/406/246 401/423/246 403/440/246
f 386/409/270 404/426/270 406/443/270
f 407/445/271 409/430/271 391/414/271
f 410/448/251 412/433/251 394/416/251
f 431/468/272 415/436/272 397/418/272
f 398/420/273 416/437/273 418/454/273
f 401/423/246 419/439/246 421/457/246
f 404/426/274 422/442/274 424/460/274
f 425/463/275 427/446/275 409/430/275
f 428/465/251 430/449/251 412/433/251
f 449/604/250 433/452/250 415/436/250
f 416/437/248 434/453/248 436/605/248
f 419/439/246 437/456/246 439/606/246
f 422/442/242 440/459/242 442/607/242
f 443/608/245 445/464/245 427/446/245
f 446/609/251 448/466/251 430/449/251
f 449/496/249 467/495/249 451/497/249
f 452/498/247 454/473/247 436/475/247
f 455/501/246 457/478/246 439/480/246
f 458/504/243 460/483/243 442/484/243
f 443/486/244 461/485/244 463/508/244
f 446/491/251 464/490/251 466/510/251
f 467/495/255 485/512/255 469/513/255
f 470/515/254 472/499/254 454/473/254
f 473/518/246 475/502/246 457/478/246
f 476/520/253 478/505/253 460/483/253
f 461/485/252 479/507/252 481/523/252
f 464/490/251 482/509/251 484/526/251
f 485/512/259 503/528/259 487/529/259
f 488/531/258 490/516/258 472/499/258
f 491/534/246 493/519/246 475/502/246
f 494/537/257 496/521/257 478/505/257
f 479/507/256 497/522/256 499/542/256
f 482/509/251 500/525/251 502/544/251
f 503/528/263 521/546/263 505/548/263
f 506/550/262 508/532/262 490/516/262
f 509/553/246 511/535/246 493/519/246
f 512/556/261 514/538/261 496/521/261
f 497/522/260 515/541/260 517/558/260
f 500/525/251 518/543/251 520/561/251
f 539/578/267 523/547/267 505/548/267
f 506/550/266 524/549/266 526/566/266
f 509/553/246 527/552/246 529/569/246
f 512/556/265 530/555/265 532/571/265
f 533/572/264 535/557/264 517/558/264
f 536/575/251 538/560/251 520/561/251
f 557/596/271 541/563/271 523/547/271
f 524/549/270 542/565/270 544/582/270
f 527/552/246 545/568/246 547/585/246
f 530/555/269 548/570/269 550/588/269
f 551/591/268 553/573/268 535/557/268
f 554/594/251 556/576/251 538/560/251
f 575/603/275 559/579/275 541/563/275
f 542/565/274 560/581/274 562/598/274
f 545/568/246 563/584/246 565/599/246
f 548/570/273 566/587/273 568/601/273
f 569/600/272 571/592/272 553/573/272
f 572/602/251 574/595/251 556/576/251
usemtl iron
f 577/610/276 581/611/276 583/612/276
f 582/613/277 580/614/277 578/615/277
f 579/616/278 581/617/278 582/618/278
f 587/619/279 590/620/279 584/621/279
f 585/622/280 588/623/280 587/624/280
f 586/625/281 588/626/281 589/627/281
f 591/628/282 595/629/282 597/630/282
f 592/631/283 595/632/283 594/633/283
f 597/634/284 596/635/284 593/636/284
f 598/637/285 602/638/285 604/639/285
f 603/640/286 601/641/286 599/642/286
f 600/643/287 602/644/287 603/640/287
f 605/645/288 609/646/288 611/647/288
f 606/648/289 609/646/289 608/649/289
f 611/647/290 610/650/290 607/651/290
f 612/652/291 616/653/291 618/654/291
f 617/655/292 615/656/292 613/657/292
f 614/658/293 616/653/293 617/655/293
f 619/659/294 623/660/294 625/661/294
f 624/662/295 622/663/295 620/664/295
f 621/665/296 623/660/296 624/662/296
f 626/666/297 630/667/297 632/668/297
f 627/669/298 630/667/298 629/670/298
f 632/668/299 631/671/299 628/672/299
f 577/610/300 594/673/300 591/628/300
f 594/633/301 579/616/301 592/631/301
f 584/621/302 582/613/302 578/615/302
f 582/618/303 586/625/303 579/616/303
f 585/622/304 604/639/304 589/674/304
f 604/675/305 586/625/305 589/627/305
f 599/642/306 596/635/306 603/640/306
f 596/635/307 600/643/307 603/640/307
f 619/659/308 597/630/308 622/663/308
f 622/663/309 593/636/309 620/664/309
f 626/666/310 601/676/310 598/637/310
f 632/668/311 599/642/311 601/641/311
f 621/665/312 631/671/312 627/669/312
f 624/662/313 628/672/313 631/671/313
f 619/659/314 608/649/314 605/645/314
f 625/661/315 606/648/315 608/649/315
f 626/666/316 618/654/316 629/670/316
f 618/654/317 627/669/317 629/670/317
f 607/651/318 617/655/318 613/657/318
f 610/650/319 614/658/319 617/655/319
f 577/610/320 611/647/320 580/677/320
f 611/647/321 578/615/321 580/614/321
f 585/622/322 615/656/322 612/652/322
f 587/619/323 613/657/323 615/656/323
f 619/659/324 577/610/324 591/628/324
f 579/616/325 600/643/325 592/631/325
f 607/651/326 584/621/326 578/615/326
f 626/666/327 585/622/327 612/652/327
f 599/642/328 620/664/328 593/636/328
f 627/669/329 606/648/329 621/665/329
f 633/610/330 637/611/330 639/612/330
f 638/613/331 636/614/331 634/615/331
f 635/616/332 637/617/332 638/618/332
f 643/619/333 646/620/333 640/621/333
f 641/622/334 644/623/334 643/624/334
f 642/625/335 644/626/335 645/627/335
f 647/628/336 651/629/336 653/630/336
f 648/678/337 651/632/337 650/633/337
f 653/634/338 652/635/338 649/679/338
f 654/637/339 658/638/339 660/639/339
f 659/640/340 657/641/340 655/642/340
f 656/680/341 658/644/341 659/640/341
f 661/645/342 665/646/342 667/647/342
f 662/648/343 665/646/343 664/649/343
f 667/647/344 666/650/344 663/651/344
f 668/652/345 672/653/345 674/681/345
f 673/655/346 671/656/346 669/657/346
f 670/658/347 672/653/347 673/655/347
f 675/659/348 679/660/348 681/661/348
f 680/662/349 678/663/349 676/664/349
f 677/665/350 679/660/350 680/662/350
f 682/666/351 686/667/351 688/668/351
f 683/669/352 686/667/352 685/670/352
f 688/668/353 687/671/353 684/672/353
f 633/610/354 650/673/354 647/628/354
f 639/682/355 648/678/355 650/633/355
f 634/615/356 646/620/356 638/613/356
f 646/683/357 635/616/357 638/618/357
f 654/637/358 645/674/358 641/622/358
f 660/675/359 642/625/359 645/627/359
f 655/642/360 652/635/360 659/640/360
f 652/635/361 656/680/361 659/640/361
f 675/659/362 653/630/362 678/663/362
f 653/634/363 676/664/363 678/663/363
f 682/666/364 657/676/364 654/637/364
f 688/668/365 655/642/365 657/641/365
f 677/665/366 687/671/366 683/669/366
f 687/671/367 676/664/367 684/672/367
f 675/659/368 664/649/368 661/645/368
f 681/661/369 662/648/369 664/649/369
f 682/666/370 674/681/370 685/670/370
f 674/681/371 683/669/371 685/670/371
f 663/651/372 673/655/372 669/657/372
f 666/650/373 670/658/373 673/655/373
f 633/610/374 667/647/374 636/677/374
f 636/614/375 663/651/375 634/615/375
f 641/622/376 671/656/376 668/652/376
f 643/619/377 669/657/377 671/656/377
f 675/659/378 633/610/378 647/628/378
f 642/625/379 648/678/379 635/616/379
f 669/657/380 634/615/380 663/651/380
f 682/666/381 641/622/381 668/652/381
f 655/642/382 676/664/382 649/679/382
f 683/669/383 662/648/383 677/665/383
f 707/684/384 691/2/384 690/685/384
f 691/2/385 708/686/385 689/687/385
f 710/688/386 694/689/386 693/690/386
f 694/689/387 711/691/387 692/692/387
f 696/693/388 715/694/388 697/695/388
f 715/694/389 695/696/389 697/695/389
f 699/697/390 718/17/390 700/698/390
f 718/19/391 698/699/391 700/700/391
f 719/701/392 703/702/392 702/703/392
f 721/704/393 701/705/393 703/702/393
f 705/706/394 724/707/394 706/708/394
f 724/707/395 704/709/395 706/708/395
f 725/710/396 709/33/396 707/684/396
f 709/33/397 726/711/397 708/686/397
f 728/712/398 712/7/398 710/688/398
f 730/713/399 711/691/399 712/7/399
f 731/714/400 715/694/400 713/715/400
f 733/354/401 714/716/401 715/694/401
f 716/717/402 736/42/402 718/17/402
f 736/718/403 717/719/403 718/19/403
f 737/720/404 721/704/404 719/701/404
f 739/721/405 720/722/405 721/704/405
f 722/723/406 742/49/406 724/707/406
f 724/707/407 741/724/407 723/725/407
f 743/726/408 727/727/408 725/710/408
f 745/71/409 726/711/409 727/727/409
f 746/728/410 730/713/410 728/712/410
f 748/729/411 729/730/411 730/713/411
f 749/731/412 733/354/412 731/714/412
f 733/354/413 750/732/413 732/733/413
f 752/734/414 736/42/414 734/735/414
f 736/718/415 753/736/415 735/737/415
f 737/720/416 757/738/416 739/721/416
f 757/738/417 738/739/417 739/721/417
f 740/740/418 760/741/418 742/49/418
f 742/49/419 759/742/419 741/724/419
f 761/743/420 745/71/420 743/726/420
f 763/744/421 744/745/421 745/71/421
f 764/746/422 748/729/422 746/728/422
f 748/729/423 765/747/423 747/748/423
f 749/731/424 769/390/424 751/749/424
f 751/749/425 768/750/425 750/732/425
f 752/734/426 772/751/426 754/752/426
f 772/753/427 753/736/427 754/393/427
f 773/754/428 757/738/428 755/755/428
f 757/738/429 774/756/429 756/757/429
f 776/758/430 760/741/430 758/759/430
f 778/760/431 759/742/431 760/741/431
f 761/743/432 781/89/432 763/744/432
f 763/744/433 780/761/433 762/762/433
f 782/763/434 766/387/434 764/746/434
f 766/387/435 783/764/435 765/747/435
f 767/765/436 787/766/436 769/390/436
f 787/766/437 768/750/437 769/390/437
f 770/767/438 790/768/438 772/751/438
f 790/769/439 771/770/439 772/753/439
f 773/754/440 793/771/440 775/772/440
f 793/771/441 774/756/441 775/772/441
f 794/773/442 778/760/442 776/758/442
f 796/774/443 777/775/443 778/760/443
f 779/776/444 799/108/444 781/89/444
f 799/108/445 780/761/445 781/89/445
f 800/777/446 784/93/446 782/763/446
f 802/422/447 783/764/447 784/93/447
f 785/778/448 805/779/448 787/766/448
f 787/766/449 804/780/449 786/781/449
f 806/782/450 790/768/450 788/783/450
f 808/784/451 789/785/451 790/769/451
f 791/786/452 811/787/452 793/771/452
f 793/771/453 810/788/453 792/789/453
f 812/790/454 796/774/454 794/773/454
f 814/791/455 795/792/455 796/774/455
f 797/793/456 817/794/456 799/108/456
f 817/794/457 798/795/457 799/108/457
f 800/777/458 820/796/458 802/422/458
f 820/796/459 801/797/459 802/422/459
f 821/798/460 805/779/460 803/799/460
f 823/800/461 804/780/461 805/779/461
f 806/782/462 826/444/462 808/801/462
f 808/784/463 825/802/463 807/803/463
f 809/804/464 829/805/464 811/787/464
f 829/805/465 810/788/465 811/787/465
f 830/806/466 814/791/466 812/790/466
f 832/807/467 813/808/467 814/791/467
f 815/809/468 835/810/468 817/794/468
f 817/794/469 834/811/469 816/812/469
f 836/813/470 820/796/470 818/814/470
f 820/796/471 837/815/471 819/816/471
f 839/817/472 823/800/472 821/798/472
f 823/800/473 840/818/473 822/819/473
f 824/820/474 844/461/474 826/444/474
f 844/462/475 825/802/475 826/156/475
f 827/821/476 847/822/476 829/805/476
f 847/822/477 828/823/477 829/805/477
f 830/806/478 850/824/478 832/807/478
f 850/824/479 831/825/479 832/807/479
f 851/826/480 835/827/480 833/828/480
f 853/470/481 834/829/481 835/827/481
f 854/830/389 838/831/389 836/832/389
f 856/833/388 837/834/388 838/831/388
f 857/835/387 841/479/387 839/836/387
f 859/175/386 840/837/386 841/479/386
f 860/838/482 844/181/482 842/839/482
f 844/184/384 861/840/384 843/841/384
f 863/842/395 847/186/395 845/843/395
f 847/186/394 864/844/394 846/845/394
f 866/846/393 850/847/393 848/848/393
f 868/493/392 849/849/392 850/847/392
f 851/826/483 871/215/483 853/470/483
f 853/470/484 870/850/484 852/851/484
f 872/852/401 856/833/401 854/830/401
f 874/853/400 855/854/400 856/833/400
f 857/835/399 877/503/399 859/175/399
f 859/175/398 876/855/398 858/856/398
f 860/838/397 880/205/397 862/180/397
f 862/182/485 879/857/485 861/840/485
f 881/858/407 865/188/407 863/842/407
f 865/188/406 882/859/406 864/844/406
f 884/860/405 868/493/405 866/846/405
f 868/493/486 885/861/486 867/862/486
f 869/863/487 889/234/487 871/215/487
f 889/234/488 870/850/488 871/215/488
f 872/852/413 892/864/413 874/853/413
f 892/864/412 873/865/412 874/853/412
f 893/866/411 877/503/411 875/867/411
f 895/221/410 876/855/410 877/503/410
f 878/868/489 898/869/489 880/205/489
f 880/206/408 897/870/408 879/857/408
f 881/858/419 901/871/419 883/209/419
f 883/209/418 900/872/418 882/859/418
f 884/860/417 904/873/417 886/874/417
f 904/873/416 885/861/416 886/874/416
f 887/875/427 907/253/427 889/234/427
f 907/253/490 888/876/490 889/234/490
f 890/877/425 910/878/425 892/864/425
f 910/878/424 891/879/424 892/864/424
f 911/880/423 895/221/423 893/866/423
f 895/221/422 912/881/422 894/882/422
f 914/883/491 898/869/491 896/884/491
f 898/885/420 915/886/420 897/870/420
f 899/887/431 919/888/431 901/871/431
f 901/871/430 918/889/430 900/872/430
f 902/890/429 922/891/429 904/873/429
f 922/891/428 903/892/428 904/873/428
f 923/893/492 907/253/492 905/894/492
f 925/895/438 906/896/438 907/253/438
f 908/897/437 928/898/437 910/878/437
f 910/878/436 927/899/436 909/900/436
f 929/901/435 913/536/435 911/880/435
f 913/536/434 930/902/434 912/881/434
f 932/903/493 916/243/493 914/883/493
f 934/281/432 915/886/432 916/244/432
f 917/904/443 937/905/443 919/888/443
f 937/905/442 918/889/442 919/888/442
f 920/906/441 940/267/441 922/891/441
f 922/891/440 939/907/440 921/908/440
f 941/909/451 925/895/451 923/893/451
f 943/271/450 924/910/450 925/895/450
f 926/911/449 946/567/449 928/898/449
f 946/567/448 927/899/448 928/898/448
f 929/901/447 949/912/447 931/913/447
f 949/912/494 930/902/494 931/913/494
f 932/903/495 952/299/495 934/280/495
f 952/300/444 933/914/444 934/281/444
f 935/915/496 955/916/496 937/905/496
f 955/916/454 936/917/454 937/905/454
f 956/918/453 940/267/453 938/919/453
f 940/267/452 957/920/452 939/907/452
f 959/921/463 943/271/463 941/909/463
f 961/922/462 942/923/462 943/271/462
f 944/924/461 964/925/461 946/567/461
f 964/925/460 945/926/460 946/567/460
f 947/927/459 967/928/459 949/912/459
f 967/928/458 948/929/458 949/912/458
f 950/930/457 970/931/457 952/299/457
f 970/932/456 951/933/456 952/300/456
f 971/934/467 955/916/467 953/935/467
f 973/936/466 954/937/466 955/916/466
f 974/938/465 958/939/465 956/918/465
f 958/939/497 975/940/497 957/920/497
f 960/941/474 691/2/474 689/687/474
f 961/922/475 690/685/475 691/2/475
f 692/692/472 964/925/472 694/689/472
f 694/689/473 962/942/473 693/690/473
f 966/943/470 697/695/470 695/696/470
f 967/928/471 696/693/471 697/695/471
f 969/944/468 700/700/468 698/699/468
f 700/698/498 968/945/498 699/697/498
f 972/946/478 703/702/478 701/705/478
f 973/936/479 702/703/479 703/702/479
f 704/709/476 976/306/476 706/708/476
f 976/306/477 705/706/477 706/708/477
f 960/941/499 693/690/499 962/942/499
f 689/687/500 710/688/500 693/690/500
f 723/725/501 690/685/501 704/709/501
f 704/709/502 959/921/502 975/940/502
f 711/691/503 696/693/503 692/692/503
f 963/947/503 696/693/503 965/948/503
f 695/696/504 716/717/504 699/697/504
f 695/696/505 968/945/505 966/943/505
f 717/719/506 702/703/506 698/699/506
f 969/944/507 702/703/507 971/934/507
f 701/705/508 722/723/508 705/706/508
f 701/705/508 974/938/508 972/946/508
f 741/724/509 707/684/509 723/725/509
f 726/711/510 710/688/510 708/686/510
f 729/730/503 713/715/503 711/691/503
f 732/733/511 716/717/511 714/716/511
f 717/719/512 737/720/512 719/701/512
f 738/739/508 722/723/508 720/722/508
f 741/724/513 743/726/513 725/710/513
f 744/745/514 728/712/514 726/711/514
f 729/730/503 749/731/503 731/714/503
f 750/732/515 734/735/515 732/733/515
f 753/736/516 737/720/516 735/737/516
f 756/757/508 740/740/508 738/739/508
f 759/742/517 761/743/517 743/726/517
f 762/762/518 746/728/518 744/745/518
f 765/747/503 749/731/503 747/748/503
f 768/750/519 752/734/519 750/732/519
f 771/770/520 755/755/520 753/736/520
f 774/756/508 758/759/508 756/757/508
f 795/792/521 761/743/521 777/775/521
f 762/762/522 782/763/522 764/746/522
f 765/747/503 785/778/503 767/765/503
f 786/781/523 770/767/523 768/750/523
f 789/785/524 773/754/524 771/770/524
f 774/756/508 794/773/508 776/758/508
f 795/792/525 797/793/525 779/776/525
f 780/761/526 800/777/526 782/763/526
f 783/764/503 803/799/503 785/778/503
f 804/780/527 788/783/527 786/781/527
f 807/803/528 791/786/528 789/785/528
f 810/788/508 794/773/508 792/789/508
f 831/825/529 797/793/529 813/808/529
f 798/795/530 818/814/530 800/777/530
f 819/816/503 803/799/503 801/797/503
f 804/780/531 824/820/531 806/782/531
f 807/803/532 827/821/532 809/804/532
f 828/823/508 812/790/508 810/788/508
f 849/949/507 815/809/507 831/825/507
f 816/812/505 836/813/505 818/814/505
f 819/816/503 839/817/503 821/798/503
f 822/819/499 842/950/499 824/820/499
f 825/802/502 845/951/502 827/821/502
f 828/823/508 848/952/508 830/806/508
f 849/849/506 851/826/506 833/828/506
f 852/851/504 836/832/504 834/829/504
f 837/834/503 857/835/503 839/836/503
f 858/856/500 842/839/500 840/837/500
f 861/840/501 845/843/501 843/841/501
f 864/844/508 848/848/508 846/845/508
f 885/861/512 851/826/512 867/862/512
f 870/850/511 854/830/511 852/851/511
f 873/865/503 857/835/503 855/854/503
f 858/856/510 878/868/510 860/838/510
f 879/857/509 863/842/509 861/840/509
f 864/844/508 884/860/508 866/846/508
f 903/892/516 869/863/516 885/861/516
f 888/876/515 872/852/515 870/850/515
f 873/865/503 893/866/503 875/867/503
f 894/882/514 878/868/514 876/855/514
f 897/870/513 881/858/513 879/857/513
f 900/872/508 884/860/508 882/859/508
f 921/908/520 887/875/520 903/892/520
f 888/876/519 908/897/519 890/877/519
f 909/900/503 893/866/503 891/879/503
f 912/881/518 896/884/518 894/882/518
f 915/886/517 899/887/517 897/870/517
f 918/889/508 902/890/508 900/872/508
f 939/907/524 905/894/524 921/908/524
f 906/896/523 926/911/523 908/897/523
f 909/900/503 929/901/503 911/880/503
f 930/902/522 914/883/522 912/881/522
f 915/886/521 935/915/521 917/904/521
f 918/889/508 938/919/508 920/906/508
f 957/920/528 923/893/528 939/907/528
f 924/910/527 944/924/527 926/911/527
f 927/899/503 947/927/503 929/901/503
f 948/929/526 932/903/526 930/902/526
f 933/914/525 953/935/525 935/915/525
f 936/917/508 956/918/508 938/919/508
f 975/940/532 941/909/532 957/920/532
f 942/923/531 962/942/531 944/924/531
f 963/947/503 947/927/503 945/926/503
f 966/943/530 950/930/530 948/929/530
f 951/933/529 971/934/529 953/935/529
f 954/937/508 974/938/508 956/918/508
f 577/610/546 580/677/546 581/611/546
f 582/613/547 581/954/547 580/614/547
f 579/616/548 583/682/548 581/617/548
f 587/619/549 588/955/549 590/620/549
f 585/622/550 589/674/550 588/623/550
f 586/625/551 590/683/551 588/626/551
f 591/628/552 594/673/552 595/629/552
f 592/631/553 596/635/553 595/632/553
f 597/634/554 595/632/554 596/635/554
f 598/637/555 601/676/555 602/638/555
f 603/640/556 602/644/556 601/641/556
f 600/643/557 604/675/557 602/644/557
f 605/645/558 608/649/558 609/646/558
f 606/648/559 610/650/559 609/646/559
f 611/647/560 609/646/560 610/650/560
f 612/652/561 615/656/561 616/653/561
f 617/655/562 616/653/562 615/656/562
f 614/658/563 618/654/563 616/653/563
f 619/659/564 622/663/564 623/660/564
f 624/662/565 623/660/565 622/663/565
f 621/665/566 625/661/566 623/660/566
f 626/666/567 629/670/567 630/667/567
f 627/669/568 631/671/568 630/667/568
f 632/668/569 630/667/569 631/671/569
f 577/610/300 583/612/300 594/673/300
f 594/633/570 583/682/570 579/616/570
f 584/621/302 590/620/302 582/613/302
f 582/618/303 590/683/303 586/625/303
f 585/622/571 598/637/571 604/639/571
f 604/675/305 600/643/305 586/625/305
f 599/642/306 593/636/306 596/635/306
f 596/635/572 592/631/572 600/643/572
f 619/659/573 591/628/573 597/630/573
f 622/663/574 597/634/574 593/636/574
f 626/666/310 632/668/310 601/676/310
f 632/668/311 628/672/311 599/642/311
f 621/665/312 624/662/312 631/671/312
f 624/662/575 620/664/575 628/672/575
f 619/659/314 625/661/314 608/649/314
f 625/661/315 621/665/315 606/648/315
f 626/666/316 612/652/316 618/654/316
f 618/654/576 614/658/576 627/669/576
f 607/651/318 610/650/318 617/655/318
f 610/650/577 606/648/577 614/658/577
f 577/610/320 605/645/320 611/647/320
f 611/647/321 607/651/321 578/615/321
f 585/622/322 587/624/322 615/656/322
f 587/619/578 584/621/578 613/657/578
f 619/659/324 605/645/324 577/610/324
f 579/616/325 586/625/325 600/643/325
f 607/651/326 613/657/326 584/621/326
f 626/666/327 598/637/327 585/622/327
f 599/642/328 628/672/328 620/664/328
f 627/669/329 614/658/329 606/648/329
f 633/610/579 636/677/579 637/611/579
f 638/613/580 637/954/580 636/614/580
f 635/616/581 639/682/581 637/617/581
f 643/619/582 644/955/582 646/620/582
f 641/622/583 645/674/583 644/623/583
f 642/625/584 646/683/584 644/626/584
f 647/628/585 650/673/585 651/629/585
f 648/678/586 652/635/586 651/632/586
f 653/634/587 651/632/587 652/635/587
f 654/637/588 657/676/588 658/638/588
f 659/640/589 658/644/589 657/641/589
f 656/680/590 660/675/590 658/644/590
f 661/645/591 664/649/591 665/646/591
f 662/648/592 666/650/592 665/646/592
f 667/647/593 665/646/593 666/650/593
f 668/652/594 671/656/594 672/653/594
f 673/655/595 672/653/595 671/656/595
f 670/658/596 674/681/596 672/653/596
f 675/659/597 678/663/597 679/660/597
f 680/662/598 679/660/598 678/663/598
f 677/665/599 681/661/599 679/660/599
f 682/666/600 685/670/600 686/667/600
f 683/669/601 687/671/601 686/667/601
f 688/668/602 686/667/602 687/671/602
f 633/610/354 639/612/354 650/673/354
f 639/682/603 635/616/603 648/678/603
f 634/615/356 640/621/356 646/620/356
f 646/683/604 642/625/604 635/616/604
f 654/637/605 660/639/605 645/674/605
f 660/675/359 656/680/359 642/625/359
f 655/642/606 649/679/606 652/635/606
f 652/635/607 648/678/607 656/680/607
f 675/659/362 647/628/362 653/630/362
f 653/634/363 649/679/363 676/664/363
f 682/666/364 688/668/364 657/676/364
f 688/668/608 684/672/608 655/642/608
f 677/665/366 680/662/366 687/671/366
f 687/671/367 680/662/367 676/664/367
f 675/659/368 681/661/368 664/649/368
f 681/661/369 677/665/369 662/648/369
f 682/666/370 668/652/370 674/681/370
f 674/681/609 670/658/609 683/669/609
f 663/651/372 666/650/372 673/655/372
f 666/650/373 662/648/373 670/658/373
f 633/610/374 661/645/374 667/647/374
f 636/614/610 667/647/610 663/651/610
f 641/622/376 643/624/376 671/656/376
f 643/619/377 640/621/377 669/657/377
f 675/659/378 661/645/378 633/610/378
f 642/625/379 656/680/379 648/678/379
f 669/657/380 640/621/380 634/615/380
f 682/666/381 654/637/381 641/622/381
f 655/642/382 684/672/382 676/664/382
f 683/669/383 670/658/383 662/648/383
f 707/684/384 709/33/384 691/2/384
f 691/2/385 709/33/385 708/686/385
f 710/688/386 712/7/386 694/689/386
f 694/689/387 712/7/387 711/691/387
f 696/693/388 713/715/388 715/694/388
f 715/694/389 714/716/389 695/696/389
f 699/697/481 716/717/481 718/17/481
f 718/19/391 717/719/391 698/699/391
f 719/701/392 721/704/392 703/702/392
f 721/704/393 720/722/393 701/705/393
f 705/706/394 722/723/394 724/707/394
f 724/707/395 723/725/395 704/709/395
f 725/710/485 727/727/485 709/33/485
f 709/33/611 727/727/611 726/711/611
f 728/712/398 730/713/398 712/7/398
f 730/713/399 729/730/399 711/691/399
f 731/714/400 733/354/400 715/694/400
f 733/354/612 732/733/612 714/716/612
f 716/717/484 734/735/484 736/42/484
f 736/718/483 735/737/483 717/719/483
f 737/720/486 739/721/486 721/704/486
f 739/721/405 738/739/405 720/722/405
f 722/723/406 740/740/406 742/49/406
f 724/707/407 742/49/407 741/724/407
f 743/726/613 745/71/613 727/727/613
f 745/71/489 744/745/489 726/711/489
f 746/728/410 748/729/410 730/713/410
f 748/729/411 747/748/411 729/730/411
f 749/731/412 751/749/412 733/354/412
f 733/354/413 751/749/413 750/732/413
f 752/734/414 754/752/414 736/42/414
f 736/718/487 754/393/487 753/736/487
f 737/720/416 755/755/416 757/738/416
f 757/738/417 756/757/417 738/739/417
f 740/740/418 758/759/418 760/741/418
f 742/49/419 760/741/419 759/742/419
f 761/743/614 763/744/614 745/71/614
f 763/744/491 762/762/491 744/745/491
f 764/746/422 766/387/422 748/729/422
f 748/729/423 766/387/423 765/747/423
f 749/731/424 767/765/424 769/390/424
f 751/749/425 769/390/425 768/750/425
f 752/734/426 770/767/426 772/751/426
f 772/753/427 771/770/427 753/736/427
f 773/754/428 775/772/428 757/738/428
f 757/738/429 775/772/429 774/756/429
f 776/758/430 778/760/430 760/741/430
f 778/760/431 777/775/431 759/742/431
f 761/743/432 779/776/432 781/89/432
f 763/744/493 781/89/493 780/761/493
f 782/763/434 784/93/434 766/387/434
f 766/387/435 784/93/435 783/764/435
f 767/765/436 785/778/436 787/766/436
f 787/766/437 786/781/437 768/750/437
f 770/767/438 788/783/438 790/768/438
f 790/769/492 789/785/492 771/770/492
f 773/754/440 791/786/440 793/771/440
f 793/771/441 792/789/441 774/756/441
f 794/773/442 796/774/442 778/760/442
f 796/774/443 795/792/443 777/775/443
f 779/776/444 797/793/444 799/108/444
f 799/108/445 798/795/445 780/761/445
f 800/777/446 802/422/446 784/93/446
f 802/422/447 801/797/447 783/764/447
f 785/778/448 803/799/448 805/779/448
f 787/766/449 805/779/449 804/780/449
f 806/782/450 808/801/450 790/768/450
f 808/784/615 807/803/615 789/785/615
f 791/786/452 809/804/452 811/787/452
f 793/771/453 811/787/453 810/788/453
f 812/790/454 814/791/454 796/774/454
f 814/791/455 813/808/455 795/792/455
f 797/793/456 815/809/456 817/794/456
f 817/794/457 816/812/457 798/795/457
f 800/777/458 818/814/458 820/796/458
f 820/796/459 819/816/459 801/797/459
f 821/798/460 823/800/460 805/779/460
f 823/800/461 822/819/461 804/780/461
f 806/782/462 824/820/462 826/444/462
f 808/784/463 826/156/463 825/802/463
f 809/804/464 827/821/464 829/805/464
f 829/805/465 828/823/465 810/788/465
f 830/806/466 832/807/466 814/791/466
f 832/807/467 831/825/467 813/808/467
f 815/809/616 833/956/616 835/810/616
f 817/794/498 835/810/498 834/811/498
f 836/813/470 838/957/470 820/796/470
f 820/796/471 838/957/471 837/815/471
f 839/817/472 841/458/472 823/800/472
f 823/800/473 841/458/473 840/818/473
f 824/820/617 842/950/617 844/461/617
f 844/462/618 843/958/618 825/802/618
f 827/821/476 845/951/476 847/822/476
f 847/822/477 846/959/477 828/823/477
f 830/806/478 848/952/478 850/824/478
f 850/824/479 849/949/479 831/825/479
f 851/826/480 853/470/480 835/827/480
f 853/470/481 852/851/481 834/829/481
f 854/830/389 856/833/389 838/831/389
f 856/833/388 855/854/388 837/834/388
f 857/835/387 859/175/387 841/479/387
f 859/175/386 858/856/386 840/837/386
f 860/838/385 862/180/385 844/181/385
f 844/184/384 862/182/384 861/840/384
f 863/842/395 865/188/395 847/186/395
f 847/186/394 865/188/394 864/844/394
f 866/846/393 868/493/393 850/847/393
f 868/493/392 867/862/392 849/849/392
f 851/826/483 869/863/483 871/215/483
f 853/470/402 871/215/402 870/850/402
f 872/852/401 874/853/401 856/833/401
f 874/853/400 873/865/400 855/854/400
f 857/835/399 875/867/399 877/503/399
f 859/175/398 877/503/398 876/855/398
f 860/838/397 878/868/397 880/205/397
f 862/182/485 880/206/485 879/857/485
f 881/858/407 883/209/407 865/188/407
f 865/188/406 883/209/406 882/859/406
f 884/860/405 886/874/405 868/493/405
f 868/493/486 886/874/486 885/861/486
f 869/863/487 887/875/487 889/234/487
f 889/234/488 888/876/488 870/850/488
f 872/852/413 890/877/413 892/864/413
f 892/864/412 891/879/412 873/865/412
f 893/866/411 895/221/411 877/503/411
f 895/221/410 894/882/410 876/855/410
f 878/868/489 896/884/489 898/869/489
f 880/206/613 898/885/613 897/870/613
f 881/858/419 899/887/419 901/871/419
f 883/209/418 901/871/418 900/872/418
f 884/860/417 902/890/417 904/873/417
f 904/873/416 903/892/416 885/861/416
f 887/875/427 905/894/427 907/253/427
f 907/253/426 906/896/426 888/876/426
f 890/877/425 908/897/425 910/878/425
f 910/878/424 909/900/424 891/879/424
f 911/880/423 913/536/423 895/221/423
f 895/221/422 913/536/422 912/881/422
f 914/883/491 916/243/491 898/869/491
f 898/885/420 916/244/420 915/886/420
f 899/887/431 917/904/431 919/888/431
f 901/871/430 919/888/430 918/889/430
f 902/890/429 920/906/429 922/891/429
f 922/891/428 921/908/428 903/892/428
f 923/893/439 925/895/439 907/253/439
f 925/895/438 924/910/438 906/896/438
f 908/897/437 926/911/437 928/898/437
f 910/878/436 928/898/436 927/899/436
f 929/901/435 931/913/435 913/536/435
f 913/536/434 931/913/434 930/902/434
f 932/903/493 934/280/493 916/243/493
f 934/281/432 933/914/432 915/886/432
f 917/904/443 935/915/443 937/905/443
f 937/905/442 936/917/442 918/889/442
f 920/906/441 938/919/441 940/267/441
f 922/891/440 940/267/440 939/907/440
f 941/909/451 943/271/451 925/895/451
f 943/271/450 942/923/450 924/910/450
f 926/911/449 944/924/449 946/567/449
f 946/567/448 945/926/448 927/899/448
f 929/901/447 947/927/447 949/912/447
f 949/912/446 948/929/446 930/902/446
f 932/903/445 950/930/445 952/299/445
f 952/300/444 951/933/444 933/914/444
f 935/915/455 953/935/455 955/916/455
f 955/916/454 954/937/454 936/917/454
f 956/918/453 958/939/453 940/267/453
f 940/267/452 958/939/452 957/920/452
f 959/921/619 961/922/619 943/271/619
f 961/922/462 960/941/462 942/923/462
f 944/924/620 962/942/620 964/925/620
f 964/925/460 963/947/460 945/926/460
f 947/927/459 965/948/459 967/928/459
f 967/928/621 966/943/621 948/929/621
f 950/930/457 968/945/457 970/931/457
f 970/932/456 969/944/456 951/933/456
f 971/934/467 973/936/467 955/916/467
f 973/936/466 972/946/466 954/937/466
f 974/938/465 976/306/465 958/939/465
f 958/939/464 976/306/464 975/940/464
f 960/941/474 961/922/474 691/2/474
f 961/922/475 959/921/475 690/685/475
f 692/692/472 963/947/472 964/925/472
f 694/689/473 964/925/473 962/942/473
f 966/943/470 967/928/470 697/695/470
f 967/928/471 965/948/471 696/693/471
f 969/944/616 970/932/616 700/700/616
f 700/698/469 970/931/469 968/945/469
f 972/946/478 973/936/478 703/702/478
f 973/936/479 971/934/479 702/703/479
f 704/709/476 975/940/476 976/306/476
f 976/306/477 974/938/477 705/706/477
f 960/941/499 689/687/499 693/690/499
f 689/687/500 708/686/500 710/688/500
f 723/725/501 707/684/501 690/685/501
f 704/709/502 690/685/502 959/921/502
f 711/691/503 713/715/503 696/693/503
f 963/947/503 692/692/503 696/693/503
f 695/696/504 714/716/504 716/717/504
f 695/696/505 699/697/505 968/945/505
f 717/719/506 719/701/506 702/703/506
f 969/944/507 698/699/507 702/703/507
f 701/705/508 720/722/508 722/723/508
f 701/705/508 705/706/508 974/938/508
f 741/724/509 725/710/509 707/684/509
f 726/711/510 728/712/510 710/688/510
f 729/730/503 731/714/503 713/715/503
f 732/733/511 734/735/511 716/717/511
f 717/719/512 735/737/512 737/720/512
f 738/739/508 740/740/508 722/723/508
f 741/724/513 759/742/513 743/726/513
f 744/745/514 746/728/514 728/712/514
f 729/730/503 747/748/503 749/731/503
f 750/732/515 752/734/515 734/735/515
f 753/736/516 755/755/516 737/720/516
f 756/757/508 758/759/508 740/740/508
f 759/742/517 777/775/517 761/743/517
f 762/762/518 764/746/518 746/728/518
f 765/747/503 767/765/503 749/731/503
f 768/750/519 770/767/519 752/734/519
f 771/770/520 773/754/520 755/755/520
f 774/756/508 776/758/508 758/759/508
f 795/792/521 779/776/521 761/743/521
f 762/762/522 780/761/522 782/763/522
f 765/747/503 783/764/503 785/778/503
f 786/781/523 788/783/523 770/767/523
f 789/785/524 791/786/524 773/754/524
f 774/756/508 792/789/508 794/773/508
f 795/792/525 813/808/525 797/793/525
f 780/761/526 798/795/526 800/777/526
f 783/764/503 801/797/503 803/799/503
f 804/780/527 806/782/527 788/783/527
f 807/803/528 809/804/528 791/786/528
f 810/788/508 812/790/508 794/773/508
f 831/825/529 815/809/529 797/793/529
f 798/795/530 816/812/530 818/814/530
f 819/816/503 821/798/503 803/799/503
f 804/780/531 822/819/531 824/820/531
f 807/803/532 825/802/532 827/821/532
f 828/823/508 830/806/508 812/790/508
f 849/949/507 833/956/507 815/809/507
f 816/812/505 834/811/505 836/813/505
f 819/816/503 837/815/503 839/817/503
f 822/819/499 840/818/499 842/950/499
f 825/802/502 843/958/502 845/951/502
f 828/823/508 846/959/508 848/952/508
f 849/849/506 867/862/506 851/826/506
f 852/851/504 854/830/504 836/832/504
f 837/834/503 855/854/503 857/835/503
f 858/856/500 860/838/500 842/839/500
f 861/840/501 863/842/501 845/843/501
f 864/844/508 866/846/508 848/848/508
f 885/861/512 869/863/512 851/826/512
f 870/850/511 872/852/511 854/830/511
f 873/865/503 875/867/503 857/835/503
f 858/856/510 876/855/510 878/868/510
f 879/857/509 881/858/509 863/842/509
f 864/844/508 882/859/508 884/860/508
f 903/892/516 887/875/516 869/863/516
f 888/876/515 890/877/515 872/852/515
f 873/865/503 891/879/503 893/866/503
f 894/882/514 896/884/514 878/868/514
f 897/870/513 899/887/513 881/858/513
f 900/872/508 902/890/508 884/860/508
f 921/908/520 905/894/520 887/875/520
f 888/876/519 906/896/519 908/897/519
f 909/900/503 911/880/503 893/866/503
f 912/881/518 914/883/518 896/884/518
f 915/886/517 917/904/517 899/887/517
f 918/889/508 920/906/508 902/890/508
f 939/907/524 923/893/524 905/894/524
f 906/896/523 924/910/523 926/911/523
f 909/900/503 927/899/503 929/901/503
f 930/902/522 932/903/522 914/883/522
f 915/886/521 933/914/521 935/915/521
f 918/889/508 936/917/508 938/919/508
f 957/920/528 941/909/528 923/893/528
f 924/910/527 942/923/527 944/924/527
f 927/899/503 945/926/503 947/927/503
f 948/929/526 950/930/526 932/903/526
f 933/914/525 951/933/525 953/935/525
f 936/917/508 954/937/508 956/918/508
f 975/940/532 959/921/532 941/909/532
f 942/923/531 960/941/531 962/942/531
f 963/947/503 965/948/503 947/927/503
f 966/943/530 968/945/530 950/930/530
f 951/933/529 969/944/529 971/934/529
f 954/937/508 972/946/508 974/938/508
