# Blender 4.5.10 LTS
# www.blender.org
mtllib halter_c.mtl
o HalterC
v -0.665489 -0.001751 -0.009368
v -0.665467 -0.001503 0.021408
v -0.668391 -0.001655 0.006023
v -0.603327 -0.002006 -0.114357
v -0.624622 -0.002085 -0.098952
v -0.615476 -0.002086 -0.109841
v -0.500561 -0.000903 -0.099051
v -0.521879 -0.001230 -0.114422
v -0.509723 -0.001078 -0.109925
v -0.459543 0.000460 0.021244
v -0.459565 0.000211 -0.009532
v -0.456641 0.000363 0.005854
v -0.521706 0.000715 0.126234
v -0.500410 0.000794 0.110829
v -0.509556 0.000795 0.121717
v -0.624471 -0.000389 0.110928
v -0.603153 -0.000061 0.126299
v -0.615310 -0.000213 0.121801
v -0.617067 0.295126 0.018976
v -0.617089 0.294877 -0.011800
v -0.619782 0.296258 0.003579
v -0.579166 0.276501 -0.101237
v -0.559403 0.267187 -0.116565
v -0.570679 0.272465 -0.112092
v -0.483813 0.232062 -0.116335
v -0.464028 0.222997 -0.100887
v -0.472531 0.226857 -0.111794
v -0.425976 0.206069 -0.011220
v -0.425954 0.206318 0.019556
v -0.423262 0.204937 0.004176
v -0.463877 0.224694 0.108993
v -0.483640 0.234007 0.124321
v -0.472365 0.228729 0.119848
v -0.559230 0.269133 0.124091
v -0.579015 0.278197 0.108643
v -0.570512 0.274337 0.119550
v -0.473587 0.547571 0.016832
v -0.473609 0.547322 -0.013944
v -0.475681 0.549796 0.001426
v -0.444414 0.513591 -0.103251
v -0.429193 0.496285 -0.118511
v -0.437878 0.506122 -0.114077
v -0.370969 0.430605 -0.118022
v -0.355727 0.413547 -0.102506
v -0.362279 0.420841 -0.113442
v -0.326402 0.381264 -0.012708
v -0.326380 0.381513 0.018068
v -0.324309 0.379039 0.002698
v -0.355576 0.415244 0.107375
v -0.370796 0.432550 0.122634
v -0.362112 0.422714 0.118200
v -0.429020 0.498230 0.122145
v -0.444263 0.515288 0.106630
v -0.437711 0.507994 0.117565
v -0.256871 0.717402 0.015303
v -0.256893 0.717153 -0.015473
v -0.258027 0.720362 -0.000109
v -0.240879 0.673092 -0.104686
v -0.232521 0.650408 -0.119898
v -0.237291 0.663312 -0.115492
v -0.200527 0.564173 -0.119224
v -0.192146 0.541738 -0.103660
v -0.195750 0.551342 -0.114616
v -0.176003 0.499125 -0.013769
v -0.175981 0.499374 0.017007
v -0.174848 0.496165 0.001643
v -0.191995 0.543435 0.106221
v -0.200354 0.566118 0.121432
v -0.195583 0.553215 0.117026
v -0.232348 0.652354 0.120758
v -0.240728 0.674789 0.105194
v -0.237125 0.665185 0.116150
v 0.000089 0.778762 0.014622
v 0.000066 0.778513 -0.016154
v 0.000046 0.781988 -0.000793
v 0.000451 0.730720 -0.105326
v 0.000673 0.706094 -0.120516
v 0.000543 0.720106 -0.116122
v 0.001567 0.612432 -0.119759
v 0.001811 0.588054 -0.104174
v 0.001703 0.598493 -0.115140
v 0.002325 0.541709 -0.014241
v 0.002347 0.541958 0.016534
v 0.002368 0.538483 0.001174
v 0.001963 0.589751 0.105707
v 0.001740 0.614377 0.120897
v 0.001870 0.600365 0.116502
v 0.000847 0.708039 0.120140
v 0.000602 0.732417 0.104554
v 0.000710 0.721978 0.115520
v 0.258172 0.722310 0.014892
v 0.258150 0.722062 -0.015883
v 0.259246 0.725292 -0.000521
v 0.242836 0.677702 -0.105072
v 0.234887 0.654863 -0.120270
v 0.239418 0.667856 -0.115871
v 0.204544 0.568034 -0.119547
v 0.196617 0.545443 -0.103969
v 0.200020 0.555114 -0.114932
v 0.181433 0.502532 -0.014053
v 0.181455 0.502781 0.016722
v 0.180358 0.499550 0.001360
v 0.196768 0.547140 0.105911
v 0.204717 0.569979 0.121109
v 0.200186 0.556987 0.116710
v 0.235061 0.656808 0.120386
v 0.242987 0.679399 0.104808
v 0.239585 0.669728 0.115771
v 0.478088 0.556641 0.016073
v 0.478066 0.556392 -0.014702
v 0.480114 0.558905 0.000665
v 0.449376 0.522110 -0.103963
v 0.434464 0.504516 -0.119199
v 0.442966 0.514517 -0.114778
v 0.377503 0.437738 -0.118618
v 0.362613 0.420394 -0.103078
v 0.369007 0.427811 -0.114024
v 0.334053 0.387559 -0.013234
v 0.334075 0.387807 0.017542
v 0.332026 0.385295 0.002175
v 0.362764 0.422090 0.106802
v 0.377676 0.439684 0.122038
v 0.369174 0.429683 0.117618
v 0.434637 0.506462 0.121457
v 0.449527 0.523806 0.105917
v 0.443133 0.516389 0.116864
v 0.626356 0.306976 0.017985
v 0.626334 0.306727 -0.012791
v 0.629024 0.308160 0.002584
v 0.588626 0.287631 -0.102168
v 0.569019 0.277942 -0.117464
v 0.580199 0.283434 -0.113009
v 0.494113 0.241382 -0.117115
v 0.474529 0.231942 -0.101635
v 0.482940 0.235963 -0.112555
v 0.436950 0.214293 -0.011907
v 0.436972 0.214542 0.018868
v 0.434281 0.213110 0.003493
v 0.474680 0.233639 0.108245
v 0.494286 0.243327 0.123541
v 0.483106 0.237836 0.119087
v 0.569192 0.279887 0.123192
v 0.588777 0.289327 0.107713
v 0.580366 0.285306 0.118633
v 0.680405 0.011325 0.020336
v 0.680382 0.011076 -0.010440
v 0.683307 0.011228 0.004946
v 0.639387 0.009962 -0.099960
v 0.618069 0.009634 -0.115331
v 0.630225 0.009787 -0.110833
v 0.536621 0.008858 -0.115266
v 0.515325 0.008779 -0.099861
v 0.524471 0.008779 -0.110749
v 0.474459 0.009113 -0.010276
v 0.474481 0.009362 0.020500
v 0.471557 0.009210 0.005114
v 0.515477 0.010476 0.110019
v 0.536794 0.010803 0.125390
v 0.524638 0.010651 0.120893
v 0.618242 0.011580 0.125325
v 0.639538 0.011658 0.109921
v 0.630392 0.011659 0.120809
v 0.632005 -0.285303 0.022768
v 0.631983 -0.285552 -0.008007
v 0.634697 -0.286684 0.007389
v 0.593931 -0.268624 -0.097675
v 0.574146 -0.259559 -0.113123
v 0.585428 -0.264764 -0.108582
v 0.498556 -0.224434 -0.113352
v 0.478793 -0.215120 -0.098025
v 0.487280 -0.219156 -0.108880
v 0.440870 -0.196744 -0.008588
v 0.440892 -0.196496 0.022188
v 0.438177 -0.195364 0.006792
v 0.478944 -0.213424 0.111856
v 0.498729 -0.222488 0.127304
v 0.487447 -0.217284 0.122762
v 0.574319 -0.257614 0.127533
v 0.594082 -0.266927 0.112205
v 0.585594 -0.262892 0.123060
v 0.488525 -0.537749 0.024912
v 0.488503 -0.537998 -0.005863
v 0.490597 -0.540223 0.009542
v 0.459178 -0.505715 -0.095661
v 0.443936 -0.488657 -0.111177
v 0.452627 -0.498421 -0.106597
v 0.385712 -0.422977 -0.111666
v 0.370492 -0.405671 -0.096406
v 0.377027 -0.413140 -0.107232
v 0.341296 -0.371940 -0.007100
v 0.341318 -0.371691 0.023676
v 0.339225 -0.369466 0.008271
v 0.370643 -0.403974 0.113474
v 0.385885 -0.421032 0.128990
v 0.377194 -0.411268 0.124410
v 0.444109 -0.486712 0.129479
v 0.459329 -0.504018 0.114219
v 0.452794 -0.496548 0.125045
v 0.271809 -0.707580 0.026441
v 0.271787 -0.707829 -0.004335
v 0.272942 -0.710789 0.011077
v 0.255644 -0.665215 -0.094226
v 0.247263 -0.642781 -0.109790
v 0.252040 -0.655612 -0.105182
v 0.215269 -0.556545 -0.110464
v 0.206910 -0.533862 -0.095252
v 0.210498 -0.543642 -0.106058
v 0.190897 -0.489801 -0.006039
v 0.190919 -0.489552 0.024737
v 0.189763 -0.486592 0.009325
v 0.207062 -0.532165 0.114628
v 0.215442 -0.554600 0.130192
v 0.210665 -0.541769 0.125584
v 0.247436 -0.640835 0.130866
v 0.255795 -0.663519 0.115655
v 0.252207 -0.653739 0.126460
v 0.014849 -0.768940 0.027122
v 0.014827 -0.769189 -0.003654
v 0.014870 -0.772415 0.011761
v 0.014314 -0.722844 -0.093586
v 0.014069 -0.698466 -0.109172
v 0.014205 -0.712405 -0.104552
v 0.013176 -0.604804 -0.109928
v 0.012953 -0.580178 -0.094738
v 0.013046 -0.590792 -0.105534
v 0.012569 -0.532384 -0.005566
v 0.012591 -0.532136 0.025209
v 0.012548 -0.528910 0.009795
v 0.013104 -0.578481 0.115142
v 0.013349 -0.602859 0.130728
v 0.013212 -0.588920 0.126108
v 0.014242 -0.696521 0.131484
v 0.014465 -0.721147 0.116294
v 0.014372 -0.710532 0.127090
v -0.243234 -0.712488 0.026851
v -0.243256 -0.712737 -0.003924
v -0.244331 -0.715719 0.011489
v -0.228072 -0.669826 -0.093840
v -0.220145 -0.647235 -0.109417
v -0.224669 -0.660155 -0.104802
v -0.189802 -0.560406 -0.110141
v -0.181853 -0.537567 -0.094943
v -0.185271 -0.547414 -0.105742
v -0.166539 -0.493207 -0.005754
v -0.166517 -0.492959 0.025022
v -0.165443 -0.489977 0.009608
v -0.181702 -0.535870 0.114938
v -0.189628 -0.558461 0.130515
v -0.185104 -0.545541 0.125900
v -0.219972 -0.645290 0.131239
v -0.227921 -0.668129 0.116040
v -0.224503 -0.658282 0.126840
v -0.463150 -0.546820 0.025671
v -0.463172 -0.547068 -0.005105
v -0.465198 -0.549333 0.010303
v -0.434611 -0.514234 -0.094949
v -0.419721 -0.496889 -0.110489
v -0.428217 -0.506816 -0.105895
v -0.362761 -0.430111 -0.111070
v -0.347849 -0.412517 -0.095834
v -0.354258 -0.420110 -0.106650
v -0.319159 -0.378235 -0.006574
v -0.319137 -0.377986 0.024202
v -0.317110 -0.375722 0.008794
v -0.347697 -0.410821 0.114046
v -0.362587 -0.428166 0.129586
v -0.354091 -0.418238 0.124992
v -0.419548 -0.494943 0.130167
v -0.434460 -0.512537 0.114931
v -0.428050 -0.504944 0.125747
v -0.611418 -0.297155 0.023759
v -0.611440 -0.297403 -0.007017
v -0.614109 -0.298587 0.008384
v -0.573861 -0.279754 -0.096744
v -0.554277 -0.270314 -0.112224
v -0.565450 -0.275733 -0.107665
v -0.479371 -0.233754 -0.112573
v -0.459764 -0.224066 -0.097277
v -0.468191 -0.228263 -0.108118
v -0.422056 -0.204969 -0.007900
v -0.422034 -0.204720 0.022876
v -0.419366 -0.203537 0.007475
v -0.459613 -0.222369 0.112604
v -0.479198 -0.231809 0.128083
v -0.468024 -0.226390 0.123524
v -0.554104 -0.268369 0.128432
v -0.573710 -0.278058 0.113136
v -0.565284 -0.273861 0.123977
v 0.717911 0.593267 -0.148200
v 0.718215 0.599156 -0.127447
v 0.720248 0.591747 -0.147688
v 0.718143 0.598031 -0.133743
v 0.719466 0.596849 -0.136308
v 0.719796 0.596956 -0.133382
v 0.719581 0.592792 -0.148056
v 0.715334 0.498695 -0.090962
v 0.714947 0.489912 -0.110664
v 0.717367 0.491286 -0.111204
v 0.715203 0.495523 -0.096515
v 0.716537 0.494717 -0.099216
v 0.716641 0.490284 -0.110828
v 0.716915 0.496495 -0.096897
v 0.693932 0.083938 -1.552534
v 0.696269 0.082417 -1.552023
v 0.693545 0.075155 -1.572236
v 0.695602 0.083462 -1.552390
v 0.695089 0.079048 -1.563998
v 0.695329 0.077251 -1.566321
v 0.693676 0.078326 -1.566683
v 0.690968 -0.019418 -1.514998
v 0.690664 -0.025307 -1.535751
v 0.693389 -0.018044 -1.515538
v 0.690736 -0.024181 -1.529455
v 0.692160 -0.023084 -1.526907
v 0.692448 -0.023210 -1.529837
v 0.692663 -0.019046 -1.515162
v 0.552752 0.598357 -0.147226
v 0.550332 0.596983 -0.146686
v 0.553056 0.604246 -0.126473
v 0.551058 0.597985 -0.147062
v 0.551561 0.602023 -0.135318
v 0.551273 0.602149 -0.132388
v 0.552984 0.603121 -0.132769
v 0.549788 0.495002 -0.109690
v 0.550175 0.503785 -0.089988
v 0.547451 0.496522 -0.110201
v 0.550045 0.500613 -0.095541
v 0.548632 0.499891 -0.098226
v 0.548392 0.501688 -0.095903
v 0.548118 0.495478 -0.109834
v 0.528773 0.089027 -1.551560
v 0.528387 0.080244 -1.571262
v 0.526353 0.087654 -1.551021
v 0.528517 0.083416 -1.565709
v 0.527183 0.084223 -1.563008
v 0.526806 0.082445 -1.565328
v 0.527079 0.088655 -1.551397
v 0.525810 -0.014328 -1.514024
v 0.523472 -0.012807 -1.514536
v 0.525506 -0.020217 -1.534777
v 0.524140 -0.013852 -1.514169
v 0.524254 -0.017909 -1.525917
v 0.523925 -0.018016 -1.528843
v 0.525578 -0.019091 -1.528481
v 0.708647 0.282209 -0.548923
v 0.694647 0.295642 -0.538276
v 0.694647 0.268777 -0.538276
v 0.704547 0.289743 -0.540817
v 0.702730 0.282209 -0.538554
v 0.694647 0.282209 -0.536642
v 0.704547 0.274676 -0.540817
v 0.618647 0.282209 -0.548923
v 0.632647 0.268777 -0.538276
v 0.632647 0.295642 -0.538276
v 0.622748 0.274676 -0.540817
v 0.624564 0.282209 -0.538554
v 0.632647 0.282209 -0.536642
v 0.622748 0.289743 -0.540817
v 0.708647 0.144125 -0.589468
v 0.694647 0.149669 -0.573249
v 0.694647 0.127068 -0.587774
v 0.704547 0.146080 -0.578577
v 0.702730 0.138519 -0.580745
v 0.694647 0.137486 -0.579137
v 0.704547 0.133405 -0.586722
v 0.618647 0.144125 -0.589468
v 0.632647 0.127068 -0.587774
v 0.632647 0.149669 -0.573249
v 0.622748 0.133405 -0.586722
v 0.624564 0.138519 -0.580745
v 0.632647 0.137486 -0.579137
v 0.622748 0.146080 -0.578577
v 0.708647 0.049881 -0.698231
v 0.694647 0.045777 -0.681589
v 0.694647 0.034616 -0.706027
v 0.704547 0.045638 -0.688011
v 0.702730 0.040449 -0.693924
v 0.694647 0.038710 -0.693130
v 0.704547 0.039379 -0.701717
v 0.618647 0.049881 -0.698231
v 0.632647 0.034616 -0.706027
v 0.632647 0.045777 -0.681589
v 0.622748 0.039379 -0.701717
v 0.624564 0.040449 -0.693924
v 0.632647 0.038710 -0.693130
v 0.622748 0.045638 -0.688011
v 0.708647 0.029400 -0.840680
v 0.694647 0.016950 -0.828899
v 0.694647 0.020773 -0.855492
v 0.704547 0.020305 -0.834377
v 0.702730 0.019137 -0.842156
v 0.694647 0.017245 -0.842428
v 0.704547 0.022449 -0.849290
v 0.618647 0.029400 -0.840680
v 0.632647 0.020773 -0.855492
v 0.632647 0.016950 -0.828899
v 0.622748 0.022449 -0.849290
v 0.624564 0.019137 -0.842156
v 0.632647 0.017245 -0.842428
v 0.622748 0.020305 -0.834377
v 0.708647 0.089184 -0.971589
v 0.694647 0.072341 -0.968409
v 0.694647 0.089935 -0.988713
v 0.704547 0.078125 -0.971204
v 0.702730 0.081348 -0.978379
v 0.694647 0.079903 -0.979631
v 0.704547 0.087992 -0.982590
v 0.618647 0.089184 -0.971589
v 0.632647 0.089935 -0.988713
v 0.632647 0.072341 -0.968409
v 0.622748 0.087992 -0.982590
v 0.624564 0.081348 -0.978379
v 0.632647 0.079903 -0.979631
v 0.622748 0.078125 -0.971204
v 0.708647 0.210252 -1.049395
v 0.694647 0.194364 -1.055826
v 0.694647 0.220142 -1.063395
v 0.704547 0.200741 -1.055050
v 0.702730 0.207331 -1.059344
v 0.694647 0.206793 -1.061178
v 0.704547 0.215197 -1.059294
v 0.618647 0.210252 -1.049395
v 0.632647 0.220142 -1.063395
v 0.632647 0.194364 -1.055826
v 0.622748 0.215197 -1.059294
v 0.624564 0.207331 -1.059344
v 0.632647 0.206793 -1.061178
v 0.622748 0.200741 -1.055050
v 0.708647 0.354166 -1.049395
v 0.694647 0.344277 -1.063395
v 0.694647 0.370055 -1.055826
v 0.704547 0.349222 -1.059294
v 0.702730 0.357088 -1.059344
v 0.694647 0.357626 -1.061178
v 0.704547 0.363678 -1.055050
v 0.618647 0.354166 -1.049395
v 0.632647 0.370055 -1.055826
v 0.632647 0.344277 -1.063395
v 0.622748 0.363678 -1.055050
v 0.624564 0.357088 -1.059344
v 0.632647 0.357626 -1.061178
v 0.622748 0.349222 -1.059294
v 0.708647 0.475235 -0.971589
v 0.694647 0.474484 -0.988713
v 0.694647 0.492078 -0.968409
v 0.704547 0.476427 -0.982590
v 0.702730 0.483071 -0.978379
v 0.694647 0.484516 -0.979631
v 0.704547 0.486294 -0.971204
v 0.618647 0.475235 -0.971589
v 0.632647 0.492078 -0.968409
v 0.632647 0.474484 -0.988713
v 0.622748 0.486294 -0.971204
v 0.624564 0.483071 -0.978379
v 0.632647 0.484516 -0.979631
v 0.622748 0.476427 -0.982590
v 0.708647 0.535019 -0.840680
v 0.694647 0.543645 -0.855492
v 0.694647 0.547469 -0.828899
v 0.704547 0.541970 -0.849290
v 0.702730 0.545282 -0.842156
v 0.694647 0.547174 -0.842428
v 0.704547 0.544114 -0.834377
v 0.618647 0.535019 -0.840680
v 0.632647 0.547469 -0.828899
v 0.632647 0.543645 -0.855492
v 0.622748 0.544114 -0.834377
v 0.624564 0.545282 -0.842156
v 0.632647 0.547174 -0.842428
v 0.622748 0.541970 -0.849291
v 0.708647 0.514538 -0.698231
v 0.694647 0.529803 -0.706027
v 0.694647 0.518642 -0.681589
v 0.704547 0.525040 -0.701716
v 0.702730 0.523969 -0.693924
v 0.694647 0.525708 -0.693130
v 0.704547 0.518781 -0.688011
v 0.618647 0.514538 -0.698231
v 0.632647 0.518642 -0.681589
v 0.632647 0.529802 -0.706027
v 0.622748 0.518781 -0.688011
v 0.624564 0.523969 -0.693924
v 0.632647 0.525708 -0.693129
v 0.622748 0.525040 -0.701717
v 0.708647 0.420294 -0.589468
v 0.694647 0.437351 -0.587774
v 0.694647 0.414750 -0.573249
v 0.704547 0.431013 -0.586722
v 0.702730 0.425900 -0.580745
v 0.694647 0.426933 -0.579137
v 0.704547 0.418339 -0.578577
v 0.618647 0.420294 -0.589468
v 0.632647 0.414750 -0.573249
v 0.632647 0.437351 -0.587774
v 0.622748 0.418339 -0.578577
v 0.624564 0.425900 -0.580745
v 0.632647 0.426933 -0.579137
v 0.622748 0.431013 -0.586722
v -0.542497 0.609141 -0.141290
v -0.542556 0.615048 -0.120541
v -0.540119 0.607694 -0.140757
v -0.542538 0.613917 -0.126836
v -0.541157 0.612775 -0.129388
v -0.540856 0.612894 -0.126459
v -0.540815 0.608717 -0.141131
v -0.542643 0.514565 -0.084001
v -0.542587 0.505764 -0.103698
v -0.540205 0.507212 -0.104217
v -0.542627 0.511388 -0.089552
v -0.541245 0.510622 -0.092240
v -0.540903 0.506188 -0.103847
v -0.540943 0.512412 -0.089919
v -0.538509 0.098551 -1.545366
v -0.536130 0.097104 -1.544833
v -0.538453 0.089749 -1.565063
v -0.536826 0.098127 -1.545208
v -0.537102 0.093693 -1.556816
v -0.536787 0.091904 -1.559135
v -0.538469 0.092927 -1.559512
v -0.538598 -0.004826 -1.507774
v -0.538539 -0.010733 -1.528523
v -0.536217 -0.003378 -1.508293
v -0.538557 -0.009602 -1.522228
v -0.537190 -0.008460 -1.519668
v -0.536873 -0.008579 -1.522595
v -0.536915 -0.004402 -1.507923
v -0.707737 0.609116 -0.141751
v -0.710118 0.607668 -0.141231
v -0.707795 0.615023 -0.121001
v -0.709420 0.608692 -0.141601
v -0.709145 0.612750 -0.129856
v -0.709462 0.612869 -0.126929
v -0.707778 0.613892 -0.127296
v -0.707826 0.505739 -0.104158
v -0.707882 0.514540 -0.084461
v -0.710205 0.507186 -0.104691
v -0.707866 0.511363 -0.090012
v -0.709233 0.510596 -0.092708
v -0.709548 0.512386 -0.090389
v -0.709508 0.506163 -0.104317
v -0.703748 0.098526 -1.545827
v -0.703692 0.089725 -1.565523
v -0.706129 0.097078 -1.545307
v -0.703708 0.092902 -1.559972
v -0.705090 0.093668 -1.557284
v -0.705392 0.091878 -1.559605
v -0.705432 0.098102 -1.545677
v -0.703837 -0.004851 -1.508234
v -0.706216 -0.003404 -1.508767
v -0.703779 -0.010758 -1.528984
v -0.705520 -0.004427 -1.508393
v -0.705178 -0.008485 -1.520136
v -0.705478 -0.008604 -1.523065
v -0.703796 -0.009627 -1.522688
v -0.626442 0.278877 -0.551496
v -0.640442 0.292310 -0.540850
v -0.640442 0.265444 -0.540850
v -0.630542 0.286411 -0.543391
v -0.632359 0.278877 -0.541128
v -0.640442 0.278877 -0.539216
v -0.630542 0.271344 -0.543391
v -0.716442 0.278877 -0.551496
v -0.702442 0.265444 -0.540850
v -0.702442 0.292310 -0.540850
v -0.712341 0.271344 -0.543391
v -0.710525 0.278877 -0.541128
v -0.702442 0.278877 -0.539216
v -0.712341 0.286410 -0.543391
v -0.626442 0.140793 -0.592042
v -0.640442 0.146337 -0.575823
v -0.640442 0.123736 -0.590347
v -0.630542 0.142748 -0.581150
v -0.632359 0.135187 -0.583319
v -0.640442 0.134153 -0.581711
v -0.630542 0.130073 -0.589296
v -0.716442 0.140793 -0.592042
v -0.702442 0.123736 -0.590347
v -0.702442 0.146337 -0.575823
v -0.712341 0.130073 -0.589296
v -0.710525 0.135187 -0.583319
v -0.702442 0.134153 -0.581711
v -0.712341 0.142748 -0.581150
v -0.626442 0.046549 -0.700805
v -0.640442 0.042445 -0.684163
v -0.640442 0.031284 -0.708601
v -0.630542 0.042305 -0.690585
v -0.632359 0.037117 -0.696497
v -0.640442 0.035378 -0.695703
v -0.630542 0.036047 -0.704290
v -0.716442 0.046549 -0.700805
v -0.702442 0.031284 -0.708601
v -0.702442 0.042445 -0.684163
v -0.712341 0.036047 -0.704290
v -0.710525 0.037117 -0.696497
v -0.702442 0.035378 -0.695703
v -0.712341 0.042305 -0.690585
v -0.626442 0.026068 -0.843254
v -0.640442 0.013618 -0.831473
v -0.640442 0.017441 -0.858065
v -0.630542 0.016973 -0.836951
v -0.632359 0.015805 -0.844730
v -0.640442 0.013912 -0.845002
v -0.630542 0.019117 -0.851864
v -0.716442 0.026068 -0.843254
v -0.702442 0.017441 -0.858065
v -0.702442 0.013618 -0.831473
v -0.712341 0.019117 -0.851864
v -0.710525 0.015805 -0.844730
v -0.702442 0.013912 -0.845002
v -0.712341 0.016973 -0.836951
v -0.626442 0.085852 -0.974163
v -0.640442 0.069009 -0.970983
v -0.640442 0.086602 -0.991287
v -0.630542 0.074793 -0.973777
v -0.632359 0.078016 -0.980953
v -0.640442 0.076571 -0.982205
v -0.630542 0.084660 -0.985164
v -0.716442 0.085852 -0.974163
v -0.702442 0.086602 -0.991287
v -0.702442 0.069009 -0.970983
v -0.712341 0.084660 -0.985164
v -0.710525 0.078016 -0.980953
v -0.702442 0.076571 -0.982205
v -0.712341 0.074793 -0.973777
v -0.626442 0.206920 -1.051969
v -0.640442 0.191032 -1.058400
v -0.640442 0.216809 -1.065969
v -0.630542 0.197408 -1.057623
v -0.632359 0.203999 -1.061917
v -0.640442 0.203460 -1.063752
v -0.630542 0.211865 -1.061868
v -0.716442 0.206920 -1.051969
v -0.702442 0.216809 -1.065969
v -0.702442 0.191032 -1.058400
v -0.712341 0.211865 -1.061868
v -0.710525 0.203999 -1.061917
v -0.702442 0.203460 -1.063752
v -0.712341 0.197408 -1.057623
v -0.626442 0.350834 -1.051969
v -0.640442 0.340945 -1.065969
v -0.640442 0.366723 -1.058400
v -0.630542 0.345890 -1.061868
v -0.632359 0.353755 -1.061917
v -0.640442 0.354294 -1.063752
v -0.630542 0.360346 -1.057623
v -0.716442 0.350834 -1.051969
v -0.702442 0.366723 -1.058400
v -0.702442 0.340945 -1.065969
v -0.712341 0.360346 -1.057623
v -0.710525 0.353755 -1.061917
v -0.702442 0.354294 -1.063752
v -0.712341 0.345890 -1.061868
v -0.626442 0.471902 -0.974163
v -0.640442 0.471152 -0.991287
v -0.640442 0.488745 -0.970983
v -0.630542 0.473095 -0.985164
v -0.632359 0.479739 -0.980953
v -0.640442 0.481183 -0.982205
v -0.630542 0.482961 -0.973777
v -0.716442 0.471902 -0.974163
v -0.702442 0.488745 -0.970983
v -0.702442 0.471152 -0.991287
v -0.712341 0.482961 -0.973777
v -0.710525 0.479739 -0.980953
v -0.702442 0.481183 -0.982205
v -0.712341 0.473095 -0.985164
v -0.626442 0.531686 -0.843254
v -0.640442 0.540313 -0.858065
v -0.640442 0.544137 -0.831473
v -0.630542 0.538637 -0.851864
v -0.632359 0.541950 -0.844730
v -0.640442 0.543842 -0.845002
v -0.630542 0.540781 -0.836951
v -0.716442 0.531686 -0.843254
v -0.702442 0.544137 -0.831473
v -0.702442 0.540313 -0.858065
v -0.712341 0.540781 -0.836951
v -0.710525 0.541950 -0.844730
v -0.702442 0.543842 -0.845002
v -0.712341 0.538637 -0.851864
v -0.626442 0.511205 -0.700805
v -0.640442 0.526470 -0.708601
v -0.640442 0.515310 -0.684163
v -0.630542 0.521708 -0.704290
v -0.632359 0.520637 -0.696497
v -0.640442 0.522376 -0.695703
v -0.630542 0.515449 -0.690585
v -0.716442 0.511205 -0.700805
v -0.702442 0.515310 -0.684163
v -0.702442 0.526470 -0.708601
v -0.712341 0.515449 -0.690585
v -0.710525 0.520637 -0.696497
v -0.702442 0.522376 -0.695703
v -0.712341 0.521708 -0.704290
v -0.626442 0.416962 -0.592042
v -0.640442 0.434018 -0.590347
v -0.640442 0.411417 -0.575823
v -0.630542 0.427681 -0.589296
v -0.632359 0.422568 -0.583319
v -0.640442 0.423601 -0.581711
v -0.630542 0.415006 -0.581150
v -0.716442 0.416962 -0.592042
v -0.702442 0.411417 -0.575823
v -0.702442 0.434018 -0.590347
v -0.712341 0.415006 -0.581150
v -0.710525 0.422567 -0.583319
v -0.702442 0.423601 -0.581711
v -0.712341 0.427681 -0.589296
v 0.687443 0.295293 -1.684911
v 0.687582 0.300539 -1.687843
v 0.707084 0.300439 -1.684425
v 0.687520 0.296800 -1.686929
v 0.698826 0.297400 -1.686225
v 0.701408 0.300439 -1.686585
v 0.701310 0.296729 -1.684512
v 0.691116 0.669765 -1.697159
v 0.691079 0.675154 -1.694496
v 0.710617 0.669664 -1.693741
v 0.691126 0.673546 -1.696435
v 0.702418 0.672766 -1.695696
v 0.704916 0.673475 -1.694018
v 0.704942 0.669664 -1.695901
v 0.681328 0.300252 -1.490671
v 0.700969 0.305398 -1.490184
v 0.681291 0.305642 -1.488007
v 0.695195 0.301688 -1.490271
v 0.692609 0.302442 -1.488754
v 0.695169 0.305499 -1.488388
v 0.681281 0.301860 -1.488732
v 0.684964 0.680114 -1.500255
v 0.684825 0.674867 -1.497323
v 0.704503 0.674624 -1.499500
v 0.684887 0.678607 -1.498238
v 0.696202 0.677808 -1.498225
v 0.698703 0.674725 -1.497704
v 0.698801 0.678435 -1.499777
v -0.672621 0.307222 -1.728032
v -0.692160 0.312712 -1.728787
v -0.672482 0.312469 -1.730964
v -0.686458 0.308901 -1.728510
v -0.683859 0.309528 -1.730062
v -0.686360 0.312611 -1.730584
v -0.672544 0.308729 -1.730049
v -0.668985 0.687084 -1.737617
v -0.668948 0.681694 -1.740280
v -0.688626 0.681938 -1.738103
v -0.668938 0.685476 -1.739555
v -0.680266 0.684894 -1.739534
v -0.682826 0.681837 -1.739900
v -0.682852 0.685648 -1.738016
v -0.678736 0.312182 -1.533791
v -0.678773 0.317571 -1.531128
v -0.698275 0.317672 -1.534547
v -0.678783 0.313790 -1.531852
v -0.690075 0.314570 -1.532591
v -0.692599 0.317672 -1.532387
v -0.692573 0.313861 -1.534270
v -0.675100 0.692043 -1.543376
v -0.694741 0.686897 -1.543863
v -0.675239 0.686797 -1.540444
v -0.688967 0.690607 -1.543776
v -0.686483 0.689936 -1.542063
v -0.689065 0.686897 -1.541703
v -0.675177 0.690536 -1.541358
v 0.638235 0.675772 -1.784674
v 0.638213 0.678132 -1.788237
v 0.656360 0.678537 -1.784362
v 0.638247 0.676513 -1.787224
v 0.648735 0.677092 -1.786605
v 0.651063 0.678469 -1.787004
v 0.651079 0.676800 -1.784484
v 0.633639 0.833499 -1.783077
v 0.633529 0.835614 -1.779365
v 0.651786 0.833904 -1.779202
v 0.633580 0.835045 -1.781959
v 0.644085 0.835044 -1.781360
v 0.646411 0.835332 -1.779219
v 0.646489 0.833836 -1.781844
v 0.635179 0.667294 -1.532115
v 0.653304 0.670059 -1.531802
v 0.635069 0.669410 -1.528402
v 0.648022 0.668323 -1.531924
v 0.645628 0.668474 -1.529845
v 0.647945 0.669819 -1.529300
v 0.635128 0.667863 -1.529520
v 0.630473 0.827137 -1.526806
v 0.630494 0.824777 -1.523243
v 0.648729 0.825426 -1.526642
v 0.630461 0.826395 -1.524256
v 0.640977 0.826425 -1.524600
v 0.643370 0.825186 -1.524140
v 0.643355 0.826854 -1.526660
v -0.624725 0.639135 -1.801189
v -0.642982 0.640846 -1.801352
v -0.624747 0.641495 -1.804752
v -0.637608 0.639418 -1.801335
v -0.635230 0.639847 -1.803395
v -0.637623 0.641087 -1.803855
v -0.624714 0.639877 -1.803739
v -0.629432 0.798978 -1.795880
v -0.629322 0.796862 -1.799592
v -0.647556 0.796213 -1.796192
v -0.629381 0.798409 -1.798474
v -0.639881 0.797798 -1.798149
v -0.642197 0.796454 -1.798695
v -0.642275 0.797950 -1.796070
v -0.627782 0.630658 -1.548629
v -0.627892 0.632774 -1.544917
v -0.646039 0.632368 -1.548793
v -0.627832 0.631227 -1.546035
v -0.638338 0.631228 -1.546635
v -0.640742 0.632436 -1.546151
v -0.640664 0.630940 -1.548776
v -0.632488 0.790500 -1.543321
v -0.650613 0.787735 -1.543633
v -0.632466 0.788141 -1.539757
v -0.645332 0.789472 -1.543511
v -0.642988 0.789180 -1.541389
v -0.645316 0.787803 -1.540991
v -0.632500 0.789759 -1.540770
v -0.019884 -1.452383 0.053082
v 0.004480 -1.452383 0.053082
v -0.007702 -1.455297 0.053082
v -0.098635 -1.392642 0.053082
v -0.086452 -1.413950 0.053082
v -0.095067 -1.404796 0.053082
v -0.086452 -1.294883 0.053082
v -0.098635 -1.316191 0.053082
v -0.095067 -1.304037 0.053082
v 0.004480 -1.256450 0.053082
v -0.019884 -1.256450 0.053082
v -0.007702 -1.253537 0.053082
v 0.083231 -1.316191 0.053082
v 0.071048 -1.294883 0.053082
v 0.079662 -1.304037 0.053082
v 0.071048 -1.413950 0.053082
v 0.083231 -1.392642 0.053082
v 0.079662 -1.404796 0.053082
v 0.004480 -1.418284 0.224511
v -0.019884 -1.418284 0.224511
v -0.007702 -1.420975 0.225626
v -0.086452 -1.382777 0.209804
v -0.098635 -1.363091 0.201650
v -0.095067 -1.374319 0.206300
v -0.098635 -1.292459 0.172393
v -0.086452 -1.272773 0.164239
v -0.095067 -1.281230 0.167742
v -0.019884 -1.237265 0.149531
v 0.004480 -1.237265 0.149531
v -0.007702 -1.234574 0.148416
v 0.071048 -1.272773 0.164239
v 0.083231 -1.292459 0.172393
v 0.079662 -1.281230 0.167742
v 0.083231 -1.363091 0.201650
v 0.071048 -1.382777 0.209804
v 0.079662 -1.374319 0.206300
v 0.004480 -1.321177 0.369842
v -0.019884 -1.321177 0.369842
v -0.007702 -1.323237 0.371902
v -0.086452 -1.294001 0.342666
v -0.098635 -1.278934 0.327599
v -0.095067 -1.287528 0.336193
v -0.098635 -1.224874 0.273540
v -0.086452 -1.209808 0.258473
v -0.095067 -1.216281 0.264946
v -0.019884 -1.182631 0.231297
v 0.004480 -1.182631 0.231297
v -0.007702 -1.180571 0.229237
v 0.071048 -1.209808 0.258473
v 0.083231 -1.224874 0.273540
v 0.079662 -1.216281 0.264946
v 0.083231 -1.278934 0.327599
v 0.071048 -1.294001 0.342666
v 0.079662 -1.287528 0.336193
v 0.004480 -1.175846 0.466949
v -0.019884 -1.175846 0.466949
v -0.007702 -1.176961 0.469641
v -0.086452 -1.161139 0.431442
v -0.098635 -1.152984 0.411756
v -0.095067 -1.157635 0.422984
v -0.098635 -1.123728 0.341124
v -0.086452 -1.115574 0.321438
v -0.095067 -1.119077 0.329895
v -0.019884 -1.100866 0.285931
v 0.004480 -1.100866 0.285931
v -0.007702 -1.099751 0.283239
v 0.071048 -1.115574 0.321438
v 0.083231 -1.123728 0.341124
v 0.079662 -1.119077 0.329895
v 0.083231 -1.152984 0.411756
v 0.071048 -1.161139 0.431442
v 0.079662 -1.157635 0.422984
v 0.004480 -1.004417 0.501049
v -0.019885 -1.004417 0.501049
v -0.007702 -1.004417 0.503962
v -0.086452 -1.004417 0.462616
v -0.098635 -1.004417 0.441308
v -0.095067 -1.004417 0.453461
v -0.098635 -1.004417 0.364856
v -0.086452 -1.004417 0.343548
v -0.095067 -1.004417 0.352703
v -0.019885 -1.004417 0.305116
v 0.004480 -1.004417 0.305116
v -0.007702 -1.004417 0.302202
v 0.071048 -1.004417 0.343548
v 0.083231 -1.004417 0.364856
v 0.079662 -1.004417 0.352703
v 0.083231 -1.004417 0.441308
v 0.071048 -1.004417 0.462616
v 0.079662 -1.004417 0.453461
v 0.004480 -0.832987 0.466949
v -0.019885 -0.832987 0.466949
v -0.007702 -0.831873 0.469641
v -0.086452 -0.847695 0.431442
v -0.098635 -0.855849 0.411756
v -0.095067 -0.851198 0.422984
v -0.098635 -0.885106 0.341124
v -0.086452 -0.893260 0.321438
v -0.095067 -0.889757 0.329895
v -0.019885 -0.907968 0.285931
v 0.004480 -0.907968 0.285931
v -0.007702 -0.909083 0.283239
v 0.071048 -0.893260 0.321438
v 0.083231 -0.885106 0.341124
v 0.079662 -0.889757 0.329895
v 0.083231 -0.855849 0.411756
v 0.071048 -0.847695 0.431442
v 0.079662 -0.851198 0.422984
v 0.004480 -0.687657 0.369842
v -0.019885 -0.687657 0.369842
v -0.007702 -0.685597 0.371902
v -0.086452 -0.714833 0.342666
v -0.098635 -0.729900 0.327599
v -0.095067 -0.721306 0.336193
v -0.098635 -0.783959 0.273540
v -0.086452 -0.799026 0.258473
v -0.095067 -0.792553 0.264946
v -0.019885 -0.826202 0.231297
v 0.004480 -0.826202 0.231297
v -0.007702 -0.828262 0.229236
v 0.071048 -0.799026 0.258473
v 0.083231 -0.783959 0.273540
v 0.079662 -0.792553 0.264946
v 0.083231 -0.729900 0.327599
v 0.071048 -0.714833 0.342666
v 0.079662 -0.721306 0.336193
v 0.004480 -0.590550 0.224511
v -0.019885 -0.590550 0.224511
v -0.007702 -0.587858 0.225626
v -0.086452 -0.626057 0.209804
v -0.098635 -0.645743 0.201650
v -0.095067 -0.634515 0.206301
v -0.098635 -0.716375 0.172393
v -0.086452 -0.736061 0.164239
v -0.095067 -0.727603 0.167742
v -0.019885 -0.771568 0.149531
v 0.004480 -0.771568 0.149531
v -0.007702 -0.774260 0.148416
v 0.071048 -0.736061 0.164239
v 0.083231 -0.716375 0.172393
v 0.079662 -0.727603 0.167742
v 0.083231 -0.645743 0.201650
v 0.071048 -0.626057 0.209804
v 0.079662 -0.634515 0.206301
v 0.004480 -0.556450 0.053082
v -0.019885 -0.556450 0.053082
v -0.007702 -0.553537 0.053082
v -0.086452 -0.594883 0.053082
v -0.098635 -0.616191 0.053082
v -0.095067 -0.604038 0.053082
v -0.098635 -0.692642 0.053082
v -0.086452 -0.713950 0.053082
v -0.095067 -0.704796 0.053082
v -0.019885 -0.752383 0.053082
v 0.004480 -0.752383 0.053082
v -0.007702 -0.755297 0.053082
v 0.071048 -0.713950 0.053082
v 0.083231 -0.692642 0.053082
v 0.079662 -0.704796 0.053082
v 0.083231 -0.616191 0.053082
v 0.071048 -0.594883 0.053082
v 0.079662 -0.604037 0.053082
v 0.004480 -0.590550 -0.118347
v -0.019885 -0.590550 -0.118347
v -0.007702 -0.587858 -0.119462
v -0.086452 -0.626057 -0.103640
v -0.098635 -0.645743 -0.095485
v -0.095067 -0.634515 -0.100136
v -0.098635 -0.716375 -0.066229
v -0.086452 -0.736061 -0.058075
v -0.095067 -0.727603 -0.061578
v -0.019885 -0.771568 -0.043367
v 0.004480 -0.771568 -0.043367
v -0.007702 -0.774260 -0.042252
v 0.071048 -0.736061 -0.058075
v 0.083231 -0.716375 -0.066229
v 0.079662 -0.727603 -0.061578
v 0.083231 -0.645743 -0.095485
v 0.071048 -0.626057 -0.103640
v 0.079662 -0.634515 -0.100136
v 0.004480 -0.687657 -0.263678
v -0.019885 -0.687656 -0.263678
v -0.007702 -0.685597 -0.265738
v -0.086452 -0.714833 -0.236502
v -0.098635 -0.729900 -0.221435
v -0.095067 -0.721306 -0.230029
v -0.098635 -0.783959 -0.167376
v -0.086452 -0.799026 -0.152309
v -0.095067 -0.792553 -0.158782
v -0.019885 -0.826202 -0.125133
v 0.004480 -0.826202 -0.125133
v -0.007702 -0.828262 -0.123073
v 0.071048 -0.799026 -0.152309
v 0.083231 -0.783959 -0.167376
v 0.079662 -0.792553 -0.158782
v 0.083231 -0.729900 -0.221435
v 0.071048 -0.714833 -0.236502
v 0.079662 -0.721306 -0.230029
v 0.004480 -0.832987 -0.360785
v -0.019885 -0.832987 -0.360785
v -0.007702 -0.831872 -0.363477
v -0.086452 -0.847695 -0.325278
v -0.098635 -0.855849 -0.305592
v -0.095067 -0.851198 -0.316820
v -0.098635 -0.885106 -0.234960
v -0.086452 -0.893260 -0.215274
v -0.095067 -0.889757 -0.223731
v -0.019885 -0.907968 -0.179767
v 0.004480 -0.907968 -0.179767
v -0.007702 -0.909083 -0.177075
v 0.071048 -0.893260 -0.215274
v 0.083231 -0.885106 -0.234960
v 0.079662 -0.889757 -0.223731
v 0.083231 -0.855849 -0.305592
v 0.071048 -0.847695 -0.325278
v 0.079662 -0.851198 -0.316820
v 0.004480 -1.004417 -0.394884
v -0.019885 -1.004417 -0.394884
v -0.007702 -1.004417 -0.397798
v -0.086452 -1.004417 -0.356452
v -0.098635 -1.004417 -0.335144
v -0.095067 -1.004417 -0.347297
v -0.098635 -1.004417 -0.258692
v -0.086452 -1.004417 -0.237384
v -0.095067 -1.004417 -0.246539
v -0.019885 -1.004417 -0.198952
v 0.004480 -1.004417 -0.198952
v -0.007702 -1.004417 -0.196038
v 0.071048 -1.004417 -0.237384
v 0.083231 -1.004417 -0.258692
v 0.079662 -1.004417 -0.246539
v 0.083231 -1.004417 -0.335144
v 0.071048 -1.004417 -0.356452
v 0.079662 -1.004417 -0.347297
v 0.004480 -1.175846 -0.360785
v -0.019884 -1.175846 -0.360785
v -0.007702 -1.176961 -0.363477
v -0.086452 -1.161139 -0.325278
v -0.098635 -1.152984 -0.305592
v -0.095067 -1.157635 -0.316820
v -0.098635 -1.123728 -0.234960
v -0.086452 -1.115574 -0.215274
v -0.095067 -1.119077 -0.223732
v -0.019885 -1.100866 -0.179767
v 0.004480 -1.100866 -0.179767
v -0.007702 -1.099751 -0.177075
v 0.071048 -1.115573 -0.215274
v 0.083231 -1.123728 -0.234960
v 0.079662 -1.119077 -0.223731
v 0.083231 -1.152984 -0.305592
v 0.071048 -1.161139 -0.325278
v 0.079662 -1.157635 -0.316820
v 0.004480 -1.321177 -0.263678
v -0.019884 -1.321177 -0.263678
v -0.007702 -1.323237 -0.265738
v -0.086452 -1.294001 -0.236502
v -0.098635 -1.278934 -0.221435
v -0.095067 -1.287528 -0.230029
v -0.098635 -1.224874 -0.167376
v -0.086452 -1.209808 -0.152309
v -0.095067 -1.216281 -0.158782
v -0.019884 -1.182631 -0.125133
v 0.004480 -1.182631 -0.125133
v -0.007702 -1.180571 -0.123073
v 0.071048 -1.209808 -0.152309
v 0.083231 -1.224874 -0.167376
v 0.079662 -1.216281 -0.158782
v 0.083231 -1.278934 -0.221435
v 0.071048 -1.294001 -0.236502
v 0.079662 -1.287528 -0.230029
v 0.004480 -1.418284 -0.118348
v -0.019884 -1.418284 -0.118348
v -0.007702 -1.420975 -0.119462
v -0.086452 -1.382776 -0.103640
v -0.098635 -1.363091 -0.095486
v -0.095067 -1.374319 -0.100137
v -0.098635 -1.292459 -0.066229
v -0.086452 -1.272773 -0.058075
v -0.095067 -1.281230 -0.061578
v -0.019884 -1.237265 -0.043367
v 0.004480 -1.237265 -0.043367
v -0.007702 -1.234574 -0.042252
v 0.071048 -1.272773 -0.058075
v 0.083231 -1.292459 -0.066229
v 0.079662 -1.281230 -0.061578
v 0.083231 -1.363091 -0.095486
v 0.071048 -1.382776 -0.103640
v 0.079662 -1.374319 -0.100137
vn -0.9701 0.1598 0.1828
vn -0.9703 0.1568 -0.1840
vn -0.7603 0.1188 -0.6386
vn -0.3483 0.0492 -0.9361
vn 0.3470 -0.0643 -0.9357
vn 0.7594 -0.1291 -0.6377
vn 0.9701 -0.1598 -0.1828
vn 0.9703 -0.1568 0.1840
vn 0.7603 -0.1188 0.6386
vn 0.3483 -0.0492 0.9361
vn -0.3470 0.0643 0.9357
vn -0.7594 0.1291 0.6377
vn -0.8535 0.4867 0.1863
vn -0.8538 0.4836 -0.1929
vn -0.6603 0.3697 -0.6537
vn -0.2978 0.1612 -0.9409
vn 0.2964 -0.1764 -0.9386
vn 0.6593 -0.3802 -0.6486
vn 0.8535 -0.4867 -0.1863
vn 0.8538 -0.4836 0.1929
vn 0.6603 -0.3697 0.6537
vn 0.2978 -0.1612 0.9409
vn -0.2964 0.1764 0.9386
vn -0.6593 0.3802 0.6486
vn -0.6043 0.7729 0.1937
vn -0.6046 0.7696 -0.2053
vn -0.4578 0.5782 -0.6753
vn -0.2017 0.2489 -0.9473
vn 0.2004 -0.2642 -0.9434
vn 0.4569 -0.5890 -0.6666
vn 0.6043 -0.7729 -0.1937
vn 0.6046 -0.7696 0.2053
vn 0.4579 -0.5782 0.6753
vn 0.2017 -0.2489 0.9473
vn -0.2004 0.2642 0.9434
vn -0.4569 0.5890 0.6666
vn -0.2271 0.9531 0.2001
vn -0.2274 0.9497 -0.2151
vn -0.1695 0.7020 -0.6917
vn -0.0736 0.2978 -0.9518
vn 0.0723 -0.3131 -0.9470
vn 0.1685 -0.7131 -0.6805
vn 0.2271 -0.9531 -0.2001
vn 0.2274 -0.9497 0.2151
vn 0.1695 -0.7020 0.6917
vn 0.0736 -0.2978 0.9518
vn -0.0723 0.3131 0.9470
vn -0.1685 0.7131 0.6805
vn 0.2092 0.9573 0.1997
vn 0.2089 0.9539 -0.2155
vn 0.1550 0.7051 -0.6919
vn 0.0664 0.2991 -0.9519
vn -0.0678 -0.3145 -0.9468
vn -0.1559 -0.7162 -0.6802
vn -0.2092 -0.9573 -0.1997
vn -0.2089 -0.9539 0.2155
vn -0.1550 -0.7051 0.6919
vn -0.0664 -0.2991 0.9519
vn 0.0678 0.3145 0.9468
vn 0.1559 0.7162 0.6802
vn 0.5898 0.7842 0.1928
vn 0.5895 0.7810 -0.2063
vn 0.4457 0.5868 -0.6761
vn 0.1954 0.2527 -0.9476
vn -0.1968 -0.2680 -0.9431
vn -0.4466 -0.5976 -0.6659
vn -0.5898 -0.7842 -0.1928
vn -0.5895 -0.7810 0.2063
vn -0.4457 -0.5868 0.6761
vn -0.1954 -0.2527 0.9476
vn 0.1968 0.2680 0.9431
vn 0.4466 0.5976 0.6659
vn 0.8444 0.5029 0.1849
vn 0.8441 0.4998 -0.1942
vn 0.6521 0.3822 -0.6548
vn 0.2931 0.1669 -0.9414
vn -0.2945 -0.1821 -0.9381
vn -0.6530 -0.3928 -0.6476
vn -0.8444 -0.5029 -0.1849
vn -0.8441 -0.4998 0.1942
vn -0.6521 -0.3822 0.6548
vn -0.2931 -0.1669 0.9414
vn 0.2945 0.1821 0.9381
vn 0.6530 0.3928 0.6476
vn 0.9671 0.1782 0.1813
vn 0.9669 0.1753 -0.1855
vn 0.7569 0.1333 -0.6398
vn 0.3458 0.0558 -0.9366
vn -0.3472 -0.0709 -0.9351
vn -0.7578 -0.1436 -0.6365
vn -0.9671 -0.1782 -0.1813
vn -0.9669 -0.1753 0.1855
vn -0.7569 -0.1333 0.6399
vn -0.3458 -0.0558 0.9366
vn 0.3472 0.0709 0.9351
vn 0.7578 0.1436 0.6365
vn -0.8441 -0.4998 0.1943
vn 0.7569 0.1333 -0.6399
vn -0.8972 -0.1673 -0.4087
vn -0.9002 0.1435 -0.4112
vn -0.8996 0.1501 0.4101
vn -0.8966 -0.1606 0.4126
vn -0.0007 -0.0081 -1.0000
vn 0.8996 -0.1501 -0.4101
vn 0.8966 0.1606 -0.4126
vn 0.9002 -0.1435 0.4112
vn 0.8972 0.1673 0.4087
vn 0.0007 0.0081 1.0000
vn -0.7877 0.4512 0.4195
vn -0.7883 0.4444 -0.4256
vn 0.7877 -0.4512 -0.4195
vn 0.7883 -0.4444 0.4256
vn -0.5532 0.7099 0.4359
vn -0.5539 0.7028 -0.4465
vn 0.5532 -0.7099 -0.4359
vn 0.5539 -0.7028 0.4465
vn -0.2064 0.8693 0.4492
vn -0.2070 0.8619 -0.4628
vn 0.2064 -0.8693 -0.4492
vn 0.2070 -0.8619 0.4628
vn 0.1905 0.8731 0.4488
vn 0.1898 0.8657 -0.4632
vn -0.1905 -0.8731 -0.4488
vn -0.1898 -0.8657 0.4632
vn 0.5403 0.7203 0.4350
vn 0.5397 0.7132 -0.4474
vn -0.5403 -0.7203 -0.4350
vn -0.5397 -0.7132 0.4474
vn 0.7796 0.4662 0.4182
vn 0.7790 0.4594 -0.4268
vn -0.7796 -0.4662 -0.4182
vn -0.7790 -0.4594 0.4268
vn 0.2851 0.9069 -0.3104
vn 0.5621 0.8131 -0.1518
vn 0.9089 0.4002 -0.1170
vn 0.5173 -0.7483 0.4153
vn 0.1754 -0.9162 0.3602
vn 0.8274 -0.5222 0.2068
vn 0.2272 0.9039 -0.3625
vn 0.8555 0.4703 -0.2167
vn 0.5574 0.7152 -0.4216
vn 0.2323 -0.9228 0.3073
vn 0.5127 -0.8462 0.1454
vn 0.8838 -0.4556 0.1064
vn -0.1744 0.9360 -0.3056
vn -0.8264 0.5424 -0.1511
vn -0.5127 0.8462 -0.1454
vn -0.2844 -0.8919 0.3517
vn -0.5575 -0.7152 0.4216
vn -0.9076 -0.3723 0.1942
vn -0.2330 0.9078 -0.3487
vn -0.5172 0.7483 -0.4153
vn -0.8851 0.4276 -0.1836
vn -0.2281 -0.9236 0.3080
vn -0.8564 -0.4906 0.1611
vn -0.5621 -0.8130 0.1517
vn 0.2848 0.8996 -0.3311
vn 0.8563 0.4806 -0.1889
vn 0.9698 0.0582 0.2368
vn 0.9992 -0.0152 0.0371
vn 0.2327 -0.9155 0.3281
vn 0.8272 -0.5325 0.1791
vn 0.9615 -0.1177 -0.2482
vn 0.9977 -0.0464 -0.0489
vn 0.0265 0.9291 -0.3689
vn 0.0238 0.8678 -0.4963
vn -0.0274 -0.9493 0.3132
vn -0.0293 -0.9839 0.1762
vn -0.9992 0.0152 -0.0371
vn -0.9698 -0.0582 -0.2368
vn -0.2327 0.9155 -0.3281
vn -0.8273 0.5325 -0.1790
vn -0.2848 -0.8996 0.3311
vn -0.8563 -0.4807 0.1890
vn -0.9615 0.1177 0.2482
vn -0.9977 0.0464 0.0489
vn 0.0274 0.9493 -0.3132
vn 0.0293 0.9839 -0.1762
vn -0.0265 -0.9291 0.3689
vn -0.0238 -0.8678 0.4963
vn 0.0269 0.9396 -0.3412
vn 0.9995 -0.0308 -0.0059
vn 0.0160 0.3409 0.9400
vn -0.0269 -0.9396 0.3412
vn -0.0160 -0.3409 -0.9400
vn -0.9995 0.0308 0.0059
vn 0.8669 0.0604 0.4947
vn 0.3106 0.1148 0.9436
vn 0.3106 -0.1148 0.9436
vn -0.8670 -0.0604 0.4947
vn -0.3106 -0.1148 0.9436
vn -0.3106 0.1148 0.9436
vn 0.8669 -0.2167 0.4488
vn 0.3106 -0.4136 0.8558
vn 0.3106 -0.6067 0.7317
vn -0.8670 -0.3183 0.3835
vn -0.3106 -0.6067 0.7317
vn -0.3106 -0.4136 0.8558
vn 0.8669 -0.4249 0.2605
vn 0.3106 -0.8106 0.4964
vn 0.3106 -0.9060 0.2876
vn -0.8670 -0.4751 0.1506
vn -0.3106 -0.9060 0.2876
vn -0.3106 -0.8106 0.4964
vn 0.8669 -0.4983 -0.0106
vn 0.3106 -0.9503 -0.0207
vn 0.3106 -0.9176 -0.2479
vn -0.8669 -0.4811 -0.1302
vn -0.3106 -0.9176 -0.2479
vn -0.3106 -0.9503 -0.0207
vn 0.8670 -0.4134 -0.2783
vn 0.3106 -0.7883 -0.5312
vn 0.3106 -0.6380 -0.7046
vn -0.8669 -0.3343 -0.3696
vn -0.3106 -0.6380 -0.7047
vn -0.3106 -0.7883 -0.5312
vn 0.8669 -0.1973 -0.4577
vn 0.3106 -0.3759 -0.8730
vn 0.3106 -0.1557 -0.9377
vn -0.8669 -0.0814 -0.4917
vn -0.3106 -0.1557 -0.9377
vn -0.3106 -0.3760 -0.8730
vn 0.8669 0.0814 -0.4917
vn 0.3106 0.1557 -0.9377
vn 0.3106 0.3759 -0.8730
vn -0.8669 0.1973 -0.4577
vn -0.3106 0.3759 -0.8730
vn -0.3106 0.1557 -0.9377
vn 0.8670 0.3343 -0.3696
vn 0.3106 0.6380 -0.7046
vn 0.3106 0.7883 -0.5312
vn -0.8669 0.4134 -0.2783
vn -0.3106 0.7883 -0.5312
vn -0.3106 0.6380 -0.7046
vn 0.8670 0.4811 -0.1302
vn 0.3106 0.9176 -0.2479
vn 0.3106 0.9503 -0.0207
vn -0.8669 0.4983 -0.0106
vn -0.3106 0.9503 -0.0207
vn -0.3106 0.9176 -0.2479
vn 0.8670 0.4751 0.1506
vn 0.3106 0.9060 0.2876
vn 0.3106 0.8106 0.4964
vn -0.8670 0.4249 0.2604
vn -0.3106 0.8106 0.4964
vn -0.3106 0.9060 0.2876
vn 0.8669 0.3183 0.3835
vn 0.3106 0.6067 0.7317
vn 0.3106 0.4136 0.8558
vn -0.8670 0.2167 0.4488
vn -0.3106 0.4136 0.8558
vn -0.3106 0.6067 0.7317
vn 0.3827 -0.2603 0.8865
vn 0.9239 -0.1078 0.3672
vn -0.3827 -0.2603 0.8865
vn -0.9239 -0.1078 0.3672
vn -0.0000 0.1207 0.9927
vn -0.0000 -0.1207 0.9927
vn -0.0000 -0.6383 0.7698
vn -0.0000 -0.4351 0.9004
vn 0.3827 -0.6982 0.6050
vn 0.9239 -0.2892 0.2506
vn -0.3827 -0.6982 0.6050
vn -0.9239 -0.2892 0.2506
vn -0.0000 -0.9531 0.3026
vn -0.0000 -0.8528 0.5222
vn 0.3827 -0.9145 0.1315
vn 0.9239 -0.3788 0.0545
vn -0.3827 -0.9145 0.1315
vn -0.9239 -0.3788 0.0545
vn -0.0000 -0.9654 -0.2608
vn -0.0000 -0.9998 -0.0218
vn 0.3827 -0.8404 -0.3838
vn 0.9239 -0.3481 -0.1590
vn -0.3827 -0.8404 -0.3838
vn -0.9239 -0.3481 -0.1590
vn -0.0000 -0.6712 -0.7413
vn -0.0000 -0.8293 -0.5588
vn 0.3827 -0.4995 -0.7772
vn 0.9239 -0.2069 -0.3219
vn -0.3827 -0.4995 -0.7772
vn -0.9239 -0.2069 -0.3219
vn -0.0000 -0.1638 -0.9865
vn -0.0000 -0.3955 -0.9185
vn 0.3827 -0.0000 -0.9239
vn 0.9239 -0.0000 -0.3827
vn -0.3827 -0.0000 -0.9239
vn -0.9239 -0.0000 -0.3827
vn -0.0000 0.3955 -0.9185
vn -0.0000 0.1638 -0.9865
vn 0.3827 0.4995 -0.7772
vn 0.9239 0.2069 -0.3219
vn -0.3827 0.4995 -0.7772
vn -0.9239 0.2069 -0.3219
vn -0.0000 0.8293 -0.5588
vn -0.0000 0.6712 -0.7413
vn 0.3827 0.8404 -0.3838
vn 0.9239 0.3481 -0.1590
vn -0.3827 0.8404 -0.3838
vn -0.9239 0.3481 -0.1590
vn -0.0000 0.9998 -0.0218
vn -0.0000 0.9654 -0.2608
vn 0.3827 0.9145 0.1315
vn 0.9239 0.3788 0.0545
vn -0.3827 0.9145 0.1315
vn -0.9239 0.3788 0.0545
vn -0.0000 0.8528 0.5222
vn -0.0000 0.9531 0.3025
vn 0.3827 0.6982 0.6050
vn 0.9239 0.2892 0.2506
vn -0.3827 0.6982 0.6050
vn -0.9239 0.2892 0.2506
vn -0.0000 0.4351 0.9004
vn -0.0000 0.6383 0.7698
vn 0.3827 0.2603 0.8865
vn 0.9239 0.1078 0.3672
vn -0.3827 0.2603 0.8865
vn -0.9239 0.1078 0.3672
vn 1.0000 -0.0000 -0.0000
vn -0.0000 -0.2817 0.9595
vn -0.0000 0.2817 0.9595
vn -1.0000 -0.0000 -0.0000
vn -0.0000 -0.7557 0.6549
vn -0.0000 -0.9898 0.1423
vn -0.0000 -0.9096 -0.4154
vn -0.0000 -0.5406 -0.8413
vn -0.0000 -0.0000 -1.0000
vn -0.0000 0.5406 -0.8413
vn -0.0000 0.9096 -0.4154
vn -0.0000 0.9898 0.1423
vn -0.0000 0.7557 0.6549
vn 0.2596 0.9151 -0.3087
vn 0.5379 0.8300 -0.1476
vn 0.8970 0.4282 -0.1094
vn 0.5365 -0.7317 0.4204
vn 0.2005 -0.9102 0.3624
vn 0.8413 -0.4962 0.2143
vn 0.2022 0.9103 -0.3613
vn 0.8424 0.4964 -0.2096
vn 0.5387 0.7319 -0.4174
vn 0.2581 -0.9150 0.3101
vn 0.5373 -0.8298 0.1505
vn 0.8966 -0.4279 0.1144
vn -0.2006 0.9300 -0.3079
vn -0.8415 0.5164 -0.1587
vn -0.5373 0.8298 -0.1505
vn -0.2597 -0.9001 0.3499
vn -0.5387 -0.7319 0.4174
vn -0.8973 -0.4001 0.1867
vn -0.2580 0.9000 -0.3514
vn -0.5365 0.7317 -0.4204
vn -0.8963 0.3998 -0.1916
vn -0.2020 -0.9301 0.3068
vn -0.8422 -0.5167 0.1540
vn -0.5379 -0.8300 0.1475
vn 0.2597 0.9078 -0.3294
vn 0.8427 0.5068 -0.1819
vn 0.9655 0.0883 0.2451
vn 0.9988 0.0158 0.0458
vn 0.2582 -0.9077 0.3308
vn 0.8418 -0.5066 0.1866
vn 0.9668 -0.0880 -0.2397
vn 0.9991 -0.0155 -0.0402
vn 0.0009 0.9292 -0.3695
vn 0.0013 0.8679 -0.4968
vn -0.0007 -0.9495 0.3138
vn -0.0003 -0.9843 0.1768
vn -0.9988 -0.0158 -0.0458
vn -0.9655 -0.0883 -0.2451
vn -0.2582 0.9077 -0.3308
vn -0.8418 0.5066 -0.1866
vn -0.2597 -0.9078 0.3294
vn -0.8426 -0.5068 0.1819
vn -0.9668 0.0880 0.2397
vn -0.9991 0.0155 0.0402
vn 0.0007 0.9495 -0.3138
vn 0.0003 0.9843 -0.1768
vn -0.0009 -0.9293 0.3694
vn -0.0013 -0.8679 0.4968
vn 0.0008 0.9398 -0.3418
vn 1.0000 0.0002 0.0028
vn -0.0027 0.3418 0.9398
vn -0.0008 -0.9398 0.3418
vn 0.0027 -0.3418 -0.9398
vn -1.0000 -0.0002 -0.0028
vn -0.8669 -0.4751 0.1506
vn 0.8670 -0.4983 -0.0106
vn 0.8669 -0.4134 -0.2783
vn 0.3106 -0.6379 -0.7047
vn -0.3106 -0.6380 -0.7046
vn 0.8669 -0.1974 -0.4577
vn 0.3106 -0.3760 -0.8730
vn 0.8670 0.0814 -0.4917
vn 0.3106 0.3760 -0.8730
vn -0.3106 0.6379 -0.7047
vn 0.8669 0.4811 -0.1302
vn -0.8670 0.4983 -0.0106
vn 0.8669 0.4751 0.1506
vn -0.8670 0.4249 0.2605
vn -0.8669 0.2167 0.4488
vn 0.1038 -0.8657 -0.4896
vn 0.0730 -0.2380 -0.9685
vn 0.3141 -0.4695 -0.8252
vn 0.0908 0.1390 -0.9861
vn 0.0945 0.7675 -0.6341
vn 0.3226 0.4211 -0.8477
vn 0.0407 -0.7686 0.6385
vn 0.2609 -0.4263 0.8662
vn 0.0257 -0.1400 0.9898
vn 0.0877 0.8640 0.4958
vn 0.0156 0.2373 0.9713
vn 0.2694 0.4644 0.8437
vn -0.0557 -0.7990 -0.5988
vn -0.2694 -0.4644 -0.8437
vn -0.0288 -0.1892 -0.9815
vn -0.0714 0.8395 -0.5386
vn -0.0115 0.1883 -0.9821
vn -0.2609 0.4263 -0.8661
vn -0.1201 -0.8378 0.5326
vn -0.0770 -0.1874 0.9793
vn -0.3226 -0.4212 0.8477
vn -0.0795 0.8001 0.5946
vn -0.3141 0.4695 0.8252
vn -0.0876 0.1902 0.9778
vn 0.1022 -0.9944 0.0286
vn 0.5398 -0.8409 0.0385
vn 0.0904 -0.0260 -0.9956
vn 0.3556 -0.0270 -0.9342
vn 0.1212 0.9924 -0.0215
vn 0.5558 0.8313 -0.0037
vn 0.0276 0.0249 0.9993
vn 0.2962 0.0213 0.9549
vn -0.0270 -0.7698 0.6377
vn -0.0328 -0.1879 0.9816
vn -0.0119 0.8013 0.5982
vn -0.0287 0.2379 0.9709
vn -0.3556 0.0270 0.9343
vn -0.0904 0.0260 0.9956
vn -0.1212 -0.9924 0.0215
vn -0.5558 -0.8313 0.0037
vn -0.1022 0.9944 -0.0286
vn -0.5398 0.8409 -0.0385
vn -0.0276 -0.0249 -0.9993
vn -0.2962 -0.0213 -0.9549
vn 0.0119 -0.8013 -0.5981
vn 0.0287 -0.2379 -0.9709
vn 0.0270 0.7698 -0.6378
vn 0.0328 0.1880 -0.9816
vn -0.0096 -0.9996 0.0252
vn 0.9995 -0.0088 0.0317
vn 0.0315 -0.0255 -0.9992
vn 0.0096 0.9996 -0.0252
vn -0.0315 0.0255 0.9992
vn -0.9995 0.0088 -0.0317
vn 0.0811 -0.9713 -0.2234
vn 0.0791 -0.5277 -0.8457
vn 0.2756 -0.8007 -0.5319
vn 0.0706 0.4891 -0.8694
vn 0.0124 0.9767 -0.2141
vn 0.2270 0.8490 -0.4771
vn 0.0634 -0.9746 0.2150
vn 0.2633 -0.8348 0.4835
vn 0.0761 -0.4849 0.8713
vn 0.0188 0.9742 0.2248
vn 0.0262 0.5308 0.8471
vn 0.2147 0.8149 0.5383
vn -0.0064 -0.9602 -0.2793
vn -0.2148 -0.8149 -0.5384
vn -0.0492 -0.4296 -0.9017
vn -0.0765 0.9842 -0.1597
vn -0.0590 0.5835 -0.8100
vn -0.2633 0.8348 -0.4836
vn -0.0234 -0.9871 0.1584
vn -0.0462 -0.5863 0.8088
vn -0.2271 -0.8490 0.4771
vn -0.0693 0.9580 0.2783
vn -0.2756 0.8007 0.5319
vn -0.0976 0.4252 0.8998
vn 0.0803 -0.9962 -0.0325
vn 0.3129 -0.9494 -0.0281
vn 0.0946 0.0358 -0.9949
vn 0.4455 0.0428 -0.8943
vn 0.0215 0.9992 0.0338
vn 0.2565 0.9659 0.0355
vn 0.0705 -0.0310 0.9970
vn 0.4237 -0.0176 0.9056
vn 0.0255 -0.9764 0.2147
vn 0.0064 -0.5856 0.8106
vn -0.0315 0.9598 0.2790
vn -0.0265 0.5300 0.8476
vn -0.4455 -0.0428 0.8943
vn -0.0946 -0.0358 0.9949
vn -0.0215 -0.9992 -0.0338
vn -0.2565 -0.9659 -0.0355
vn -0.0803 0.9962 0.0325
vn -0.3129 0.9494 0.0281
vn -0.0705 0.0310 -0.9970
vn -0.4237 0.0176 -0.9056
vn 0.0315 -0.9598 -0.2790
vn 0.0265 -0.5299 -0.8476
vn -0.0255 0.9764 -0.2147
vn -0.0064 0.5856 -0.8106
vn 0.0294 -0.9990 -0.0332
vn 0.9995 0.0290 0.0131
vn 0.0121 0.0335 -0.9994
vn -0.0294 0.9990 0.0332
vn -0.0121 -0.0335 0.9994
vn -0.9995 -0.0290 -0.0131
vn 0.2284 -0.9549 0.1899
vn -0.2284 -0.9549 0.1899
vn -0.7216 -0.6790 0.1351
vn -0.9580 -0.2813 0.0559
vn -0.9580 0.2813 -0.0559
vn -0.7216 0.6790 -0.1351
vn -0.2283 0.9549 -0.1899
vn 0.2283 0.9549 -0.1899
vn 0.7216 0.6790 -0.1351
vn 0.9580 0.2813 -0.0559
vn 0.9580 -0.2813 0.0559
vn 0.7216 -0.6790 0.1351
vn 0.2284 -0.8095 0.5409
vn -0.2284 -0.8095 0.5409
vn -0.7216 -0.5756 0.3846
vn -0.9580 -0.2384 0.1593
vn -0.9580 0.2384 -0.1593
vn -0.7216 0.5756 -0.3846
vn -0.2284 0.8095 -0.5409
vn 0.2283 0.8095 -0.5409
vn 0.7216 0.5756 -0.3846
vn 0.9580 0.2384 -0.1593
vn 0.9580 -0.2384 0.1593
vn 0.7216 -0.5756 0.3846
vn 0.2284 -0.5409 0.8095
vn -0.2283 -0.5409 0.8095
vn -0.7216 -0.3846 0.5756
vn -0.9580 -0.1593 0.2384
vn -0.9580 0.1593 -0.2384
vn -0.7216 0.3846 -0.5756
vn -0.2284 0.5409 -0.8095
vn 0.2284 0.5409 -0.8095
vn 0.7216 0.3846 -0.5756
vn 0.9580 0.1593 -0.2384
vn 0.9580 -0.1593 0.2384
vn 0.7216 -0.3846 0.5756
vn 0.2283 -0.1899 0.9549
vn -0.2283 -0.1899 0.9549
vn -0.7216 -0.1351 0.6790
vn -0.9580 -0.0559 0.2813
vn -0.9580 0.0559 -0.2813
vn -0.7216 0.1351 -0.6790
vn -0.2284 0.1899 -0.9549
vn 0.2284 0.1899 -0.9549
vn 0.7216 0.1351 -0.6790
vn 0.9580 0.0559 -0.2813
vn 0.9580 -0.0559 0.2813
vn 0.7216 -0.1351 0.6790
vn 0.2284 0.1899 0.9549
vn -0.2284 0.1899 0.9549
vn -0.7216 0.1351 0.6790
vn -0.9580 0.0559 0.2813
vn -0.9580 -0.0559 -0.2813
vn -0.7216 -0.1351 -0.6790
vn -0.2283 -0.1899 -0.9549
vn 0.2284 -0.1899 -0.9549
vn 0.7216 -0.1351 -0.6790
vn 0.9580 -0.0559 -0.2813
vn 0.9580 0.0559 0.2813
vn 0.7216 0.1351 0.6790
vn 0.2283 0.5409 0.8095
vn -0.2284 0.5409 0.8095
vn -0.7216 0.3846 0.5757
vn -0.9580 0.1593 0.2384
vn -0.9580 -0.1593 -0.2384
vn -0.7216 -0.3846 -0.5757
vn -0.2284 -0.5409 -0.8095
vn 0.2283 -0.5409 -0.8095
vn 0.7216 -0.3846 -0.5756
vn 0.9580 -0.1593 -0.2384
vn 0.9580 0.1593 0.2384
vn 0.7216 0.3846 0.5756
vn 0.2284 0.8095 0.5409
vn -0.2284 0.8095 0.5409
vn -0.7216 0.5756 0.3846
vn -0.9580 0.2384 0.1593
vn -0.9580 -0.2384 -0.1593
vn -0.7216 -0.5756 -0.3846
vn -0.2284 -0.8095 -0.5409
vn 0.2284 -0.8095 -0.5409
vn 0.7216 -0.5756 -0.3846
vn 0.9580 -0.2384 -0.1593
vn 0.9580 0.2384 0.1593
vn 0.7216 0.5756 0.3846
vn 0.2284 0.9549 0.1899
vn -0.2283 0.9549 0.1899
vn -0.7216 0.6790 0.1351
vn -0.9580 0.2813 0.0559
vn -0.9580 -0.2813 -0.0559
vn -0.7216 -0.6790 -0.1351
vn -0.2284 -0.9549 -0.1899
vn 0.2283 -0.9549 -0.1899
vn 0.7216 -0.6790 -0.1351
vn 0.9580 -0.2813 -0.0559
vn 0.9580 0.2813 0.0559
vn 0.7216 0.6790 0.1351
vn -0.2283 0.8095 -0.5409
vn -0.2283 0.5409 -0.8095
vn -0.2284 -0.5409 0.8095
vn 0.2283 0.1899 -0.9549
vn -0.2284 -0.1899 0.9549
vn 0.2284 -0.1899 0.9549
vn -0.2284 -0.1899 -0.9549
vn 0.2284 -0.5409 -0.8095
vn -0.7216 -0.3846 -0.5756
vn -0.7216 0.3846 0.5756
vn -0.2283 0.5409 0.8095
vn 0.2284 0.5409 0.8095
vn 0.2283 -0.8095 -0.5409
vn -0.2283 -0.8095 -0.5409
vn -0.2283 0.8095 0.5409
vn 0.2283 0.8095 0.5409
vn -0.2284 0.9549 0.1899
vn -0.4927 -0.8535 -0.1698
vn -0.4927 -0.8535 0.1698
vn 0.4927 -0.8535 0.1698
vn 0.4927 -0.8535 -0.1698
vn -0.4927 0.8535 -0.1698
vn -0.4927 0.8535 0.1698
vn 0.4927 0.8535 -0.1698
vn 0.4927 0.8535 0.1698
vn 0.4927 -0.7235 0.4834
vn -0.4927 -0.7235 0.4834
vn -0.4927 0.7235 -0.4834
vn 0.4927 0.7235 -0.4834
vn 0.4927 -0.4834 0.7235
vn -0.4927 -0.4834 0.7235
vn -0.4927 0.4834 -0.7235
vn 0.4927 0.4834 -0.7235
vn 0.4927 -0.1698 0.8535
vn -0.4927 -0.1698 0.8535
vn -0.4927 0.1698 -0.8535
vn 0.4927 0.1698 -0.8535
vn 0.4927 0.1698 0.8535
vn -0.4927 0.1698 0.8535
vn -0.4927 -0.1698 -0.8535
vn 0.4927 -0.1698 -0.8535
vn 0.4927 0.4834 0.7235
vn -0.4927 0.4834 0.7235
vn -0.4927 -0.4834 -0.7235
vn 0.4927 -0.4834 -0.7235
vn 0.4927 0.7235 0.4834
vn -0.4927 0.7235 0.4834
vn -0.4927 -0.7235 -0.4834
vn 0.4927 -0.7235 -0.4834
vn -0.4579 0.5782 -0.6753
vn 0.4578 -0.5782 0.6753
vn 0.1550 0.7051 -0.6920
vn -0.7569 -0.1333 0.6398
vn -0.1550 -0.7051 0.6920
vn 0.4466 0.5976 0.6658
vn -0.2945 -0.1821 -0.9382
vn -0.2070 0.8619 -0.4629
vn 0.2070 -0.8619 0.4629
vn 0.2282 0.9236 -0.3080
vn 0.5571 0.8252 -0.0929
vn 0.8564 0.4905 -0.1610
vn 0.5128 -0.7196 0.4681
vn 0.2330 -0.9078 0.3487
vn 0.8852 -0.4275 0.1836
vn 0.2844 0.8919 -0.3517
vn 0.9075 0.3724 -0.1942
vn 0.5506 0.6869 -0.4744
vn 0.1744 -0.9360 0.3056
vn 0.5062 -0.8580 0.0866
vn 0.8264 -0.5424 0.1511
vn -0.2322 0.9228 -0.3074
vn -0.8838 0.4556 -0.1065
vn -0.5063 0.8580 -0.0866
vn -0.2272 -0.9038 0.3626
vn -0.5506 -0.6869 0.4744
vn -0.8555 -0.4703 0.2167
vn -0.1754 0.9163 -0.3602
vn -0.5127 0.7197 -0.4681
vn -0.8274 0.5222 -0.2068
vn -0.2851 -0.9069 0.3104
vn -0.9089 -0.4003 0.1170
vn -0.5571 -0.8252 0.0929
vn 0.8563 0.4806 -0.1890
vn 0.8273 -0.5325 0.1790
vn -0.8563 -0.4806 0.1889
vn -0.0161 -0.3409 -0.9400
vn 0.8669 -0.0604 0.4947
vn 0.2240 0.2305 0.9469
vn 0.2240 -0.2305 0.9469
vn -0.8670 0.0604 0.4947
vn -0.2240 -0.2305 0.9469
vn -0.2240 0.2305 0.9469
vn 0.8669 -0.3183 0.3835
vn 0.2240 -0.3180 0.9212
vn 0.2240 -0.7059 0.6720
vn -0.8670 -0.2167 0.4488
vn -0.2240 -0.7059 0.6720
vn -0.2240 -0.3180 0.9212
vn 0.8670 -0.4751 0.1506
vn 0.2240 -0.7656 0.6031
vn 0.2240 -0.9571 0.1837
vn -0.8669 -0.4249 0.2605
vn -0.2240 -0.9571 0.1837
vn -0.2240 -0.7656 0.6030
vn 0.8669 -0.4811 -0.1302
vn 0.2240 -0.9701 0.0934
vn 0.2240 -0.9045 -0.3629
vn -0.8669 -0.4983 -0.0106
vn -0.2240 -0.9045 -0.3629
vn -0.2240 -0.9701 0.0934
vn 0.8670 -0.3343 -0.3696
vn 0.2240 -0.8666 -0.4459
vn 0.2240 -0.5647 -0.7943
vn -0.8670 -0.4134 -0.2783
vn -0.2240 -0.5647 -0.7943
vn -0.2240 -0.8666 -0.4459
vn 0.8670 -0.0815 -0.4917
vn 0.2240 -0.4880 -0.8436
vn 0.2240 -0.0456 -0.9735
vn -0.8669 -0.1973 -0.4577
vn -0.2240 -0.0456 -0.9735
vn -0.2240 -0.4880 -0.8436
vn 0.8670 0.1973 -0.4577
vn 0.2240 0.0456 -0.9735
vn 0.2240 0.4880 -0.8436
vn -0.8670 0.0814 -0.4917
vn -0.2240 0.4880 -0.8436
vn -0.2240 0.0456 -0.9735
vn 0.8669 0.4134 -0.2783
vn 0.2240 0.5647 -0.7943
vn 0.2240 0.8666 -0.4459
vn -0.8670 0.3343 -0.3696
vn -0.2240 0.8666 -0.4459
vn -0.2240 0.5647 -0.7943
vn 0.8669 0.4983 -0.0106
vn 0.2240 0.9045 -0.3629
vn 0.2240 0.9701 0.0934
vn -0.8669 0.4811 -0.1302
vn -0.2240 0.9701 0.0934
vn -0.2240 0.9045 -0.3629
vn 0.8669 0.4249 0.2604
vn 0.2240 0.9571 0.1837
vn 0.2240 0.7656 0.6031
vn -0.8669 0.4751 0.1506
vn -0.2240 0.7656 0.6030
vn -0.2240 0.9571 0.1837
vn 0.8670 0.2167 0.4488
vn 0.2240 0.7059 0.6720
vn 0.2240 0.3181 0.9212
vn -0.8670 0.3183 0.3835
vn -0.2240 0.3180 0.9212
vn -0.2240 0.7059 0.6720
vn -0.0000 0.9531 0.3026
vn 0.2021 0.9301 -0.3068
vn 0.5321 0.8420 -0.0887
vn 0.8422 0.5167 -0.1540
vn 0.5307 -0.7032 0.4732
vn 0.2580 -0.9000 0.3514
vn 0.8963 -0.3998 0.1917
vn 0.2596 0.9001 -0.3499
vn 0.8973 0.4001 -0.1867
vn 0.5332 0.7033 -0.4702
vn 0.2006 -0.9300 0.3079
vn 0.5318 -0.8419 0.0917
vn 0.8415 -0.5165 0.1587
vn -0.2581 0.9150 -0.3101
vn -0.8965 0.4279 -0.1145
vn -0.5318 0.8419 -0.0917
vn -0.2023 -0.9102 0.3613
vn -0.5331 -0.7033 0.4702
vn -0.8423 -0.4965 0.2097
vn -0.2004 0.9102 -0.3624
vn -0.5307 0.7032 -0.4732
vn -0.8414 0.4962 -0.2143
vn -0.2595 -0.9151 0.3087
vn -0.8971 -0.4282 0.1094
vn -0.5320 -0.8421 0.0887
vn 0.2597 0.9078 -0.3293
vn 0.2581 -0.9077 0.3308
vn 0.0009 0.9293 -0.3694
vn 0.0013 0.8679 -0.4967
vn -0.9654 -0.0883 -0.2452
vn -0.2581 0.9077 -0.3308
vn -0.8418 0.5065 -0.1866
vn -0.0009 -0.9292 0.3695
vn 0.0027 -0.3417 -0.9398
vn -0.8669 -0.2167 0.4488
vn 0.8669 -0.4751 0.1506
vn 0.2240 -0.7656 0.6030
vn -0.8669 -0.4134 -0.2783
vn 0.8669 -0.0814 -0.4917
vn 0.2240 -0.4879 -0.8437
vn 0.2240 -0.0457 -0.9735
vn -0.2240 -0.0457 -0.9735
vn -0.2240 -0.4879 -0.8437
vn 0.8669 0.1973 -0.4577
vn 0.2240 0.0457 -0.9735
vn 0.2240 0.4879 -0.8437
vn -0.8669 0.0814 -0.4917
vn -0.2240 0.4879 -0.8437
vn -0.2240 0.0457 -0.9735
vn -0.8669 0.3343 -0.3696
vn 0.8669 0.4249 0.2605
vn 0.2240 0.7656 0.6030
vn -0.8670 0.4751 0.1506
vn -0.2240 0.7656 0.6031
vn 0.8669 0.2167 0.4489
vn 0.2240 0.3180 0.9212
vn -0.8669 0.3183 0.3835
vn 0.0795 -0.8001 -0.5946
vn 0.0876 -0.1903 -0.9778
vn 0.4209 -0.4510 -0.7871
vn 0.0770 0.1874 -0.9793
vn 0.1201 0.8378 -0.5327
vn 0.4291 0.4026 -0.8086
vn 0.0714 -0.8395 0.5386
vn 0.3699 -0.4096 0.8339
vn 0.0116 -0.1882 0.9821
vn 0.0557 0.7989 0.5989
vn 0.0288 0.1893 0.9815
vn 0.3780 0.4440 0.8124
vn -0.0877 -0.8640 -0.4957
vn -0.3781 -0.4440 -0.8124
vn -0.0156 -0.2371 -0.9714
vn -0.0407 0.7686 -0.6385
vn -0.0257 0.1401 -0.9898
vn -0.3699 0.4096 -0.8339
vn -0.0945 -0.7674 0.6341
vn -0.0908 -0.1390 0.9861
vn -0.4291 -0.4026 0.8086
vn -0.1038 0.8658 0.4896
vn -0.4210 0.4509 0.7870
vn -0.0730 0.2381 0.9685
vn 0.3556 -0.0270 -0.9343
vn 0.2961 0.0213 0.9549
vn -0.0270 -0.7697 0.6379
vn -0.0328 -0.1880 0.9816
vn -0.0119 0.8013 0.5981
vn -0.0287 0.2378 0.9709
vn -0.3556 0.0270 0.9342
vn -0.0276 -0.0250 -0.9993
vn -0.2961 -0.0213 -0.9549
vn 0.0119 -0.8013 -0.5982
vn 0.0287 -0.2378 -0.9709
vn 0.0693 -0.9580 -0.2783
vn 0.0976 -0.4252 -0.8998
vn 0.3694 -0.7738 -0.5146
vn 0.0463 0.5865 -0.8086
vn 0.0234 0.9871 -0.1584
vn 0.3223 0.8265 -0.4615
vn 0.0764 -0.9842 0.1597
vn 0.3575 -0.8068 0.4704
vn 0.0590 -0.5832 0.8102
vn 0.0064 0.9602 0.2793
vn 0.0492 0.4296 0.9017
vn 0.3103 0.7935 0.5235
vn -0.0188 -0.9742 -0.2247
vn -0.3103 -0.7934 -0.5236
vn -0.0262 -0.5307 -0.8471
vn -0.0634 0.9745 -0.2151
vn -0.0761 0.4849 -0.8712
vn -0.3575 0.8068 -0.4704
vn -0.0124 -0.9768 0.2140
vn -0.0706 -0.4890 0.8694
vn -0.3223 -0.8265 0.4615
vn -0.0811 0.9713 0.2234
vn -0.3694 0.7737 0.5147
vn -0.0791 0.5277 0.8457
vn 0.0064 -0.5857 0.8105
vn -0.0265 0.5299 0.8476
vn 0.0265 -0.5300 -0.8476
vn -0.0255 0.9763 -0.2147
vn -0.0064 0.5857 -0.8105
vn -0.2284 0.9549 -0.1899
vn 0.2284 0.9549 -0.1899
vn 0.2283 -0.8095 0.5409
vn -0.2283 -0.8095 0.5409
vn 0.2284 0.8095 -0.5409
vn 0.7216 -0.5757 0.3846
vn 0.2283 -0.5409 0.8095
vn -0.7216 -0.5757 -0.3846
vn 0.7216 -0.5757 -0.3846
vn 0.7216 0.5757 0.3846
vn 0.2283 0.9549 0.1899
vn -0.2283 -0.9549 -0.1899
vn 0.2284 -0.9549 -0.1899
vn -0.7216 -0.5757 0.3846
vn 0.2283 0.5409 -0.8095
vt 0.562500 0.478686
vt 0.500000 0.500000
vt 0.500000 0.478686
vt 0.562500 0.521314
vt 0.500000 0.521314
vt 0.500000 0.645353
vt 0.562500 0.666667
vt 0.500000 0.666667
vt 0.562500 0.688294
vt 0.500000 0.688294
vt 0.500000 0.811706
vt 0.562500 0.833333
vt 0.500000 0.833333
vt 0.562500 0.854647
vt 0.500000 0.854647
vt 0.500000 0.978686
vt 0.562500 1.000000
vt 0.500000 1.000000
vt 0.562500 -0.000000
vt 0.500000 0.021314
vt 0.500000 -0.000000
vt 0.562500 0.145353
vt 0.500000 0.166667
vt 0.500000 0.145353
vt 0.562500 0.166667
vt 0.500000 0.188294
vt 0.562500 0.311706
vt 0.500000 0.333333
vt 0.500000 0.311706
vt 0.562500 0.333333
vt 0.500000 0.354647
vt 0.625000 0.478686
vt 0.562500 0.500000
vt 0.625000 0.521314
vt 0.562500 0.645353
vt 0.625000 0.666667
vt 0.625000 0.688294
vt 0.562500 0.811706
vt 0.625000 0.833333
vt 0.625000 0.854647
vt 0.562500 0.978686
vt 0.625000 1.000000
vt 0.625000 -0.000000
vt 0.562500 0.021314
vt 0.625000 0.145353
vt 0.625000 0.166667
vt 0.562500 0.188294
vt 0.625000 0.311706
vt 0.625000 0.333333
vt 0.562500 0.354647
vt 0.687500 0.478686
vt 0.625000 0.500000
vt 0.687500 0.521314
vt 0.625000 0.645353
vt 0.687500 0.666667
vt 0.687500 0.688294
vt 0.625000 0.811706
vt 0.687500 0.833333
vt 0.687500 0.854647
vt 0.625000 0.978686
vt 0.687500 1.000000
vt 0.687500 -0.000000
vt 0.625000 0.021314
vt 0.687500 0.145353
vt 0.687500 0.166667
vt 0.625000 0.188294
vt 0.687500 0.311706
vt 0.687500 0.333333
vt 0.625000 0.354647
vt 0.750000 0.478686
vt 0.687500 0.500000
vt 0.750000 0.521314
vt 0.687500 0.645353
vt 0.750000 0.666667
vt 0.750000 0.688294
vt 0.687500 0.811706
vt 0.750000 0.833333
vt 0.750000 0.854647
vt 0.687500 0.978686
vt 0.750000 1.000000
vt 0.750000 -0.000000
vt 0.687500 0.021314
vt 0.750000 0.145353
vt 0.750000 0.166667
vt 0.687500 0.188294
vt 0.750000 0.311706
vt 0.750000 0.333333
vt 0.687500 0.354647
vt 0.812500 0.500000
vt 0.750000 0.500000
vt 0.812500 0.645353
vt 0.750000 0.645353
vt 0.812500 0.666667
vt 0.812500 0.811706
vt 0.750000 0.811706
vt 0.812500 0.833333
vt 0.812500 0.978686
vt 0.750000 0.978686
vt 0.812500 0.021314
vt 0.750000 0.021314
vt 0.812500 0.166667
vt 0.812500 0.188294
vt 0.750000 0.188294
vt 0.812500 0.333333
vt 0.812500 0.354647
vt 0.750000 0.354647
vt 0.812500 0.478686
vt 0.875000 0.500000
vt 0.812500 0.521314
vt 0.875000 0.645353
vt 0.875000 0.666667
vt 0.812500 0.688294
vt 0.875000 0.811706
vt 0.875000 0.833333
vt 0.812500 0.854647
vt 0.875000 0.978686
vt 0.812500 1.000000
vt 0.812500 -0.000000
vt 0.875000 0.021314
vt 0.812500 0.145353
vt 0.875000 0.166667
vt 0.875000 0.188294
vt 0.812500 0.311706
vt 0.875000 0.333333
vt 0.875000 0.354647
vt 0.875000 0.478686
vt 0.937500 0.500000
vt 0.875000 0.521314
vt 0.937500 0.645353
vt 0.937500 0.666667
vt 0.875000 0.688294
vt 0.937500 0.811706
vt 0.937500 0.833333
vt 0.875000 0.854647
vt 0.937500 0.978686
vt 0.875000 1.000000
vt 0.875000 -0.000000
vt 0.937500 0.021314
vt 0.875000 0.145353
vt 0.937500 0.166667
vt 0.937500 0.188294
vt 0.875000 0.311706
vt 0.937500 0.333333
vt 0.937500 0.354647
vt 0.937500 0.478686
vt 0.999811 0.500000
vt 0.937500 0.521314
vt 1.000000 0.645353
vt 0.999894 0.666667
vt 0.937500 0.688294
vt 1.000000 0.811706
vt 1.000000 0.833333
vt 0.937500 0.854647
vt 1.000000 0.978686
vt 0.937500 1.000000
vt 0.937500 -0.000000
vt 1.000000 0.021314
vt 0.937500 0.145353
vt 1.000000 0.166667
vt 1.000000 0.188294
vt 0.937500 0.311706
vt 0.999894 0.333333
vt 1.000000 0.354647
vt 0.062500 0.478686
vt 0.000189 0.500000
vt 0.000000 0.478686
vt 0.062500 0.521314
vt 0.000000 0.521314
vt 0.000000 0.645353
vt 0.062500 0.666667
vt 0.000106 0.666667
vt 0.062500 0.688294
vt 0.000000 0.688294
vt 0.000000 0.811706
vt 0.062500 0.833333
vt 0.000000 0.833333
vt 0.062500 0.854647
vt 0.000000 0.854647
vt 0.000000 0.978686
vt 0.062500 1.000000
vt 0.000000 1.000000
vt 0.062500 -0.000000
vt 0.000000 0.021314
vt 0.000000 -0.000000
vt 0.062500 0.145353
vt 0.000000 0.166667
vt 0.000000 0.145353
vt 0.062500 0.166667
vt 0.000000 0.188294
vt 0.062500 0.311706
vt 0.000106 0.333333
vt 0.000000 0.311706
vt 0.062500 0.333333
vt 0.000000 0.354647
vt 0.125000 0.478686
vt 0.062500 0.500000
vt 0.125000 0.521314
vt 0.062500 0.645353
vt 0.125000 0.666667
vt 0.125000 0.688294
vt 0.062500 0.811706
vt 0.125000 0.833333
vt 0.125000 0.854647
vt 0.062500 0.978686
vt 0.125000 1.000000
vt 0.125000 -0.000000
vt 0.062500 0.021314
vt 0.125000 0.145353
vt 0.125000 0.166667
vt 0.062500 0.188294
vt 0.125000 0.311706
vt 0.125000 0.333333
vt 0.062500 0.354647
vt 0.187500 0.478686
vt 0.125000 0.500000
vt 0.187500 0.521314
vt 0.125000 0.645353
vt 0.187500 0.666667
vt 0.187500 0.688294
vt 0.125000 0.811706
vt 0.187500 0.833333
vt 0.187500 0.854647
vt 0.125000 0.978686
vt 0.187500 1.000000
vt 0.187500 -0.000000
vt 0.125000 0.021314
vt 0.187500 0.145353
vt 0.187500 0.166667
vt 0.125000 0.188294
vt 0.187500 0.311706
vt 0.187500 0.333333
vt 0.125000 0.354647
vt 0.250000 0.478686
vt 0.187500 0.500000
vt 0.250000 0.521314
vt 0.187500 0.645353
vt 0.250000 0.666667
vt 0.250000 0.688294
vt 0.187500 0.811705
vt 0.250000 0.833333
vt 0.250000 0.854647
vt 0.187500 0.978686
vt 0.250000 1.000000
vt 0.250000 -0.000000
vt 0.187500 0.021314
vt 0.250000 0.145353
vt 0.250000 0.166667
vt 0.187500 0.188294
vt 0.250000 0.311706
vt 0.250000 0.333333
vt 0.187500 0.354647
vt 0.312500 0.500000
vt 0.250000 0.500000
vt 0.312500 0.645353
vt 0.250000 0.645353
vt 0.312500 0.666667
vt 0.312500 0.811706
vt 0.250000 0.811706
vt 0.312500 0.833333
vt 0.312500 0.978686
vt 0.250000 0.978686
vt 0.312500 0.021314
vt 0.250000 0.021314
vt 0.312500 0.166667
vt 0.312500 0.188294
vt 0.250000 0.188294
vt 0.312500 0.333333
vt 0.312500 0.354647
vt 0.250000 0.354647
vt 0.312500 0.478686
vt 0.375000 0.500000
vt 0.312500 0.521314
vt 0.375000 0.645353
vt 0.375000 0.666667
vt 0.312500 0.688294
vt 0.375000 0.811706
vt 0.375000 0.833333
vt 0.312500 0.854647
vt 0.375000 0.978686
vt 0.312500 1.000000
vt 0.312500 -0.000000
vt 0.375000 0.021314
vt 0.312500 0.145353
vt 0.375000 0.166667
vt 0.375000 0.188294
vt 0.312500 0.311706
vt 0.375000 0.333333
vt 0.375000 0.354647
vt 0.375000 0.478686
vt 0.437500 0.500000
vt 0.375000 0.521314
vt 0.437500 0.645353
vt 0.437500 0.666667
vt 0.375000 0.688294
vt 0.437500 0.811706
vt 0.437500 0.833333
vt 0.375000 0.854647
vt 0.437500 0.978686
vt 0.375000 1.000000
vt 0.375000 -0.000000
vt 0.437500 0.021314
vt 0.375000 0.145353
vt 0.437500 0.166667
vt 0.437500 0.188294
vt 0.375000 0.311706
vt 0.437500 0.333333
vt 0.437500 0.354647
vt 0.437500 0.521314
vt 0.437500 0.478686
vt 0.437500 0.688294
vt 0.437500 0.854647
vt 0.437500 -0.000000
vt 0.437500 1.000000
vt 0.437500 0.145353
vt 0.437500 0.311706
vt 1.000000 0.478686
vt 1.000000 0.521314
vt 1.000000 0.688294
vt 1.000000 0.854647
vt 1.000000 0.145353
vt 1.000000 0.311706
vt 0.128500 0.746500
vt 0.126479 0.750000
vt 0.125000 0.746500
vt 0.378500 1.000000
vt 0.375000 0.996500
vt 0.378500 0.996500
vt 0.378500 0.003500
vt 0.375000 0.001479
vt 0.378500 0.000000
vt 0.625000 0.996500
vt 0.621500 1.000000
vt 0.621500 0.996500
vt 0.871500 0.746500
vt 0.875000 0.748521
vt 0.871500 0.750000
vt 0.621500 0.003500
vt 0.623521 0.000000
vt 0.625000 0.003500
vt 0.128500 0.503500
vt 0.125000 0.501479
vt 0.128500 0.500000
vt 0.378500 0.246500
vt 0.375740 0.250740
vt 0.375000 0.246500
vt 0.375000 0.253500
vt 0.378500 0.250000
vt 0.378500 0.253500
vt 0.871500 0.503500
vt 0.873521 0.500000
vt 0.875000 0.503500
vt 0.621500 0.250000
vt 0.625000 0.253500
vt 0.621500 0.253500
vt 0.621500 0.246500
vt 0.624260 0.249260
vt 0.371500 0.746500
vt 0.375493 0.750000
vt 0.373250 0.751750
vt 0.378500 0.746500
vt 0.375000 0.746500
vt 0.378500 0.750000
vt 0.378500 0.753500
vt 0.628500 0.746500
vt 0.625000 0.749507
vt 0.625000 0.746500
vt 0.621500 0.750000
vt 0.626750 0.751750
vt 0.621500 0.753500
vt 0.621500 0.746500
vt 0.371500 0.503500
vt 0.375000 0.500493
vt 0.375000 0.503500
vt 0.378500 0.500000
vt 0.373250 0.498250
vt 0.378500 0.496500
vt 0.378500 0.503500
vt 0.628500 0.503500
vt 0.624507 0.500000
vt 0.626750 0.498250
vt 0.621500 0.503500
vt 0.625000 0.503500
vt 0.621500 0.500000
vt 0.621500 0.496500
vt 0.125000 0.503500
vt 0.875000 0.746500
vt 0.871500 0.500000
vt 0.128500 0.750000
vt 0.750000 0.477030
vt 0.748985 0.489702
vt 0.757723 0.487732
vt -0.000000 0.577778
vt 0.005411 0.500000
vt 0.008366 0.577778
vt 0.994589 0.500000
vt 1.000000 0.577778
vt 0.991634 0.577778
vt 0.250000 0.477030
vt 0.251015 0.489702
vt 0.242277 0.487732
vt 1.000000 0.922222
vt 0.994589 1.000000
vt 0.991634 0.922222
vt 0.005411 1.000000
vt -0.000000 0.922222
vt 0.008366 0.922222
vt 0.872742 0.440990
vt 0.878739 0.452199
vt 0.885025 0.445818
vt 0.909091 0.577778
vt 0.914502 0.500000
vt 0.917457 0.577778
vt 0.903680 0.500000
vt 0.900725 0.577778
vt 0.372742 0.440990
vt 0.380446 0.451102
vt 0.372031 0.454169
vt 0.909091 0.922222
vt 0.903680 1.000000
vt 0.900725 0.922222
vt 0.914502 1.000000
vt 0.917457 0.922222
vt 0.956514 0.344312
vt 0.967619 0.350499
vt 0.969457 0.341732
vt 0.818182 0.577778
vt 0.823593 0.500000
vt 0.826548 0.577778
vt 0.812771 0.500000
vt 0.809816 0.577778
vt 0.456514 0.344312
vt 0.468462 0.348653
vt 0.463041 0.355783
vt 0.818182 0.922222
vt 0.812771 1.000000
vt 0.809816 0.922222
vt 0.823593 1.000000
vt 0.826547 0.922222
vt 0.974719 0.217690
vt 0.987407 0.216891
vt 0.984213 0.208523
vt 0.727273 0.577778
vt 0.732684 0.500000
vt 0.735638 0.577778
vt 0.721862 0.500000
vt 0.718907 0.577778
vt 0.474719 0.217690
vt 0.487118 0.214883
vt 0.486412 0.223812
vt 0.727273 0.922222
vt 0.721862 1.000000
vt 0.718907 0.922222
vt 0.732684 1.000000
vt 0.735638 0.922222
vt 0.921578 0.101327
vt 0.931819 0.093795
vt 0.924608 0.088482
vt 0.636364 0.577778
vt 0.641775 0.500000
vt 0.644729 0.577778
vt 0.630952 0.500000
vt 0.627998 0.577778
vt 0.421578 0.101327
vt 0.430490 0.092262
vt 0.434724 0.100155
vt 0.636364 0.922222
vt 0.630952 1.000000
vt 0.627998 0.922222
vt 0.641775 1.000000
vt 0.644729 0.922222
vt 0.813962 0.032166
vt 0.818505 0.020293
vt 0.809567 0.019722
vt 0.545454 0.577778
vt 0.550865 0.500000
vt 0.553820 0.577778
vt 0.540043 0.500000
vt 0.537089 0.577778
vt 0.313962 0.032166
vt 0.316558 0.019722
vt 0.324387 0.024073
vt 0.545454 0.922222
vt 0.540043 1.000000
vt 0.537089 0.922222
vt 0.550865 1.000000
vt 0.553820 0.922222
vt 0.686038 0.032166
vt 0.683442 0.019722
vt 0.675613 0.024073
vt 0.454545 0.577778
vt 0.459956 0.500000
vt 0.462911 0.577778
vt 0.449134 0.500000
vt 0.446180 0.577778
vt 0.186038 0.032166
vt 0.181495 0.020293
vt 0.190433 0.019722
vt 0.454545 0.922222
vt 0.449134 1.000000
vt 0.446180 0.922222
vt 0.459956 1.000000
vt 0.462911 0.922222
vt 0.578422 0.101327
vt 0.569510 0.092262
vt 0.565276 0.100155
vt 0.363636 0.577778
vt 0.369047 0.500000
vt 0.372002 0.577778
vt 0.358225 0.500000
vt 0.355270 0.577778
vt 0.078422 0.101327
vt 0.068181 0.093795
vt 0.075392 0.088482
vt 0.363636 0.922222
vt 0.358225 1.000000
vt 0.355270 0.922222
vt 0.369047 1.000000
vt 0.372002 0.922222
vt 0.525281 0.217690
vt 0.512882 0.214883
vt 0.513588 0.223812
vt 0.272727 0.577778
vt 0.278138 0.500000
vt 0.281093 0.577778
vt 0.267316 0.500000
vt 0.264361 0.577778
vt 0.025281 0.217690
vt 0.012593 0.216891
vt 0.015787 0.208523
vt 0.272727 0.922222
vt 0.267316 1.000000
vt 0.264361 0.922222
vt 0.278138 1.000000
vt 0.281093 0.922222
vt 0.543486 0.344312
vt 0.531538 0.348653
vt 0.536959 0.355783
vt 0.181818 0.577778
vt 0.187229 0.500000
vt 0.190184 0.577778
vt 0.176407 0.500000
vt 0.173452 0.577778
vt 0.043486 0.344312
vt 0.032381 0.350499
vt 0.030543 0.341732
vt 0.181818 0.922222
vt 0.176407 1.000000
vt 0.173452 0.922222
vt 0.187229 1.000000
vt 0.190184 0.922222
vt 0.627258 0.440990
vt 0.619554 0.451102
vt 0.627969 0.454169
vt 0.090909 0.577778
vt 0.096320 0.500000
vt 0.099275 0.577778
vt 0.085498 0.500000
vt 0.082543 0.577778
vt 0.127258 0.440990
vt 0.121261 0.452199
vt 0.114975 0.445818
vt 0.090909 0.922222
vt 0.085498 1.000000
vt 0.082543 0.922222
vt 0.096320 1.000000
vt 0.099275 0.922222
vt 0.872031 0.454169
vt 0.257723 0.487732
vt 0.963041 0.355783
vt 0.385025 0.445818
vt 0.934724 0.100155
vt 0.484213 0.208523
vt 0.824387 0.024073
vt 0.424608 0.088482
vt 0.309567 0.019722
vt 0.175613 0.024073
vt 0.515787 0.208523
vt 0.530543 0.341732
vt 0.013588 0.223812
vt 0.614975 0.445818
vt 0.036959 0.355783
vt 0.742277 0.487732
vt 0.127969 0.454169
vt 0.378500 0.996500
vt 0.378500 0.003500
vt 0.621500 0.996500
vt 0.621500 0.003500
vt 0.128500 0.503500
vt 0.378500 0.246500
vt 0.378500 0.253500
vt 0.621500 0.253500
vt 0.621500 0.246500
vt 0.371500 0.746500
vt 0.375000 0.746500
vt 0.378500 0.750000
vt 0.378500 0.753500
vt 0.625000 0.746500
vt 0.626750 0.751750
vt 0.371500 0.503500
vt 0.378500 0.496500
vt 0.378500 0.503500
vt 0.628500 0.503500
vt 0.626750 0.498250
vt 0.621500 0.503500
vt 0.375000 0.003500
vt 0.621500 0.000000
vt 0.008366 0.922222
vt 0.872742 0.440990
vt 0.900725 0.577778
vt 0.900725 0.922222
vt 0.809816 0.922222
vt 0.718907 0.577778
vt 0.718907 0.922222
vt 0.264361 0.577778
vt 0.025281 0.217690
vt 0.264361 0.922222
vt 0.173452 0.922222
vt 0.986412 0.223812
vt 0.575392 0.088482
vt 0.128500 0.746500
vt 0.376479 1.000000
vt 0.378500 0.003500
vt 0.625000 0.998521
vt 0.871500 0.746500
vt 0.378500 0.253500
vt 0.621500 0.253500
vt 0.625000 0.246500
vt 0.378500 0.746500
vt 0.625000 0.746500
vt 0.621500 0.746500
vt 0.871500 0.746500
vt 0.378500 0.250000
vt 0.621500 0.246500
vt 0.621500 0.496500
vt 0.500000 0.477671
vt 0.562500 0.500000
vt 0.500000 0.500000
vt 0.500000 0.522329
vt 0.562500 0.644338
vt 0.500000 0.666667
vt 0.500000 0.644338
vt 0.562500 0.666667
vt 0.500000 0.689324
vt 0.562500 0.810676
vt 0.500000 0.833333
vt 0.500000 0.810676
vt 0.562500 0.833333
vt 0.500000 0.855662
vt 0.500000 0.977671
vt 0.562500 1.000000
vt 0.500000 1.000000
vt 0.562500 -0.000000
vt 0.500000 0.022329
vt 0.562500 0.144338
vt 0.500000 0.144338
vt 0.500000 0.189324
vt 0.562500 0.310676
vt 0.500000 0.333333
vt 0.500000 0.310676
vt 0.562500 0.355662
vt 0.500000 0.355662
vt 0.562500 0.477671
vt 0.562500 0.522329
vt 0.625000 0.644338
vt 0.625000 0.689324
vt 0.562500 0.689324
vt 0.625000 0.833333
vt 0.625000 0.855662
vt 0.562500 0.855662
vt 0.562500 0.977671
vt 0.625000 0.022329
vt 0.562500 0.022329
vt 0.562500 0.189324
vt 0.625000 0.310676
vt 0.562500 0.333333
vt 0.625000 0.355662
vt 0.687500 0.477671
vt 0.625000 0.477671
vt 0.687500 0.522329
vt 0.625000 0.522329
vt 0.687500 0.666667
vt 0.687500 0.689324
vt 0.625000 0.810676
vt 0.687500 0.833333
vt 0.687500 0.855662
vt 0.687500 0.977671
vt 0.625000 0.977671
vt 0.687500 -0.000000
vt 0.625000 0.144338
vt 0.625000 0.189324
vt 0.687500 0.310676
vt 0.625000 0.333333
vt 0.687500 0.333333
vt 0.750000 0.500000
vt 0.687500 0.500000
vt 0.687500 0.644338
vt 0.750000 0.666667
vt 0.750000 0.689324
vt 0.687500 0.810676
vt 0.750000 0.833333
vt 0.750000 0.977671
vt 0.687500 1.000000
vt 0.750000 0.022329
vt 0.687500 0.022329
vt 0.687500 0.144338
vt 0.687500 0.189324
vt 0.750000 0.310676
vt 0.750000 0.355662
vt 0.687500 0.355662
vt 0.750000 0.477671
vt 0.812500 0.500000
vt 0.750000 0.522329
vt 0.750000 0.644338
vt 0.812500 0.666667
vt 0.812500 0.689324
vt 0.750000 0.810676
vt 0.812500 0.833333
vt 0.750000 0.855662
vt 0.812500 0.977671
vt 0.812500 -0.000000
vt 0.750000 -0.000000
vt 0.750000 0.144338
vt 0.812500 0.166667
vt 0.750000 0.189324
vt 0.812500 0.310676
vt 0.750000 0.333333
vt 0.812500 0.355662
vt 0.812500 0.477671
vt 0.875000 0.500000
vt 0.875000 0.522329
vt 0.812500 0.522329
vt 0.875000 0.644338
vt 0.812500 0.644338
vt 0.875000 0.689324
vt 0.812500 0.810676
vt 0.875000 0.833333
vt 0.812500 0.855662
vt 0.875000 0.977671
vt 0.812500 1.000000
vt 0.875000 -0.000000
vt 0.812500 0.022329
vt 0.812500 0.144338
vt 0.875000 0.166667
vt 0.812500 0.189324
vt 0.812500 0.333333
vt 0.937500 0.477671
vt 0.875000 0.477671
vt 0.937500 0.500000
vt 0.937500 0.644338
vt 0.875000 0.666667
vt 0.937500 0.689324
vt 0.875000 0.810676
vt 0.937500 0.833333
vt 0.875000 0.855662
vt 0.937500 0.977671
vt 0.875000 1.000000
vt 0.937500 -0.000000
vt 0.875000 0.022329
vt 0.875000 0.144338
vt 0.937500 0.166667
vt 0.937500 0.189324
vt 0.875000 0.189324
vt 0.937500 0.310676
vt 0.875000 0.310676
vt 0.937500 0.355662
vt 0.875000 0.355662
vt 1.000000 0.477671
vt 0.999717 0.500000
vt 0.937500 0.522329
vt 1.000000 0.644338
vt 0.937500 0.666667
vt 0.999835 0.666667
vt 1.000000 0.810676
vt 0.937500 0.810676
vt 1.000000 0.833333
vt 0.937500 0.855662
vt 1.000000 0.977671
vt 0.937500 1.000000
vt 1.000000 -0.000000
vt 0.937500 0.022329
vt 1.000000 0.144338
vt 0.937500 0.144338
vt 1.000000 0.189324
vt 1.000000 0.310676
vt 0.937500 0.333333
vt 1.000000 0.355662
vt 0.062500 0.477671
vt 0.000283 0.500000
vt 0.000000 0.477671
vt 0.000000 0.522329
vt 0.062500 0.644338
vt 0.000165 0.666667
vt 0.000000 0.644338
vt 0.062500 0.689324
vt 0.000000 0.689324
vt 0.062500 0.810676
vt 0.000000 0.833333
vt 0.000000 0.810676
vt 0.062500 0.855662
vt 0.000000 0.855662
vt 0.062500 0.977671
vt 0.000000 0.977671
vt 0.000000 0.022329
vt 0.062500 0.144338
vt 0.000000 0.144338
vt 0.062500 0.166667
vt 0.000000 0.189324
vt 0.062500 0.310676
vt 0.000165 0.333333
vt 0.000000 0.310676
vt 0.062500 0.355662
vt 0.000000 0.355662
vt 0.062500 0.522329
vt 0.125000 0.644338
vt 0.062500 0.666667
vt 0.125000 0.689324
vt 0.125000 0.810676
vt 0.125000 0.855662
vt 0.062500 0.022329
vt 0.125000 0.144338
vt 0.125000 0.189324
vt 0.062500 0.189324
vt 0.125000 0.333333
vt 0.062500 0.333333
vt 0.125000 0.355662
vt 0.187500 0.477671
vt 0.125000 0.477671
vt 0.187500 0.500000
vt 0.125000 0.522329
vt 0.187500 0.644338
vt 0.187500 0.689324
vt 0.187500 0.810676
vt 0.125000 0.833333
vt 0.187500 0.855662
vt 0.125000 0.977671
vt 0.187500 1.000000
vt 0.187500 0.022329
vt 0.125000 0.022329
vt 0.187500 0.144338
vt 0.125000 0.166667
vt 0.187500 0.189324
vt 0.187500 0.310676
vt 0.125000 0.310676
vt 0.187500 0.333333
vt 0.250000 0.500000
vt 0.187500 0.522329
vt 0.250000 0.666667
vt 0.187500 0.666667
vt 0.250000 0.689324
vt 0.187500 0.833333
vt 0.187500 0.977671
vt 0.187500 0.166667
vt 0.250000 0.189324
vt 0.250000 0.310676
vt 0.250000 0.355662
vt 0.187500 0.355662
vt 0.312500 0.477671
vt 0.250000 0.477671
vt 0.250000 0.522329
vt 0.250000 0.644338
vt 0.312500 0.666667
vt 0.312500 0.689324
vt 0.250000 0.810676
vt 0.250000 0.855662
vt 0.250000 0.977671
vt 0.312500 1.000000
vt 0.312500 -0.000000
vt 0.250000 0.022329
vt 0.312500 0.144338
vt 0.250000 0.144338
vt 0.312500 0.189324
vt 0.312500 0.310676
vt 0.250000 0.333333
vt 0.312500 0.355662
vt 0.375000 0.477671
vt 0.375000 0.522329
vt 0.312500 0.522329
vt 0.375000 0.644338
vt 0.312500 0.644338
vt 0.375000 0.689324
vt 0.312500 0.810676
vt 0.312500 0.855662
vt 0.375000 0.977671
vt 0.312500 0.977671
vt 0.375000 0.022329
vt 0.312500 0.022329
vt 0.375000 0.144338
vt 0.375000 0.189324
vt 0.375000 0.310676
vt 0.312500 0.333333
vt 0.437500 0.500000
vt 0.375000 0.500000
vt 0.437500 0.522329
vt 0.437500 0.644338
vt 0.437500 0.689324
vt 0.437500 0.810676
vt 0.375000 0.810676
vt 0.437500 0.833333
vt 0.375000 0.855662
vt 0.437500 0.977671
vt 0.437500 0.022329
vt 0.437500 0.166667
vt 0.375000 0.166667
vt 0.437500 0.189324
vt 0.437500 0.310676
vt 0.437500 0.355662
vt 0.375000 0.355662
vt 0.437500 0.855662
vt 0.437500 -0.000000
vt 0.437500 1.000000
vt 0.437500 0.144338
vt 0.437500 0.333333
vt 0.437500 0.477671
vt 1.000000 1.000000
vt -0.000000 0.532872
vt 0.999289 0.500000
vt 1.000000 0.967128
vt 0.000711 1.000000
vt 0.908735 0.516436
vt 0.909446 0.983564
vt 0.817826 0.516436
vt 0.469457 0.341732
vt 0.818537 0.983564
vt 0.726917 0.516436
vt 0.727628 0.983564
vt 0.636008 0.516436
vt 0.636719 0.983564
vt 0.545099 0.516436
vt 0.545810 0.983564
vt 0.690433 0.019722
vt 0.454190 0.516436
vt 0.454901 0.983564
vt 0.363281 0.516436
vt 0.065276 0.100155
vt 0.363992 0.983564
vt 0.272372 0.516436
vt 0.273083 0.983564
vt 0.181463 0.516436
vt 0.182173 0.983564
vt 0.090554 0.516436
vt 0.091264 0.983564
vt 1.000000 0.522329
vt 1.000000 0.689324
vt 1.000000 0.855662
vt 1.000000 0.022329
vt 1.000000 0.166667
vt 0.999835 0.333333
s 0
usemtl hide
f 19/1/1 3/2/1 2/3/1
f 3/2/2 20/4/2 1/5/2
f 5/6/3 24/7/3 6/8/3
f 6/8/4 23/9/4 4/10/4
f 8/11/5 27/12/5 9/13/5
f 9/13/6 26/14/6 7/15/6
f 11/16/7 30/17/7 12/18/7
f 30/19/8 10/20/8 12/21/8
f 31/22/9 15/23/9 14/24/9
f 33/25/10 13/26/10 15/23/10
f 34/27/11 18/28/11 17/29/11
f 36/30/12 16/31/12 18/28/12
f 37/32/13 21/33/13 19/1/13
f 21/33/14 38/34/14 20/4/14
f 22/35/15 42/36/15 24/7/15
f 24/7/16 41/37/16 23/9/16
f 25/38/17 45/39/17 27/12/17
f 27/12/18 44/40/18 26/14/18
f 28/41/19 48/42/19 30/17/19
f 48/43/20 29/44/20 30/19/20
f 49/45/21 33/25/21 31/22/21
f 51/46/22 32/47/22 33/25/22
f 52/48/23 36/30/23 34/27/23
f 54/49/24 35/50/24 36/30/24
f 55/51/25 39/52/25 37/32/25
f 39/52/26 56/53/26 38/34/26
f 40/54/27 60/55/27 42/36/27
f 42/36/28 59/56/28 41/37/28
f 43/57/29 63/58/29 45/39/29
f 45/39/30 62/59/30 44/40/30
f 46/60/31 66/61/31 48/42/31
f 66/62/32 47/63/32 48/43/32
f 67/64/33 51/46/33 49/45/33
f 69/65/34 50/66/34 51/46/34
f 70/67/35 54/49/35 52/48/35
f 72/68/36 53/69/36 54/49/36
f 73/70/37 57/71/37 55/51/37
f 57/71/38 74/72/38 56/53/38
f 58/73/39 78/74/39 60/55/39
f 60/55/40 77/75/40 59/56/40
f 61/76/41 81/77/41 63/58/41
f 63/58/42 80/78/42 62/59/42
f 64/79/43 84/80/43 66/61/43
f 84/81/44 65/82/44 66/62/44
f 85/83/45 69/65/45 67/64/45
f 87/84/46 68/85/46 69/65/46
f 88/86/47 72/68/47 70/67/47
f 90/87/48 71/88/48 72/68/48
f 73/70/49 93/89/49 75/90/49
f 93/89/50 74/72/50 75/90/50
f 94/91/51 78/74/51 76/92/51
f 96/93/52 77/75/52 78/74/52
f 97/94/53 81/77/53 79/95/53
f 99/96/54 80/78/54 81/77/54
f 100/97/55 84/80/55 82/98/55
f 84/81/56 101/99/56 83/100/56
f 85/83/57 105/101/57 87/84/57
f 87/84/58 104/102/58 86/103/58
f 88/86/59 108/104/59 90/87/59
f 90/87/60 107/105/60 89/106/60
f 91/107/61 111/108/61 93/89/61
f 111/108/62 92/109/62 93/89/62
f 112/110/63 96/93/63 94/91/63
f 114/111/64 95/112/64 96/93/64
f 115/113/65 99/96/65 97/94/65
f 117/114/66 98/115/66 99/96/66
f 118/116/67 102/117/67 100/97/67
f 102/118/68 119/119/68 101/99/68
f 103/120/69 123/121/69 105/101/69
f 105/101/70 122/122/70 104/102/70
f 106/123/71 126/124/71 108/104/71
f 108/104/72 125/125/72 107/105/72
f 109/126/73 129/127/73 111/108/73
f 129/127/74 110/128/74 111/108/74
f 130/129/75 114/111/75 112/110/75
f 132/130/76 113/131/76 114/111/76
f 133/132/77 117/114/77 115/113/77
f 135/133/78 116/134/78 117/114/78
f 136/135/79 120/136/79 118/116/79
f 120/137/80 137/138/80 119/119/80
f 121/139/81 141/140/81 123/121/81
f 123/121/82 140/141/82 122/122/82
f 124/142/83 144/143/83 126/124/83
f 126/124/84 143/144/84 125/125/84
f 127/145/85 147/146/85 129/127/85
f 147/146/86 128/147/86 129/127/86
f 148/148/87 132/130/87 130/129/87
f 150/149/88 131/150/88 132/130/88
f 151/151/89 135/133/89 133/132/89
f 153/152/90 134/153/90 135/133/90
f 154/154/91 138/155/91 136/135/91
f 138/156/92 155/157/92 137/138/92
f 139/158/93 159/159/93 141/140/93
f 141/140/94 158/160/94 140/141/94
f 142/161/95 162/162/95 144/143/95
f 144/143/96 161/163/96 143/144/96
f 163/164/8 147/165/8 145/166/8
f 147/165/7 164/167/7 146/168/7
f 148/169/6 168/170/6 150/171/6
f 150/171/5 167/172/5 149/173/5
f 151/174/4 171/175/4 153/176/4
f 153/176/3 170/177/3 152/178/3
f 154/179/2 174/180/2 156/181/2
f 174/182/1 155/183/1 156/184/1
f 175/185/12 159/186/12 157/187/12
f 177/188/11 158/189/11 159/186/11
f 178/190/10 162/191/10 160/192/10
f 180/193/9 161/194/9 162/191/9
f 181/195/20 165/196/20 163/164/20
f 165/196/19 182/197/19 164/167/19
f 166/198/18 186/199/18 168/170/18
f 168/170/17 185/200/17 167/172/17
f 169/201/16 189/202/16 171/175/16
f 171/175/15 188/203/15 170/177/15
f 172/204/14 192/205/14 174/180/14
f 192/206/13 173/207/13 174/182/13
f 193/208/24 177/188/24 175/185/24
f 195/209/23 176/210/23 177/188/23
f 196/211/22 180/193/22 178/190/22
f 198/212/21 179/213/21 180/193/21
f 199/214/32 183/215/32 181/195/32
f 183/215/31 200/216/31 182/197/31
f 184/217/30 204/218/30 186/199/30
f 186/199/29 203/219/29 185/200/29
f 187/220/28 207/221/28 189/202/28
f 189/202/27 206/222/27 188/203/27
f 190/223/26 210/224/26 192/205/26
f 210/225/25 191/226/25 192/206/25
f 211/227/36 195/209/36 193/208/36
f 213/228/35 194/229/35 195/209/35
f 214/230/34 198/212/34 196/211/34
f 216/231/33 197/232/33 198/212/33
f 217/233/44 201/234/44 199/214/44
f 201/234/43 218/235/43 200/216/43
f 202/236/42 222/237/42 204/218/42
f 204/218/41 221/238/41 203/219/41
f 205/239/40 225/240/40 207/221/40
f 207/221/39 224/241/39 206/222/39
f 208/242/38 228/243/38 210/224/38
f 228/244/37 209/245/37 210/225/37
f 229/246/48 213/228/48 211/227/48
f 231/247/47 212/248/47 213/228/47
f 232/249/46 216/231/46 214/230/46
f 234/250/45 215/251/45 216/231/45
f 217/233/56 237/252/56 219/253/56
f 237/252/55 218/235/55 219/253/55
f 238/254/54 222/237/54 220/255/54
f 240/256/53 221/238/53 222/237/53
f 241/257/52 225/240/52 223/258/52
f 243/259/51 224/241/51 225/240/51
f 244/260/50 228/243/50 226/261/50
f 228/244/49 245/262/49 227/263/49
f 229/246/60 249/264/60 231/247/60
f 231/247/59 248/265/59 230/266/59
f 232/249/58 252/267/58 234/250/58
f 234/250/57 251/268/57 233/269/57
f 235/270/68 255/271/68 237/252/68
f 255/271/67 236/272/67 237/252/67
f 256/273/66 240/256/66 238/254/66
f 258/274/65 239/275/65 240/256/65
f 259/276/64 243/259/64 241/257/64
f 261/277/63 242/278/63 243/259/63
f 262/279/62 246/280/62 244/260/62
f 246/281/61 263/282/61 245/262/61
f 247/283/72 267/284/72 249/264/72
f 249/264/71 266/285/71 248/265/71
f 250/286/70 270/287/70 252/267/70
f 252/267/69 269/288/69 251/268/69
f 253/289/97 273/290/97 255/271/97
f 273/290/79 254/291/79 255/271/79
f 274/292/78 258/274/78 256/273/78
f 276/293/77 257/294/77 258/274/77
f 277/295/76 261/277/76 259/276/76
f 279/296/75 260/297/75 261/277/75
f 280/298/74 264/299/74 262/279/74
f 264/300/73 281/301/73 263/282/73
f 265/302/84 285/303/84 267/284/84
f 267/284/83 284/304/83 266/285/83
f 268/305/82 288/306/82 270/287/82
f 270/287/81 287/307/81 269/288/81
f 272/308/91 3/2/91 1/5/91
f 3/2/92 271/309/92 2/3/92
f 275/310/89 6/8/89 4/10/89
f 276/293/90 5/6/90 6/8/90
f 278/311/98 9/13/98 7/15/98
f 279/296/88 8/11/88 9/13/88
f 10/20/85 282/312/85 12/21/85
f 282/313/86 11/16/86 12/18/86
f 13/26/95 285/303/95 15/23/95
f 15/23/96 283/314/96 14/24/96
f 16/31/93 288/306/93 18/28/93
f 18/28/94 286/315/94 17/29/94
f 1/5/99 274/292/99 272/308/99
f 1/5/100 22/35/100 5/6/100
f 35/50/101 2/3/101 16/31/101
f 287/307/102 2/3/102 271/309/102
f 4/10/103 25/38/103 8/11/103
f 4/10/103 277/295/103 275/310/103
f 7/15/104 28/41/104 11/16/104
f 7/15/105 280/298/105 278/311/105
f 29/44/106 14/24/106 10/20/106
f 281/301/107 14/24/107 283/314/107
f 32/47/108 17/29/108 13/26/108
f 284/304/108 17/29/108 286/315/108
f 53/69/109 19/1/109 35/50/109
f 20/4/110 40/54/110 22/35/110
f 23/9/103 43/57/103 25/38/103
f 26/14/111 46/60/111 28/41/111
f 47/63/112 31/22/112 29/44/112
f 50/66/108 34/27/108 32/47/108
f 71/88/113 37/32/113 53/69/113
f 38/34/114 58/73/114 40/54/114
f 41/37/103 61/76/103 43/57/103
f 44/40/115 64/79/115 46/60/115
f 65/82/116 49/45/116 47/63/116
f 68/85/108 52/48/108 50/66/108
f 89/106/117 55/51/117 71/88/117
f 56/53/118 76/92/118 58/73/118
f 59/56/103 79/95/103 61/76/103
f 62/59/119 82/98/119 64/79/119
f 83/100/120 67/64/120 65/82/120
f 86/103/108 70/67/108 68/85/108
f 89/106/121 91/107/121 73/70/121
f 92/109/122 76/92/122 74/72/122
f 95/112/103 79/95/103 77/75/103
f 98/115/123 82/98/123 80/78/123
f 83/100/124 103/120/124 85/83/124
f 86/103/108 106/123/108 88/86/108
f 107/105/125 109/126/125 91/107/125
f 110/128/126 94/91/126 92/109/126
f 113/131/103 97/94/103 95/112/103
f 116/134/127 100/97/127 98/115/127
f 101/99/128 121/139/128 103/120/128
f 104/102/108 124/142/108 106/123/108
f 125/125/129 127/145/129 109/126/129
f 128/147/130 112/110/130 110/128/130
f 131/150/103 115/113/103 113/131/103
f 134/153/131 118/116/131 116/134/131
f 119/119/132 139/158/132 121/139/132
f 122/122/108 142/161/108 124/142/108
f 143/144/107 145/316/107 127/145/107
f 146/317/105 130/129/105 128/147/105
f 149/318/103 133/132/103 131/150/103
f 152/319/99 136/135/99 134/153/99
f 137/138/102 157/320/102 139/158/102
f 140/141/108 160/321/108 142/161/108
f 179/213/106 145/166/106 161/194/106
f 146/168/104 166/198/104 148/169/104
f 149/173/103 169/201/103 151/174/103
f 152/178/100 172/204/100 154/179/100
f 173/207/101 157/187/101 155/183/101
f 176/210/108 160/192/108 158/189/108
f 197/232/112 163/164/112 179/213/112
f 164/167/111 184/217/111 166/198/111
f 167/172/103 187/220/103 169/201/103
f 170/177/110 190/223/110 172/204/110
f 191/226/109 175/185/109 173/207/109
f 194/229/108 178/190/108 176/210/108
f 215/251/116 181/195/116 197/232/116
f 182/197/115 202/236/115 184/217/115
f 185/200/103 205/239/103 187/220/103
f 188/203/114 208/242/114 190/223/114
f 209/245/113 193/208/113 191/226/113
f 212/248/108 196/211/108 194/229/108
f 233/269/120 199/214/120 215/251/120
f 200/216/119 220/255/119 202/236/119
f 203/219/103 223/258/103 205/239/103
f 206/222/118 226/261/118 208/242/118
f 227/263/117 211/227/117 209/245/117
f 230/266/108 214/230/108 212/248/108
f 233/269/124 235/270/124 217/233/124
f 236/272/123 220/255/123 218/235/123
f 239/275/103 223/258/103 221/238/103
f 242/278/122 226/261/122 224/241/122
f 227/263/121 247/283/121 229/246/121
f 230/266/108 250/286/108 232/249/108
f 251/268/128 253/289/128 235/270/128
f 254/291/127 238/254/127 236/272/127
f 257/294/103 241/257/103 239/275/103
f 260/297/126 244/260/126 242/278/126
f 245/262/125 265/302/125 247/283/125
f 248/265/108 268/305/108 250/286/108
f 269/288/132 271/309/132 253/289/132
f 272/308/131 256/273/131 254/291/131
f 275/310/103 259/276/103 257/294/103
f 278/311/130 262/279/130 260/297/130
f 263/282/129 283/314/129 265/302/129
f 266/285/108 286/315/108 268/305/108
f 289/322/133 293/323/133 295/324/133
f 294/325/134 292/326/134 290/327/134
f 291/328/135 293/329/135 294/330/135
f 299/331/136 302/332/136 296/333/136
f 297/334/137 300/335/137 299/336/137
f 298/337/138 300/338/138 301/339/138
f 303/340/139 307/341/139 309/342/139
f 304/343/140 307/344/140 306/345/140
f 309/346/141 308/347/141 305/348/141
f 310/349/142 314/350/142 316/351/142
f 315/352/143 313/353/143 311/354/143
f 312/355/144 314/356/144 315/352/144
f 317/357/145 321/358/145 323/359/145
f 318/360/146 321/358/146 320/361/146
f 323/359/147 322/362/147 319/363/147
f 324/364/148 328/365/148 330/366/148
f 329/367/149 327/368/149 325/369/149
f 326/370/150 328/365/150 329/367/150
f 331/371/151 335/372/151 337/373/151
f 336/374/152 334/375/152 332/376/152
f 333/377/153 335/372/153 336/374/153
f 338/378/154 342/379/154 344/380/154
f 339/381/155 342/379/155 341/382/155
f 344/380/156 343/383/156 340/384/156
f 289/322/157 306/385/157 303/340/157
f 306/345/158 291/328/158 304/343/158
f 296/333/159 294/325/159 290/327/159
f 294/330/160 298/337/160 291/328/160
f 310/349/161 301/386/161 297/334/161
f 301/339/162 312/355/162 298/337/162
f 305/348/163 315/352/163 311/354/163
f 315/352/164 304/343/164 312/355/164
f 331/371/165 309/342/165 334/375/165
f 309/346/166 332/376/166 334/375/166
f 338/378/167 313/387/167 310/349/167
f 313/353/168 340/384/168 311/354/168
f 333/377/169 343/383/169 339/381/169
f 343/383/170 332/376/170 340/384/170
f 331/371/171 320/361/171 317/357/171
f 337/373/172 318/360/172 320/361/172
f 338/378/173 330/366/173 341/382/173
f 341/382/174 326/370/174 339/381/174
f 325/369/175 322/362/175 329/367/175
f 322/362/176 326/370/176 329/367/176
f 317/357/177 292/388/177 289/322/177
f 323/359/178 290/327/178 292/326/178
f 297/334/179 327/368/179 324/364/179
f 327/368/180 296/333/180 325/369/180
f 331/371/181 289/322/181 303/340/181
f 291/328/182 312/355/182 304/343/182
f 325/369/183 290/327/183 319/363/183
f 310/349/184 324/364/184 338/378/184
f 311/354/185 332/376/185 305/348/185
f 339/381/186 318/360/186 333/377/186
f 499/322/332 503/323/332 505/324/332
f 504/325/333 502/326/333 500/584/333
f 501/585/334 503/329/334 504/330/334
f 509/331/335 512/332/335 506/586/335
f 507/334/336 510/335/336 509/336/336
f 508/587/337 510/338/337 511/339/337
f 513/588/338 517/341/338 519/342/338
f 514/589/339 517/344/339 516/345/339
f 519/346/340 518/347/340 515/590/340
f 520/349/341 524/350/341 526/351/341
f 525/352/342 523/353/342 521/591/342
f 522/592/343 524/356/343 525/352/343
f 527/593/344 531/358/344 533/359/344
f 528/360/345 531/358/345 530/594/345
f 533/359/346 532/595/346 529/596/346
f 534/364/347 538/365/347 540/597/347
f 539/367/348 537/598/348 535/369/348
f 536/370/349 538/365/349 539/367/349
f 541/599/350 545/372/350 547/373/350
f 546/374/351 544/375/351 542/600/351
f 543/601/352 545/372/352 546/374/352
f 548/602/353 552/379/353 554/603/353
f 549/604/354 552/379/354 551/382/354
f 554/603/355 553/383/355 550/384/355
f 513/588/356 505/324/356 516/385/356
f 505/605/357 514/589/357 516/345/357
f 500/584/358 512/332/358 504/325/358
f 512/606/359 501/585/359 504/330/359
f 520/349/360 511/386/360 507/334/360
f 511/339/361 522/592/361 508/587/361
f 521/591/362 518/347/362 525/352/362
f 525/352/363 514/589/363 522/592/363
f 513/588/364 544/375/364 541/599/364
f 519/346/365 542/600/365 544/375/365
f 548/602/366 523/387/366 520/349/366
f 523/353/367 550/384/367 521/591/367
f 543/601/368 553/383/368 549/604/368
f 546/374/369 550/384/369 553/383/369
f 527/593/370 547/373/370 530/594/370
f 547/373/371 528/360/371 530/594/371
f 534/364/372 551/382/372 548/602/372
f 540/597/373 549/604/373 551/382/373
f 535/369/374 532/595/374 539/367/374
f 539/367/375 528/360/375 536/370/375
f 499/322/376 533/359/376 502/388/376
f 533/359/377 500/584/377 502/326/377
f 534/364/378 509/336/378 537/598/378
f 537/598/379 506/586/379 535/369/379
f 513/588/380 527/593/380 499/322/380
f 508/587/381 514/589/381 501/585/381
f 535/369/382 500/584/382 529/596/382
f 520/349/383 534/364/383 548/602/383
f 521/591/384 542/600/384 515/590/384
f 549/604/385 528/360/385 543/601/385
f 765/620/455 769/323/455 771/324/455
f 766/584/456 769/621/456 768/326/456
f 771/605/457 770/330/457 767/622/457
f 772/586/458 776/623/458 778/332/458
f 773/631/459 776/335/459 775/336/459
f 778/606/460 777/339/460 774/587/460
f 779/588/461 783/341/461 785/342/461
f 784/632/462 782/345/462 780/589/462
f 781/625/463 783/344/463 784/632/463
f 786/349/464 790/350/464 792/351/464
f 787/591/465 790/356/465 789/353/465
f 792/627/466 791/352/466 788/633/466
f 793/593/467 797/358/467 799/359/467
f 798/595/468 796/594/468 794/628/468
f 795/596/469 797/358/469 798/595/469
f 800/364/470 804/365/470 806/629/470
f 801/369/471 804/365/471 803/598/471
f 806/629/472 805/367/472 802/630/472
f 807/599/473 811/372/473 813/373/473
f 808/600/474 811/372/474 810/375/474
f 813/373/475 812/374/475 809/601/475
f 814/602/476 818/379/476 820/380/476
f 819/383/477 817/382/477 815/604/477
f 816/634/478 818/379/478 819/383/478
f 779/588/479 771/324/479 782/385/479
f 782/345/480 767/622/480 780/589/480
f 772/586/481 770/325/481 766/584/481
f 778/606/482 767/622/482 770/330/482
f 786/349/483 777/386/483 773/631/483
f 777/339/484 788/633/484 774/587/484
f 781/625/485 791/352/485 787/591/485
f 791/352/486 780/589/486 788/633/486
f 807/599/487 785/342/487 810/375/487
f 785/346/488 808/600/488 810/375/488
f 814/602/489 789/387/489 786/349/489
f 820/380/490 787/591/490 789/353/490
f 809/601/491 819/383/491 815/604/491
f 819/383/492 808/600/492 816/634/492
f 807/599/493 796/594/493 793/593/493
f 813/373/494 794/628/494 796/594/494
f 814/602/495 806/629/495 817/382/495
f 806/629/496 815/604/496 817/382/496
f 801/369/497 798/595/497 805/367/497
f 798/595/498 802/630/498 805/367/498
f 793/593/499 768/388/499 765/620/499
f 768/326/500 795/596/500 766/584/500
f 800/364/501 775/336/501 803/598/501
f 803/598/502 772/586/502 801/369/502
f 807/599/503 765/620/503 779/588/503
f 767/622/504 788/633/504 780/589/504
f 801/369/505 766/584/505 795/596/505
f 786/349/506 800/364/506 814/602/506
f 787/591/507 808/600/507 781/625/507
f 815/604/508 794/628/508 809/601/508
f 19/1/1 21/33/1 3/2/1
f 3/2/2 21/33/2 20/4/2
f 5/6/3 22/35/3 24/7/3
f 6/8/4 24/7/4 23/9/4
f 8/11/5 25/38/5 27/12/5
f 9/13/6 27/12/6 26/14/6
f 11/16/7 28/41/7 30/17/7
f 30/19/8 29/44/8 10/20/8
f 31/22/9 33/25/9 15/23/9
f 33/25/10 32/47/10 13/26/10
f 34/27/11 36/30/11 18/28/11
f 36/30/12 35/50/12 16/31/12
f 37/32/13 39/52/13 21/33/13
f 21/33/14 39/52/14 38/34/14
f 22/35/15 40/54/15 42/36/15
f 24/7/16 42/36/16 41/37/16
f 25/38/17 43/57/17 45/39/17
f 27/12/18 45/39/18 44/40/18
f 28/41/19 46/60/19 48/42/19
f 48/43/20 47/63/20 29/44/20
f 49/45/21 51/46/21 33/25/21
f 51/46/22 50/66/22 32/47/22
f 52/48/23 54/49/23 36/30/23
f 54/49/24 53/69/24 35/50/24
f 55/51/25 57/71/25 39/52/25
f 39/52/26 57/71/26 56/53/26
f 40/54/654 58/73/654 60/55/654
f 42/36/28 60/55/28 59/56/28
f 43/57/29 61/76/29 63/58/29
f 45/39/30 63/58/30 62/59/30
f 46/60/31 64/79/31 66/61/31
f 66/62/32 65/82/32 47/63/32
f 67/64/655 69/65/655 51/46/655
f 69/65/34 68/85/34 50/66/34
f 70/67/35 72/68/35 54/49/35
f 72/68/36 71/88/36 53/69/36
f 73/70/37 75/90/37 57/71/37
f 57/71/38 75/90/38 74/72/38
f 58/73/39 76/92/39 78/74/39
f 60/55/40 78/74/40 77/75/40
f 61/76/41 79/95/41 81/77/41
f 63/58/42 81/77/42 80/78/42
f 64/79/43 82/98/43 84/80/43
f 84/81/44 83/100/44 65/82/44
f 85/83/45 87/84/45 69/65/45
f 87/84/46 86/103/46 68/85/46
f 88/86/47 90/87/47 72/68/47
f 90/87/48 89/106/48 71/88/48
f 73/70/49 91/107/49 93/89/49
f 93/89/50 92/109/50 74/72/50
f 94/91/656 96/93/656 78/74/656
f 96/93/52 95/112/52 77/75/52
f 97/94/53 99/96/53 81/77/53
f 99/96/54 98/115/54 80/78/54
f 100/97/55 102/117/55 84/80/55
f 84/81/56 102/118/56 101/99/56
f 85/83/57 103/120/57 105/101/57
f 87/84/58 105/101/58 104/102/58
f 88/86/59 106/123/59 108/104/59
f 90/87/60 108/104/60 107/105/60
f 91/107/61 109/126/61 111/108/61
f 111/108/62 110/128/62 92/109/62
f 112/110/63 114/111/63 96/93/63
f 114/111/64 113/131/64 95/112/64
f 115/113/65 117/114/65 99/96/65
f 117/114/66 116/134/66 98/115/66
f 118/116/67 120/136/67 102/117/67
f 102/118/68 120/137/68 119/119/68
f 103/120/69 121/139/69 123/121/69
f 105/101/70 123/121/70 122/122/70
f 106/123/71 124/142/71 126/124/71
f 108/104/72 126/124/72 125/125/72
f 109/126/73 127/145/73 129/127/73
f 129/127/74 128/147/74 110/128/74
f 130/129/75 132/130/75 114/111/75
f 132/130/76 131/150/76 113/131/76
f 133/132/77 135/133/77 117/114/77
f 135/133/78 134/153/78 116/134/78
f 136/135/79 138/155/79 120/136/79
f 120/137/80 138/156/80 137/138/80
f 121/139/81 139/158/81 141/140/81
f 123/121/82 141/140/82 140/141/82
f 124/142/83 142/161/83 144/143/83
f 126/124/84 144/143/84 143/144/84
f 127/145/85 145/316/85 147/146/85
f 147/146/86 146/317/86 128/147/86
f 148/148/87 150/149/87 132/130/87
f 150/149/88 149/318/88 131/150/88
f 151/151/89 153/152/89 135/133/89
f 153/152/90 152/319/90 134/153/90
f 154/154/91 156/914/91 138/155/91
f 138/156/92 156/779/92 155/157/92
f 139/158/657 157/320/657 159/159/657
f 141/140/94 159/159/94 158/160/94
f 142/161/95 160/321/95 162/162/95
f 144/143/96 162/162/96 161/163/96
f 163/164/8 165/196/8 147/165/8
f 147/165/7 165/196/7 164/167/7
f 148/169/6 166/198/6 168/170/6
f 150/171/5 168/170/5 167/172/5
f 151/174/4 169/201/4 171/175/4
f 153/176/3 171/175/3 170/177/3
f 154/179/2 172/204/2 174/180/2
f 174/182/1 173/207/1 155/183/1
f 175/185/12 177/188/12 159/186/12
f 177/188/11 176/210/11 158/189/11
f 178/190/10 180/193/10 162/191/10
f 180/193/9 179/213/9 161/194/9
f 181/195/20 183/215/20 165/196/20
f 165/196/19 183/215/19 182/197/19
f 166/198/18 184/217/18 186/199/18
f 168/170/17 186/199/17 185/200/17
f 169/201/16 187/220/16 189/202/16
f 171/175/15 189/202/15 188/203/15
f 172/204/14 190/223/14 192/205/14
f 192/206/13 191/226/13 173/207/13
f 193/208/24 195/209/24 177/188/24
f 195/209/23 194/229/23 176/210/23
f 196/211/22 198/212/22 180/193/22
f 198/212/21 197/232/21 179/213/21
f 199/214/32 201/234/32 183/215/32
f 183/215/31 201/234/31 200/216/31
f 184/217/30 202/236/30 204/218/30
f 186/199/29 204/218/29 203/219/29
f 187/220/28 205/239/28 207/221/28
f 189/202/654 207/221/654 206/222/654
f 190/223/26 208/242/26 210/224/26
f 210/225/25 209/245/25 191/226/25
f 211/227/36 213/228/36 195/209/36
f 213/228/35 212/248/35 194/229/35
f 214/230/34 216/231/34 198/212/34
f 216/231/33 215/251/33 197/232/33
f 217/233/44 219/253/44 201/234/44
f 201/234/43 219/253/43 218/235/43
f 202/236/42 220/255/42 222/237/42
f 204/218/41 222/237/41 221/238/41
f 205/239/40 223/258/40 225/240/40
f 207/221/39 225/240/39 224/241/39
f 208/242/38 226/261/38 228/243/38
f 228/244/37 227/263/37 209/245/37
f 229/246/48 231/247/48 213/228/48
f 231/247/47 230/266/47 212/248/47
f 232/249/46 234/250/46 216/231/46
f 234/250/45 233/269/45 215/251/45
f 217/233/56 235/270/56 237/252/56
f 237/252/55 236/272/55 218/235/55
f 238/254/54 240/256/54 222/237/54
f 240/256/53 239/275/53 221/238/53
f 241/257/52 243/259/52 225/240/52
f 243/259/656 242/278/656 224/241/656
f 244/260/50 246/280/50 228/243/50
f 228/244/49 246/281/49 245/262/49
f 229/246/60 247/283/60 249/264/60
f 231/247/59 249/264/59 248/265/59
f 232/249/58 250/286/58 252/267/58
f 234/250/658 252/267/658 251/268/658
f 235/270/68 253/289/68 255/271/68
f 255/271/67 254/291/67 236/272/67
f 256/273/66 258/274/66 240/256/66
f 258/274/65 257/294/65 239/275/65
f 259/276/64 261/277/64 243/259/64
f 261/277/63 260/297/63 242/278/63
f 262/279/62 264/299/62 246/280/62
f 246/281/61 264/300/61 263/282/61
f 247/283/659 265/302/659 267/284/659
f 249/264/71 267/284/71 266/285/71
f 250/286/70 268/305/70 270/287/70
f 252/267/69 270/287/69 269/288/69
f 253/289/80 271/309/80 273/290/80
f 273/290/79 272/308/79 254/291/79
f 274/292/78 276/293/78 258/274/78
f 276/293/660 275/310/660 257/294/660
f 277/295/76 279/296/76 261/277/76
f 279/296/75 278/311/75 260/297/75
f 280/298/74 282/313/74 264/299/74
f 264/300/73 282/312/73 281/301/73
f 265/302/84 283/314/84 285/303/84
f 267/284/83 285/303/83 284/304/83
f 268/305/82 286/315/82 288/306/82
f 270/287/81 288/306/81 287/307/81
f 272/308/91 273/290/91 3/2/91
f 3/2/92 273/290/92 271/309/92
f 275/310/89 276/293/89 6/8/89
f 276/293/90 274/292/90 5/6/90
f 278/311/87 279/296/87 9/13/87
f 279/296/88 277/295/88 8/11/88
f 10/20/85 281/301/85 282/312/85
f 282/313/86 280/298/86 11/16/86
f 13/26/95 284/304/95 285/303/95
f 15/23/96 285/303/96 283/314/96
f 16/31/93 287/307/93 288/306/93
f 18/28/94 288/306/94 286/315/94
f 1/5/99 5/6/99 274/292/99
f 1/5/100 20/4/100 22/35/100
f 35/50/101 19/1/101 2/3/101
f 287/307/102 16/31/102 2/3/102
f 4/10/103 23/9/103 25/38/103
f 4/10/103 8/11/103 277/295/103
f 7/15/104 26/14/104 28/41/104
f 7/15/105 11/16/105 280/298/105
f 29/44/106 31/22/106 14/24/106
f 281/301/107 10/20/107 14/24/107
f 32/47/108 34/27/108 17/29/108
f 284/304/108 13/26/108 17/29/108
f 53/69/109 37/32/109 19/1/109
f 20/4/110 38/34/110 40/54/110
f 23/9/103 41/37/103 43/57/103
f 26/14/111 44/40/111 46/60/111
f 47/63/112 49/45/112 31/22/112
f 50/66/108 52/48/108 34/27/108
f 71/88/113 55/51/113 37/32/113
f 38/34/114 56/53/114 58/73/114
f 41/37/103 59/56/103 61/76/103
f 44/40/115 62/59/115 64/79/115
f 65/82/116 67/64/116 49/45/116
f 68/85/108 70/67/108 52/48/108
f 89/106/117 73/70/117 55/51/117
f 56/53/661 74/72/661 76/92/661
f 59/56/103 77/75/103 79/95/103
f 62/59/119 80/78/119 82/98/119
f 83/100/120 85/83/120 67/64/120
f 86/103/108 88/86/108 70/67/108
f 89/106/121 107/105/121 91/107/121
f 92/109/122 94/91/122 76/92/122
f 95/112/103 97/94/103 79/95/103
f 98/115/123 100/97/123 82/98/123
f 83/100/124 101/99/124 103/120/124
f 86/103/108 104/102/108 106/123/108
f 107/105/125 125/125/125 109/126/125
f 110/128/126 112/110/126 94/91/126
f 113/131/103 115/113/103 97/94/103
f 116/134/127 118/116/127 100/97/127
f 101/99/128 119/119/128 121/139/128
f 104/102/108 122/122/108 124/142/108
f 125/125/129 143/144/129 127/145/129
f 128/147/130 130/129/130 112/110/130
f 131/150/103 133/132/103 115/113/103
f 134/153/131 136/135/131 118/116/131
f 119/119/132 137/138/132 139/158/132
f 122/122/108 140/141/108 142/161/108
f 143/144/107 161/163/107 145/316/107
f 146/317/105 148/148/105 130/129/105
f 149/318/103 151/151/103 133/132/103
f 152/319/99 154/154/99 136/135/99
f 137/138/102 155/157/102 157/320/102
f 140/141/108 158/160/108 160/321/108
f 179/213/106 163/164/106 145/166/106
f 146/168/104 164/167/104 166/198/104
f 149/173/103 167/172/103 169/201/103
f 152/178/100 170/177/100 172/204/100
f 173/207/101 175/185/101 157/187/101
f 176/210/108 178/190/108 160/192/108
f 197/232/112 181/195/112 163/164/112
f 164/167/111 182/197/111 184/217/111
f 167/172/103 185/200/103 187/220/103
f 170/177/110 188/203/110 190/223/110
f 191/226/109 193/208/109 175/185/109
f 194/229/108 196/211/108 178/190/108
f 215/251/116 199/214/116 181/195/116
f 182/197/115 200/216/115 202/236/115
f 185/200/103 203/219/103 205/239/103
f 188/203/114 206/222/114 208/242/114
f 209/245/113 211/227/113 193/208/113
f 212/248/108 214/230/108 196/211/108
f 233/269/662 217/233/662 199/214/662
f 200/216/119 218/235/119 220/255/119
f 203/219/103 221/238/103 223/258/103
f 206/222/118 224/241/118 226/261/118
f 227/263/117 229/246/117 211/227/117
f 230/266/108 232/249/108 214/230/108
f 233/269/124 251/268/124 235/270/124
f 236/272/123 238/254/123 220/255/123
f 239/275/103 241/257/103 223/258/103
f 242/278/122 244/260/122 226/261/122
f 227/263/121 245/262/121 247/283/121
f 230/266/108 248/265/108 250/286/108
f 251/268/128 269/288/128 253/289/128
f 254/291/127 256/273/127 238/254/127
f 257/294/103 259/276/103 241/257/103
f 260/297/126 262/279/126 244/260/126
f 245/262/125 263/282/125 265/302/125
f 248/265/108 266/285/108 268/305/108
f 269/288/132 287/307/132 271/309/132
f 272/308/131 274/292/131 256/273/131
f 275/310/103 277/295/103 259/276/103
f 278/311/130 280/298/130 262/279/130
f 263/282/129 281/301/129 283/314/129
f 266/285/108 284/304/108 286/315/108
f 289/322/663 292/388/663 293/323/663
f 294/325/664 293/621/664 292/326/664
f 291/328/665 295/605/665 293/329/665
f 299/331/666 300/623/666 302/332/666
f 297/334/667 301/386/667 300/335/667
f 298/337/668 302/606/668 300/338/668
f 303/340/669 306/385/669 307/341/669
f 304/343/670 308/347/670 307/344/670
f 309/346/671 307/344/671 308/347/671
f 310/349/672 313/387/672 314/350/672
f 315/352/673 314/356/673 313/353/673
f 312/355/674 316/627/674 314/356/674
f 317/357/675 320/361/675 321/358/675
f 318/360/676 322/362/676 321/358/676
f 323/359/677 321/358/677 322/362/677
f 324/364/678 327/368/678 328/365/678
f 329/367/679 328/365/679 327/368/679
f 326/370/680 330/366/680 328/365/680
f 331/371/681 334/375/681 335/372/681
f 336/374/682 335/372/682 334/375/682
f 333/377/683 337/373/683 335/372/683
f 338/378/684 341/382/684 342/379/684
f 339/381/685 343/383/685 342/379/685
f 344/380/686 342/379/686 343/383/686
f 289/322/157 295/324/157 306/385/157
f 306/345/687 295/605/687 291/328/687
f 296/333/159 302/332/159 294/325/159
f 294/330/160 302/606/160 298/337/160
f 310/349/161 316/351/161 301/386/161
f 301/339/688 316/627/688 312/355/688
f 305/348/163 308/347/163 315/352/163
f 315/352/164 308/347/164 304/343/164
f 331/371/165 303/340/165 309/342/165
f 309/346/166 305/348/166 332/376/166
f 338/378/167 344/380/167 313/387/167
f 313/353/168 344/380/168 340/384/168
f 333/377/169 336/374/169 343/383/169
f 343/383/170 336/374/170 332/376/170
f 331/371/171 337/373/171 320/361/171
f 337/373/172 333/377/172 318/360/172
f 338/378/173 324/364/173 330/366/173
f 341/382/689 330/366/689 326/370/689
f 325/369/175 319/363/175 322/362/175
f 322/362/176 318/360/176 326/370/176
f 317/357/177 323/359/177 292/388/177
f 323/359/178 319/363/178 290/327/178
f 297/334/179 299/336/179 327/368/179
f 327/368/180 299/331/180 296/333/180
f 331/371/181 317/357/181 289/322/181
f 291/328/182 298/337/182 312/355/182
f 325/369/183 296/333/183 290/327/183
f 310/349/184 297/334/184 324/364/184
f 311/354/690 340/384/690 332/376/690
f 339/381/186 326/370/186 318/360/186
f 499/322/758 502/388/758 503/323/758
f 504/325/759 503/621/759 502/326/759
f 501/585/760 505/605/760 503/329/760
f 509/331/761 510/623/761 512/332/761
f 507/334/762 511/386/762 510/335/762
f 508/587/763 512/606/763 510/338/763
f 513/588/764 516/385/764 517/341/764
f 514/589/765 518/347/765 517/344/765
f 519/346/766 517/344/766 518/347/766
f 520/349/767 523/387/767 524/350/767
f 525/352/768 524/356/768 523/353/768
f 522/592/769 526/627/769 524/356/769
f 527/593/770 530/594/770 531/358/770
f 528/360/771 532/595/771 531/358/771
f 533/359/772 531/358/772 532/595/772
f 534/364/773 537/598/773 538/365/773
f 539/367/774 538/365/774 537/598/774
f 536/370/775 540/597/775 538/365/775
f 541/599/776 544/375/776 545/372/776
f 546/374/777 545/372/777 544/375/777
f 543/601/778 547/373/778 545/372/778
f 548/602/779 551/382/779 552/379/779
f 549/604/780 553/383/780 552/379/780
f 554/603/781 552/379/781 553/383/781
f 513/588/782 499/322/782 505/324/782
f 505/605/357 501/585/357 514/589/357
f 500/584/358 506/586/358 512/332/358
f 512/606/359 508/587/359 501/585/359
f 520/349/783 526/351/783 511/386/783
f 511/339/361 526/627/361 522/592/361
f 521/591/362 515/590/362 518/347/362
f 525/352/363 518/347/363 514/589/363
f 513/588/784 519/342/784 544/375/784
f 519/346/785 515/590/785 542/600/785
f 548/602/366 554/603/366 523/387/366
f 523/353/367 554/603/367 550/384/367
f 543/601/368 546/374/368 553/383/368
f 546/374/786 542/600/786 550/384/786
f 527/593/787 541/599/787 547/373/787
f 547/373/788 543/601/788 528/360/788
f 534/364/372 540/597/372 551/382/372
f 540/597/373 536/370/373 549/604/373
f 535/369/374 529/596/374 532/595/374
f 539/367/375 532/595/375 528/360/375
f 499/322/376 527/593/376 533/359/376
f 533/359/377 529/596/377 500/584/377
f 534/364/789 507/334/789 509/336/789
f 537/598/379 509/331/379 506/586/379
f 513/588/380 541/599/380 527/593/380
f 508/587/381 522/592/381 514/589/381
f 535/369/382 506/586/382 500/584/382
f 520/349/383 507/334/383 534/364/383
f 521/591/790 550/384/790 542/600/790
f 549/604/385 536/370/385 528/360/385
f 765/620/849 768/388/849 769/323/849
f 766/584/850 770/325/850 769/621/850
f 771/605/851 769/329/851 770/330/851
f 772/586/852 775/331/852 776/623/852
f 773/631/853 777/386/853 776/335/853
f 778/606/854 776/338/854 777/339/854
f 779/588/855 782/385/855 783/341/855
f 784/632/856 783/344/856 782/345/856
f 781/625/857 785/346/857 783/344/857
f 786/349/858 789/387/858 790/350/858
f 787/591/859 791/352/859 790/356/859
f 792/627/860 790/356/860 791/352/860
f 793/593/861 796/594/861 797/358/861
f 798/595/862 797/358/862 796/594/862
f 795/596/863 799/359/863 797/358/863
f 800/364/864 803/598/864 804/365/864
f 801/369/865 805/367/865 804/365/865
f 806/629/866 804/365/866 805/367/866
f 807/599/867 810/375/867 811/372/867
f 808/600/868 812/374/868 811/372/868
f 813/373/869 811/372/869 812/374/869
f 814/602/870 817/382/870 818/379/870
f 819/383/871 818/379/871 817/382/871
f 816/634/872 820/380/872 818/379/872
f 779/588/479 765/620/479 771/324/479
f 782/345/480 771/605/480 767/622/480
f 772/586/481 778/332/481 770/325/481
f 778/606/482 774/587/482 767/622/482
f 786/349/483 792/351/483 777/386/483
f 777/339/484 792/627/484 788/633/484
f 781/625/485 784/632/485 791/352/485
f 791/352/486 784/632/486 780/589/486
f 807/599/487 779/588/487 785/342/487
f 785/346/873 781/625/873 808/600/873
f 814/602/489 820/380/489 789/387/489
f 820/380/874 816/634/874 787/591/874
f 809/601/491 812/374/491 819/383/491
f 819/383/492 812/374/492 808/600/492
f 807/599/493 813/373/493 796/594/493
f 813/373/494 809/601/494 794/628/494
f 814/602/495 800/364/495 806/629/495
f 806/629/496 802/630/496 815/604/496
f 801/369/497 795/596/497 798/595/497
f 798/595/498 794/628/498 802/630/498
f 793/593/499 799/359/499 768/388/499
f 768/326/875 799/359/875 795/596/875
f 800/364/876 773/631/876 775/336/876
f 803/598/877 775/331/877 772/586/877
f 807/599/503 793/593/503 765/620/503
f 767/622/504 774/587/504 788/633/504
f 801/369/505 772/586/505 766/584/505
f 786/349/506 773/631/506 800/364/506
f 787/591/507 816/634/507 808/600/507
f 815/604/508 802/630/508 794/628/508
usemtl iron
f 345/389/187 349/390/187 351/391/187
f 350/392/188 348/393/188 346/394/188
f 351/395/189 350/396/189 347/397/189
f 352/398/190 356/399/190 358/400/190
f 357/401/191 355/402/191 353/403/191
f 358/404/192 357/405/192 354/406/192
f 359/407/193 363/408/193 365/409/193
f 364/410/194 362/411/194 360/412/194
f 365/413/195 364/410/195 361/414/195
f 366/415/196 370/416/196 372/417/196
f 371/418/197 369/419/197 367/420/197
f 372/421/198 371/418/198 368/422/198
f 373/423/199 377/424/199 379/425/199
f 378/426/200 376/427/200 374/428/200
f 379/429/201 378/426/201 375/430/201
f 380/431/202 384/432/202 386/433/202
f 385/434/203 383/435/203 381/436/203
f 386/437/204 385/434/204 382/438/204
f 387/439/205 391/440/205 393/441/205
f 392/442/206 390/443/206 388/444/206
f 393/445/207 392/442/207 389/446/207
f 394/447/208 398/448/208 400/449/208
f 399/450/209 397/451/209 395/452/209
f 400/453/210 399/450/210 396/454/210
f 401/455/211 405/456/211 407/457/211
f 406/458/212 404/459/212 402/460/212
f 407/461/213 406/458/213 403/462/213
f 408/463/214 412/464/214 414/465/214
f 413/466/215 411/467/215 409/468/215
f 414/469/216 413/466/216 410/470/216
f 415/471/217 419/472/217 421/473/217
f 420/474/218 418/475/218 416/476/218
f 421/477/219 420/474/219 417/478/219
f 422/479/220 426/480/220 428/481/220
f 427/482/221 425/483/221 423/484/221
f 428/485/222 427/482/222 424/486/222
f 429/487/223 433/488/223 435/489/223
f 434/490/224 432/491/224 430/492/224
f 435/493/225 434/490/225 431/494/225
f 436/495/226 440/496/226 442/497/226
f 441/498/227 439/499/227 437/500/227
f 442/501/228 441/498/228 438/502/228
f 443/503/229 447/504/229 449/505/229
f 448/506/230 446/507/230 444/508/230
f 449/509/231 448/506/231 445/510/231
f 450/511/232 454/512/232 456/513/232
f 455/514/233 453/515/233 451/516/233
f 456/517/234 455/514/234 452/518/234
f 457/519/235 461/520/235 463/521/235
f 462/522/236 460/523/236 458/524/236
f 463/525/237 462/522/237 459/526/237
f 464/527/238 468/528/238 470/529/238
f 469/530/239 467/531/239 465/532/239
f 470/533/240 469/530/240 466/534/240
f 471/535/241 475/536/241 477/537/241
f 476/538/242 474/539/242 472/540/242
f 477/541/243 476/538/243 473/542/243
f 478/543/244 482/544/244 484/545/244
f 483/546/245 481/547/245 479/548/245
f 484/549/246 483/546/246 480/550/246
f 485/551/247 489/552/247 491/553/247
f 490/554/248 488/555/248 486/556/248
f 491/557/249 490/554/249 487/558/249
f 492/559/250 496/560/250 498/561/250
f 497/562/251 495/563/251 493/564/251
f 498/565/252 497/562/252 494/566/252
f 347/397/253 362/411/253 351/395/253
f 362/567/254 345/389/254 351/391/254
f 368/422/255 355/402/255 372/421/255
f 355/568/256 366/415/256 372/417/256
f 346/394/257 357/405/257 350/392/257
f 357/401/258 347/397/258 350/396/258
f 361/414/259 371/418/259 367/420/259
f 371/418/260 360/412/260 368/422/260
f 374/428/261 365/413/261 361/414/261
f 376/569/262 359/407/262 365/409/262
f 382/438/263 369/419/263 386/437/263
f 369/570/264 380/431/264 386/433/264
f 375/430/265 385/434/265 381/436/265
f 385/434/266 374/428/266 382/438/266
f 375/430/267 390/443/267 379/429/267
f 379/425/268 387/439/268 373/423/268
f 396/454/269 383/435/269 400/453/269
f 400/449/270 380/431/270 394/447/270
f 395/452/271 392/442/271 399/450/271
f 392/442/272 396/454/272 399/450/272
f 402/460/273 393/445/273 389/446/273
f 404/571/274 387/439/274 393/441/274
f 410/470/275 397/451/275 414/469/275
f 397/572/276 408/463/276 414/465/276
f 403/462/277 413/466/277 409/468/277
f 413/466/278 402/460/278 410/470/278
f 403/462/279 418/475/279 407/461/279
f 418/573/280 401/455/280 407/457/280
f 409/468/281 428/485/281 424/486/281
f 411/574/282 422/479/282 428/481/282
f 423/484/283 420/474/283 427/482/283
f 427/482/284 416/476/284 424/486/284
f 417/478/285 432/491/285 421/477/285
f 421/473/286 429/487/286 415/471/286
f 423/484/287 442/501/287 438/502/287
f 425/575/288 436/495/288 442/497/288
f 431/494/289 441/498/289 437/500/289
f 441/498/290 430/492/290 438/502/290
f 444/508/291 435/493/291 431/494/291
f 435/489/292 443/503/292 429/487/292
f 452/518/293 439/499/293 456/517/293
f 439/576/294 450/511/294 456/513/294
f 445/510/295 455/514/295 451/516/295
f 448/506/296 452/518/296 455/514/296
f 458/524/297 449/509/297 445/510/297
f 460/577/298 443/503/298 449/505/298
f 466/534/299 453/515/299 470/533/299
f 470/529/300 450/511/300 464/527/300
f 459/526/301 469/530/301 465/532/301
f 469/530/302 458/524/302 466/534/302
f 459/526/303 474/539/303 463/525/303
f 474/578/304 457/519/304 463/521/304
f 480/550/305 467/531/305 484/549/305
f 467/579/306 478/543/306 484/545/306
f 473/542/307 483/546/307 479/548/307
f 476/538/308 480/550/308 483/546/308
f 486/556/309 477/541/309 473/542/309
f 488/580/310 471/535/310 477/537/310
f 479/548/311 498/565/311 494/566/311
f 481/581/312 492/559/312 498/561/312
f 487/558/313 497/562/313 493/564/313
f 490/554/314 494/566/314 497/562/314
f 346/394/315 491/557/315 487/558/315
f 348/582/316 485/551/316 491/553/316
f 354/406/317 495/563/317 358/404/317
f 495/583/318 352/398/318 358/400/318
f 359/407/319 415/471/319 471/535/319
f 353/403/320 360/412/320 347/397/320
f 493/564/321 346/394/321 487/558/321
f 352/398/322 450/511/322 394/447/322
f 367/420/323 374/428/323 361/414/323
f 375/430/324 396/454/324 388/444/324
f 395/452/325 402/460/325 389/446/325
f 409/468/326 416/476/326 403/462/326
f 423/484/327 430/492/327 417/478/327
f 437/500/328 444/508/328 431/494/328
f 445/510/329 466/534/329 458/524/329
f 465/532/330 472/540/330 459/526/330
f 479/548/331 486/556/331 473/542/331
f 555/389/187 559/390/187 561/391/187
f 560/392/188 558/393/188 556/394/188
f 561/395/189 560/396/189 557/397/189
f 562/398/190 566/399/190 568/400/190
f 567/401/191 565/402/191 563/403/191
f 568/404/192 567/405/192 564/607/192
f 569/608/193 573/408/193 575/409/193
f 574/410/194 572/411/194 570/412/194
f 575/413/195 574/410/195 571/609/195
f 576/415/196 580/416/196 582/417/196
f 581/418/197 579/419/197 577/610/197
f 582/421/198 581/418/198 578/422/198
f 583/423/199 587/424/199 589/425/199
f 588/426/200 586/427/200 584/428/200
f 589/429/201 588/426/201 585/430/201
f 590/431/386 594/432/386 596/433/386
f 595/434/203 593/435/203 591/611/203
f 596/437/204 595/434/204 592/438/204
f 597/439/387 601/440/387 603/441/387
f 602/442/206 600/443/206 598/444/206
f 603/445/207 602/442/207 599/612/207
f 604/447/208 608/448/208 610/449/208
f 609/450/209 607/451/209 605/613/209
f 610/453/210 609/450/210 606/454/210
f 611/455/388 615/456/388 617/457/388
f 616/458/212 614/459/212 612/460/212
f 617/461/389 616/458/389 613/462/389
f 618/463/214 622/464/214 624/465/214
f 623/466/390 621/467/390 619/468/390
f 624/469/216 623/466/216 620/470/216
f 625/471/391 629/472/391 631/473/391
f 630/474/392 628/475/392 626/476/392
f 631/477/219 630/474/219 627/478/219
f 632/479/220 636/480/220 638/481/220
f 637/482/221 635/483/221 633/484/221
f 638/485/222 637/482/222 634/486/222
f 639/487/393 643/488/393 645/489/393
f 644/490/224 642/491/224 640/492/224
f 645/493/394 644/490/394 641/494/394
f 646/495/226 650/496/226 652/497/226
f 651/498/227 649/499/227 647/500/227
f 652/501/228 651/498/228 648/502/228
f 653/503/229 657/504/229 659/505/229
f 658/506/230 656/507/230 654/508/230
f 659/509/231 658/506/231 655/510/231
f 660/511/232 664/512/232 666/513/232
f 665/514/233 663/515/233 661/516/233
f 666/517/395 665/514/395 662/518/395
f 667/519/396 671/520/396 673/521/396
f 672/522/236 670/523/236 668/524/236
f 673/525/237 672/522/237 669/614/237
f 674/615/397 678/528/397 680/529/397
f 679/530/239 677/531/239 675/616/239
f 680/533/240 679/530/240 676/534/240
f 681/535/398 685/536/398 687/537/398
f 686/538/242 684/539/242 682/540/242
f 687/541/243 686/538/243 683/542/243
f 688/543/399 692/544/399 694/545/399
f 693/546/245 691/547/245 689/617/245
f 694/549/246 693/546/246 690/550/246
f 695/551/247 699/552/247 701/553/247
f 700/554/248 698/555/248 696/556/248
f 701/557/249 700/554/249 697/558/249
f 702/559/400 706/560/400 708/561/400
f 707/562/251 705/563/251 703/564/251
f 708/565/252 707/562/252 704/566/252
f 570/412/253 561/395/253 557/397/253
f 561/391/254 569/608/254 555/389/254
f 578/422/255 565/402/255 582/421/255
f 582/417/256 562/398/256 576/415/256
f 556/394/257 567/405/257 560/392/257
f 567/401/258 557/397/258 560/396/258
f 571/609/259 581/418/259 577/610/259
f 581/418/260 570/412/260 578/422/260
f 571/609/261 586/427/261 575/413/261
f 586/569/262 569/608/262 575/409/262
f 577/610/263 596/437/263 592/438/263
f 579/570/264 590/431/264 596/433/264
f 591/611/265 588/426/265 595/434/265
f 588/426/266 592/438/266 595/434/266
f 598/444/267 589/429/267 585/430/267
f 600/618/268 583/423/268 589/425/268
f 591/611/269 610/453/269 606/454/269
f 610/449/270 590/431/270 604/447/270
f 605/613/271 602/442/271 609/450/271
f 609/450/272 598/444/272 606/454/272
f 612/460/273 603/445/273 599/612/273
f 614/571/274 597/439/274 603/441/274
f 620/470/275 607/451/275 624/469/275
f 607/572/276 618/463/276 624/465/276
f 613/462/277 623/466/277 619/468/277
f 623/466/278 612/460/278 620/470/278
f 613/462/279 628/475/279 617/461/279
f 628/573/280 611/455/280 617/457/280
f 634/486/281 621/467/281 638/485/281
f 621/574/282 632/479/282 638/481/282
f 627/478/283 637/482/283 633/484/283
f 630/474/284 634/486/284 637/482/284
f 640/492/285 631/477/285 627/478/285
f 631/473/286 639/487/286 625/471/286
f 633/484/287 652/501/287 648/502/287
f 652/497/288 632/479/288 646/495/288
f 641/494/289 651/498/289 647/500/289
f 651/498/290 640/492/290 648/502/290
f 654/508/291 645/493/291 641/494/291
f 656/619/292 639/487/292 645/489/292
f 662/518/293 649/499/293 666/517/293
f 649/576/294 660/511/294 666/513/294
f 655/510/295 665/514/295 661/516/295
f 658/506/296 662/518/296 665/514/296
f 668/524/297 659/509/297 655/510/297
f 670/577/298 653/503/298 659/505/298
f 676/534/299 663/515/299 680/533/299
f 680/529/300 660/511/300 674/615/300
f 675/616/301 672/522/301 679/530/301
f 672/522/302 676/534/302 679/530/302
f 682/540/303 673/525/303 669/614/303
f 673/521/304 681/535/304 667/519/304
f 690/550/305 677/531/305 694/549/305
f 677/579/306 688/543/306 694/545/306
f 683/542/307 693/546/307 689/617/307
f 686/538/308 690/550/308 693/546/308
f 683/542/309 698/555/309 687/541/309
f 698/580/310 681/535/310 687/537/310
f 689/617/311 708/565/311 704/566/311
f 691/581/312 702/559/312 708/561/312
f 703/564/313 700/554/313 707/562/313
f 700/554/314 704/566/314 707/562/314
f 556/394/315 701/557/315 697/558/315
f 701/553/316 555/389/316 695/551/316
f 703/564/317 568/404/317 564/607/317
f 568/400/318 702/559/318 562/398/318
f 569/608/319 625/471/319 681/535/319
f 563/403/320 570/412/320 557/397/320
f 703/564/321 556/394/321 697/558/321
f 562/398/322 660/511/322 604/447/322
f 571/609/323 592/438/323 584/428/323
f 585/430/324 606/454/324 598/444/324
f 599/612/325 620/470/325 612/460/325
f 619/468/326 626/476/326 613/462/326
f 633/484/327 640/492/327 627/478/327
f 647/500/328 654/508/328 641/494/328
f 655/510/329 676/534/329 668/524/329
f 669/614/330 690/550/330 682/540/330
f 683/542/331 704/566/331 696/556/331
f 822/635/509 841/636/509 823/637/509
f 841/636/510 821/638/510 823/637/510
f 842/639/511 826/640/511 825/641/511
f 844/642/512 824/643/512 826/640/512
f 845/644/513 829/645/513 828/646/513
f 847/647/514 827/648/514 829/645/514
f 831/649/515 850/650/515 832/651/515
f 850/652/516 830/653/516 832/21/516
f 851/654/517 835/23/517 834/655/517
f 853/25/518 833/656/518 835/23/518
f 854/657/519 838/658/519 837/659/519
f 838/658/520 855/660/520 836/661/520
f 839/662/521 859/52/521 841/636/521
f 859/52/522 840/663/522 841/636/522
f 860/664/523 844/642/523 842/639/523
f 844/642/524 861/665/524 843/666/524
f 845/644/525 865/667/525 847/647/525
f 847/647/526 864/668/526 846/669/526
f 848/670/527 868/42/527 850/650/527
f 850/652/528 867/671/528 849/672/528
f 851/654/529 871/46/529 853/25/529
f 871/46/530 852/673/530 853/25/530
f 872/674/531 856/675/531 854/657/531
f 856/675/532 873/676/532 855/660/532
f 875/677/533 859/52/533 857/678/533
f 859/52/534 876/679/534 858/680/534
f 860/664/535 880/681/535 862/36/535
f 862/36/536 879/682/536 861/665/536
f 863/683/537 883/684/537 865/667/537
f 865/667/538 882/685/538 864/668/538
f 884/686/539 868/42/539 866/687/539
f 886/688/540 867/671/540 868/43/540
f 869/689/541 889/65/541 871/46/541
f 889/65/542 870/690/542 871/46/542
f 890/691/543 874/692/543 872/674/543
f 892/693/544 873/676/544 874/692/544
f 875/677/545 895/694/545 877/695/545
f 895/694/546 876/679/546 877/695/546
f 878/696/547 898/697/547 880/681/547
f 880/681/548 897/698/548 879/682/548
f 881/699/549 901/700/549 883/684/549
f 901/700/550 882/685/550 883/684/550
f 902/701/551 886/702/551 884/686/551
f 886/688/552 903/703/552 885/704/552
f 887/705/553 907/84/553 889/65/553
f 907/84/554 888/706/554 889/65/554
f 908/707/555 892/693/555 890/691/555
f 892/693/556 909/708/556 891/709/556
f 893/710/557 913/711/557 895/694/557
f 913/711/558 894/712/558 895/694/558
f 896/713/559 916/714/559 898/697/559
f 898/697/560 915/715/560 897/698/560
f 899/716/561 919/717/561 901/700/561
f 919/717/562 900/718/562 901/700/562
f 920/719/563 904/80/563 902/701/563
f 922/720/564 903/703/564 904/721/564
f 905/722/565 925/723/565 907/84/565
f 925/723/566 906/724/566 907/84/566
f 926/725/567 910/726/567 908/707/567
f 910/726/568 927/727/568 909/708/568
f 911/728/569 931/729/569 913/711/569
f 913/711/570 930/730/570 912/731/570
f 932/732/571 916/714/571 914/733/571
f 916/714/572 933/734/572 915/715/572
f 917/735/573 937/736/573 919/717/573
f 937/736/574 918/737/574 919/717/574
f 938/738/575 922/739/575 920/719/575
f 940/740/576 921/741/576 922/720/576
f 923/742/577 943/743/577 925/723/577
f 943/743/578 924/744/578 925/723/578
f 926/725/579 946/124/579 928/745/579
f 946/124/580 927/727/580 928/745/580
f 947/746/581 931/729/581 929/747/581
f 949/748/582 930/730/582 931/729/582
f 950/749/583 934/750/583 932/732/583
f 934/750/584 951/751/584 933/734/584
f 935/752/585 955/753/585 937/736/585
f 955/753/586 936/754/586 937/736/586
f 956/755/587 940/756/587 938/738/587
f 958/757/588 939/758/588 940/740/588
f 941/759/589 961/760/589 943/743/589
f 943/743/590 960/761/590 942/762/590
f 962/763/591 946/124/591 944/764/591
f 946/124/592 963/765/592 945/766/592
f 965/767/593 949/748/593 947/746/593
f 967/768/594 948/769/594 949/748/594
f 968/770/595 952/771/595 950/749/595
f 970/772/596 951/751/596 952/771/596
f 971/773/597 955/753/597 953/774/597
f 973/775/598 954/776/598 955/753/598
f 974/777/599 958/778/599 956/755/599
f 976/779/600 957/780/600 958/757/600
f 977/781/601 961/760/601 959/782/601
f 961/760/602 978/783/602 960/761/602
f 980/784/603 964/785/603 962/763/603
f 964/785/604 981/786/604 963/765/604
f 983/787/516 967/788/516 965/789/516
f 985/196/515 966/790/515 967/788/515
f 986/791/514 970/792/514 968/793/514
f 970/792/513 987/794/513 969/795/513
f 989/796/512 973/797/512 971/798/512
f 973/797/511 990/799/511 972/800/511
f 992/801/510 976/181/510 974/802/510
f 994/182/509 975/803/509 976/184/509
f 995/804/520 979/186/520 977/805/520
f 997/806/519 978/807/519 979/186/519
f 998/808/518 982/809/518 980/810/518
f 982/809/517 999/811/517 981/812/517
f 983/787/528 1003/215/528 985/196/528
f 1003/215/605 984/813/605 985/196/605
f 1004/814/526 988/815/526 986/791/526
f 988/815/525 1005/816/525 987/794/525
f 1007/817/524 991/175/524 989/796/524
f 991/175/523 1008/818/523 990/799/523
f 992/801/522 1012/205/522 994/180/522
f 1012/206/521 993/819/521 994/182/521
f 1013/820/532 997/806/532 995/804/532
f 997/806/531 1014/821/531 996/822/531
f 998/808/530 1018/823/530 1000/824/530
f 1000/824/529 1017/825/529 999/811/529
f 1019/826/540 1003/215/540 1001/827/540
f 1021/828/606 1002/829/606 1003/215/606
f 1022/830/538 1006/199/538 1004/814/538
f 1006/199/537 1023/831/537 1005/816/537
f 1025/832/536 1009/833/536 1007/817/536
f 1009/833/535 1026/834/535 1008/818/535
f 1010/835/607 1030/836/607 1012/205/607
f 1012/206/533 1029/837/533 1011/838/533
f 1031/839/544 1015/840/544 1013/820/544
f 1015/840/543 1032/841/543 1014/821/543
f 1034/842/542 1018/823/542 1016/843/542
f 1036/844/541 1017/825/541 1018/823/541
f 1019/826/608 1039/845/608 1021/828/608
f 1039/845/551 1020/846/551 1021/828/551
f 1022/830/550 1042/847/550 1024/848/550
f 1024/848/549 1041/849/549 1023/831/549
f 1025/832/548 1045/240/548 1027/850/548
f 1045/240/547 1026/834/547 1027/850/547
f 1028/851/609 1048/243/609 1030/836/609
f 1048/244/610 1029/837/610 1030/225/610
f 1031/839/556 1051/247/556 1033/852/556
f 1033/852/555 1050/853/555 1032/841/555
f 1052/854/554 1036/844/554 1034/842/554
f 1036/844/553 1053/855/553 1035/856/553
f 1055/857/564 1039/845/564 1037/858/564
f 1057/252/611 1038/859/611 1039/845/611
f 1040/860/562 1060/861/562 1042/847/562
f 1042/847/561 1059/862/561 1041/849/561
f 1043/863/560 1063/259/560 1045/240/560
f 1063/259/559 1044/864/559 1045/240/559
f 1046/865/558 1066/866/558 1048/243/558
f 1066/867/557 1047/868/557 1048/244/557
f 1067/869/568 1051/247/568 1049/870/568
f 1051/247/567 1068/871/567 1050/853/567
f 1070/872/566 1054/873/566 1052/854/566
f 1054/873/565 1071/874/565 1053/855/565
f 1073/875/612 1057/252/612 1055/857/612
f 1057/252/575 1074/876/575 1056/877/575
f 1076/878/613 1060/861/613 1058/879/613
f 1060/861/573 1077/880/573 1059/862/573
f 1061/881/572 1081/277/572 1063/259/572
f 1081/277/614 1062/882/614 1063/259/614
f 1082/883/615 1066/866/615 1064/884/615
f 1066/867/616 1083/885/616 1065/886/616
f 1085/887/580 1069/264/580 1067/869/580
f 1069/264/579 1086/888/579 1068/871/579
f 1088/889/578 1072/890/578 1070/872/578
f 1090/287/577 1071/874/577 1072/890/577
f 1073/875/617 1093/891/617 1075/892/617
f 1075/892/618 1092/893/618 1074/876/618
f 1094/894/586 1078/274/586 1076/878/586
f 1078/274/585 1095/895/585 1077/880/585
f 1097/896/584 1081/277/584 1079/897/584
f 1099/898/583 1080/899/583 1081/277/583
f 1100/900/619 1084/299/619 1082/883/619
f 1084/300/620 1101/901/620 1083/885/620
f 1085/887/592 1105/902/592 1087/903/592
f 1087/903/591 1104/904/591 1086/888/591
f 1106/905/590 1090/287/590 1088/889/590
f 1090/287/589 1107/906/589 1089/907/589
f 821/638/599 1093/891/599 823/637/599
f 1093/891/600 822/635/600 823/637/600
f 824/643/597 1096/293/597 826/640/597
f 826/640/598 1094/894/598 825/641/598
f 1098/908/595 829/645/595 827/648/595
f 829/645/596 1097/896/596 828/646/596
f 830/653/593 1102/909/593 832/21/593
f 1102/910/621 831/649/621 832/651/621
f 1104/904/603 835/23/603 833/656/603
f 835/23/604 1103/911/604 834/655/604
f 836/661/601 1108/912/601 838/658/601
f 838/658/602 1106/905/602 837/659/602
f 821/638/622 1094/894/622 1092/893/622
f 821/638/623 842/639/623 825/641/623
f 855/660/624 822/635/624 836/661/624
f 836/661/625 1091/913/625 1107/906/625
f 843/666/322 828/646/322 824/643/322
f 824/643/322 1097/896/322 1095/895/322
f 846/669/626 831/649/626 827/648/626
f 1098/908/627 831/649/627 1100/900/627
f 849/672/628 834/655/628 830/653/628
f 830/653/629 1103/911/629 1101/901/629
f 852/673/319 837/659/319 833/656/319
f 833/656/319 1106/905/319 1104/904/319
f 855/660/630 857/678/630 839/662/630
f 840/663/631 860/664/631 842/639/631
f 861/665/322 845/644/322 843/666/322
f 864/668/632 848/670/632 846/669/632
f 867/671/633 851/654/633 849/672/633
f 870/690/319 854/657/319 852/673/319
f 873/676/634 875/677/634 857/678/634
f 876/679/635 860/664/635 858/680/635
f 879/682/322 863/683/322 861/665/322
f 882/685/636 866/687/636 864/668/636
f 885/704/637 869/689/637 867/671/637
f 888/706/319 872/674/319 870/690/319
f 909/708/638 875/677/638 891/709/638
f 894/712/639 878/696/639 876/679/639
f 897/698/322 881/699/322 879/682/322
f 882/685/640 902/701/640 884/686/640
f 885/704/641 905/722/641 887/705/641
f 888/706/319 908/707/319 890/691/319
f 927/727/642 893/710/642 909/708/642
f 912/731/643 896/713/643 894/712/643
f 915/715/322 899/716/322 897/698/322
f 918/737/644 902/701/644 900/718/644
f 903/703/645 923/742/645 905/722/645
f 906/724/319 926/725/319 908/707/319
f 927/727/646 929/747/646 911/728/646
f 912/731/647 932/732/647 914/733/647
f 933/734/322 917/735/322 915/715/322
f 936/754/648 920/719/648 918/737/648
f 939/758/649 923/742/649 921/741/649
f 924/744/319 944/764/319 926/725/319
f 963/765/650 929/747/650 945/766/650
f 930/730/651 950/749/651 932/732/651
f 951/751/322 935/752/322 933/734/322
f 936/754/652 956/755/652 938/738/652
f 957/780/653 941/759/653 939/758/653
f 942/762/319 962/763/319 944/764/319
f 981/786/629 947/746/629 963/765/629
f 948/769/627 968/770/627 950/749/627
f 951/751/322 971/773/322 953/774/322
f 954/776/622 974/777/622 956/755/622
f 957/780/625 977/781/625 959/782/625
f 978/783/319 962/763/319 960/761/319
f 999/811/628 965/789/628 981/812/628
f 966/790/626 986/791/626 968/793/626
f 987/794/322 971/798/322 969/795/322
f 990/799/623 974/802/623 972/800/623
f 993/819/624 977/805/624 975/803/624
f 978/807/319 998/808/319 980/810/319
f 999/811/633 1001/827/633 983/787/633
f 984/813/632 1004/814/632 986/791/632
f 1005/816/322 989/796/322 987/794/322
f 1008/818/631 992/801/631 990/799/631
f 1011/838/630 995/804/630 993/819/630
f 1014/821/319 998/808/319 996/822/319
f 1035/856/637 1001/827/637 1017/825/637
f 1020/846/636 1004/814/636 1002/829/636
f 1023/831/322 1007/817/322 1005/816/322
f 1026/834/635 1010/835/635 1008/818/635
f 1029/837/634 1013/820/634 1011/838/634
f 1032/841/319 1016/843/319 1014/821/319
f 1035/856/641 1037/858/641 1019/826/641
f 1038/859/640 1022/830/640 1020/846/640
f 1041/849/322 1025/832/322 1023/831/322
f 1044/864/639 1028/851/639 1026/834/639
f 1047/868/638 1031/839/638 1029/837/638
f 1050/853/319 1034/842/319 1032/841/319
f 1071/874/645 1037/858/645 1053/855/645
f 1056/877/644 1040/860/644 1038/859/644
f 1059/862/322 1043/863/322 1041/849/322
f 1044/864/643 1064/884/643 1046/865/643
f 1047/868/642 1067/869/642 1049/870/642
f 1050/853/319 1070/872/319 1052/854/319
f 1089/907/649 1055/857/649 1071/874/649
f 1074/876/648 1058/879/648 1056/877/648
f 1077/880/322 1061/881/322 1059/862/322
f 1062/882/647 1082/883/647 1064/884/647
f 1065/886/646 1085/887/646 1067/869/646
f 1086/888/319 1070/872/319 1068/871/319
f 1089/907/653 1091/913/653 1073/875/653
f 1092/893/652 1076/878/652 1074/876/652
f 1095/895/322 1079/897/322 1077/880/322
f 1080/899/651 1100/900/651 1082/883/651
f 1101/901/650 1085/887/650 1083/885/650
f 1086/888/319 1106/905/319 1088/889/319
f 345/389/691 348/582/691 349/390/691
f 350/392/692 349/915/692 348/393/692
f 351/395/693 349/916/693 350/396/693
f 352/398/694 355/568/694 356/399/694
f 357/401/695 356/917/695 355/402/695
f 358/404/696 356/918/696 357/405/696
f 359/407/697 362/567/697 363/408/697
f 364/410/698 363/919/698 362/411/698
f 365/413/699 363/919/699 364/410/699
f 366/415/700 369/570/700 370/416/700
f 371/418/701 370/920/701 369/419/701
f 372/421/702 370/920/702 371/418/702
f 373/423/703 376/569/703 377/424/703
f 378/426/704 377/921/704 376/427/704
f 379/429/705 377/921/705 378/426/705
f 380/431/706 383/922/706 384/432/706
f 385/434/707 384/923/707 383/435/707
f 386/437/708 384/923/708 385/434/708
f 387/439/709 390/618/709 391/440/709
f 392/442/710 391/924/710 390/443/710
f 393/445/711 391/924/711 392/442/711
f 394/447/712 397/572/712 398/448/712
f 399/450/713 398/925/713 397/451/713
f 400/453/714 398/925/714 399/450/714
f 401/455/715 404/571/715 405/456/715
f 406/458/716 405/926/716 404/459/716
f 407/461/717 405/926/717 406/458/717
f 408/463/718 411/574/718 412/464/718
f 413/466/719 412/927/719 411/467/719
f 414/469/720 412/927/720 413/466/720
f 415/471/721 418/573/721 419/472/721
f 420/474/722 419/928/722 418/475/722
f 421/477/723 419/928/723 420/474/723
f 422/479/724 425/575/724 426/480/724
f 427/482/725 426/929/725 425/483/725
f 428/485/726 426/929/726 427/482/726
f 429/487/727 432/930/727 433/488/727
f 434/490/728 433/931/728 432/491/728
f 435/493/729 433/931/729 434/490/729
f 436/495/730 439/576/730 440/496/730
f 441/498/731 440/932/731 439/499/731
f 442/501/732 440/932/732 441/498/732
f 443/503/733 446/619/733 447/504/733
f 448/506/734 447/933/734 446/507/734
f 449/509/735 447/933/735 448/506/735
f 450/511/736 453/934/736 454/512/736
f 455/514/737 454/935/737 453/515/737
f 456/517/738 454/935/738 455/514/738
f 457/519/739 460/577/739 461/520/739
f 462/522/740 461/936/740 460/523/740
f 463/525/741 461/936/741 462/522/741
f 464/527/742 467/579/742 468/528/742
f 469/530/743 468/937/743 467/531/743
f 470/533/744 468/937/744 469/530/744
f 471/535/745 474/578/745 475/536/745
f 476/538/746 475/938/746 474/539/746
f 477/541/747 475/938/747 476/538/747
f 478/543/748 481/581/748 482/544/748
f 483/546/749 482/939/749 481/547/749
f 484/549/750 482/939/750 483/546/750
f 485/551/751 488/580/751 489/552/751
f 490/554/752 489/940/752 488/555/752
f 491/557/753 489/940/753 490/554/753
f 492/559/754 495/583/754 496/560/754
f 497/562/755 496/941/755 495/563/755
f 498/565/756 496/941/756 497/562/756
f 347/397/253 360/412/253 362/411/253
f 362/567/254 359/407/254 345/389/254
f 368/422/255 353/403/255 355/402/255
f 355/568/256 352/398/256 366/415/256
f 346/394/257 354/406/257 357/405/257
f 357/401/258 353/403/258 347/397/258
f 361/414/259 364/410/259 371/418/259
f 371/418/260 364/410/260 360/412/260
f 374/428/261 376/427/261 365/413/261
f 376/569/262 373/423/262 359/407/262
f 382/438/263 367/420/263 369/419/263
f 369/570/264 366/415/264 380/431/264
f 375/430/265 378/426/265 385/434/265
f 385/434/266 378/426/266 374/428/266
f 375/430/267 388/444/267 390/443/267
f 379/425/268 390/618/268 387/439/268
f 396/454/269 381/436/269 383/435/269
f 400/449/270 383/922/270 380/431/270
f 395/452/271 389/446/271 392/442/271
f 392/442/272 388/444/272 396/454/272
f 402/460/273 404/459/273 393/445/273
f 404/571/274 401/455/274 387/439/274
f 410/470/275 395/452/275 397/451/275
f 397/572/276 394/447/276 408/463/276
f 403/462/277 406/458/277 413/466/277
f 413/466/278 406/458/278 402/460/278
f 403/462/279 416/476/279 418/475/279
f 418/573/280 415/471/280 401/455/280
f 409/468/281 411/467/281 428/485/281
f 411/574/282 408/463/282 422/479/282
f 423/484/283 417/478/283 420/474/283
f 427/482/284 420/474/284 416/476/284
f 417/478/285 430/492/285 432/491/285
f 421/473/286 432/930/286 429/487/286
f 423/484/287 425/483/287 442/501/287
f 425/575/288 422/479/288 436/495/288
f 431/494/289 434/490/289 441/498/289
f 441/498/290 434/490/290 430/492/290
f 444/508/291 446/507/291 435/493/291
f 435/489/292 446/619/292 443/503/292
f 452/518/293 437/500/293 439/499/293
f 439/576/294 436/495/294 450/511/294
f 445/510/295 448/506/295 455/514/295
f 448/506/296 444/508/296 452/518/296
f 458/524/297 460/523/297 449/509/297
f 460/577/298 457/519/298 443/503/298
f 466/534/299 451/516/299 453/515/299
f 470/529/300 453/934/300 450/511/300
f 459/526/301 462/522/301 469/530/301
f 469/530/302 462/522/302 458/524/302
f 459/526/303 472/540/303 474/539/303
f 474/578/304 471/535/304 457/519/304
f 480/550/305 465/532/305 467/531/305
f 467/579/306 464/527/306 478/543/306
f 473/542/307 476/538/307 483/546/307
f 476/538/757 472/540/757 480/550/757
f 486/556/309 488/555/309 477/541/309
f 488/580/310 485/551/310 471/535/310
f 479/548/311 481/547/311 498/565/311
f 481/581/312 478/543/312 492/559/312
f 487/558/313 490/554/313 497/562/313
f 490/554/314 486/556/314 494/566/314
f 346/394/315 348/393/315 491/557/315
f 348/582/316 345/389/316 485/551/316
f 354/406/317 493/564/317 495/563/317
f 495/583/318 492/559/318 352/398/318
f 485/551/319 345/389/319 359/407/319
f 359/407/319 373/423/319 387/439/319
f 387/439/319 401/455/319 415/471/319
f 415/471/319 429/487/319 443/503/319
f 443/503/319 457/519/319 471/535/319
f 471/535/319 485/551/319 359/407/319
f 359/407/319 387/439/319 415/471/319
f 415/471/319 443/503/319 471/535/319
f 353/403/320 368/422/320 360/412/320
f 493/564/321 354/406/321 346/394/321
f 380/431/322 366/415/322 352/398/322
f 352/398/322 492/559/322 478/543/322
f 478/543/322 464/527/322 450/511/322
f 450/511/322 436/495/322 422/479/322
f 422/479/322 408/463/322 394/447/322
f 394/447/322 380/431/322 352/398/322
f 352/398/322 478/543/322 450/511/322
f 450/511/322 422/479/322 394/447/322
f 367/420/323 382/438/323 374/428/323
f 375/430/324 381/436/324 396/454/324
f 395/452/325 410/470/325 402/460/325
f 409/468/326 424/486/326 416/476/326
f 423/484/327 438/502/327 430/492/327
f 437/500/328 452/518/328 444/508/328
f 445/510/329 451/516/329 466/534/329
f 465/532/330 480/550/330 472/540/330
f 479/548/331 494/566/331 486/556/331
f 555/389/691 558/582/691 559/390/691
f 560/392/692 559/915/692 558/393/692
f 561/395/693 559/916/693 560/396/693
f 562/398/694 565/568/694 566/399/694
f 567/401/695 566/917/695 565/402/695
f 568/404/696 566/918/696 567/405/696
f 569/608/697 572/567/697 573/408/697
f 574/410/698 573/919/698 572/411/698
f 575/413/699 573/919/699 574/410/699
f 576/415/791 579/570/791 580/416/791
f 581/418/701 580/920/701 579/419/701
f 582/421/702 580/920/702 581/418/702
f 583/423/792 586/569/792 587/424/792
f 588/426/793 587/921/793 586/427/793
f 589/429/705 587/921/705 588/426/705
f 590/431/706 593/922/706 594/432/706
f 595/434/707 594/923/707 593/435/707
f 596/437/708 594/923/708 595/434/708
f 597/439/709 600/618/709 601/440/709
f 602/442/710 601/924/710 600/443/710
f 603/445/711 601/924/711 602/442/711
f 604/447/712 607/572/712 608/448/712
f 609/450/713 608/925/713 607/451/713
f 610/453/714 608/925/714 609/450/714
f 611/455/715 614/571/715 615/456/715
f 616/458/716 615/926/716 614/459/716
f 617/461/717 615/926/717 616/458/717
f 618/463/794 621/574/794 622/464/794
f 623/466/719 622/927/719 621/467/719
f 624/469/720 622/927/720 623/466/720
f 625/471/795 628/573/795 629/472/795
f 630/474/796 629/928/796 628/475/796
f 631/477/797 629/928/797 630/474/797
f 632/479/724 635/575/724 636/480/724
f 637/482/798 636/929/798 635/483/798
f 638/485/799 636/929/799 637/482/799
f 639/487/800 642/930/800 643/488/800
f 644/490/801 643/931/801 642/491/801
f 645/493/802 643/931/802 644/490/802
f 646/495/803 649/576/803 650/496/803
f 651/498/804 650/932/804 649/499/804
f 652/501/805 650/932/805 651/498/805
f 653/503/733 656/619/733 657/504/733
f 658/506/734 657/933/734 656/507/734
f 659/509/735 657/933/735 658/506/735
f 660/511/806 663/934/806 664/512/806
f 665/514/737 664/935/737 663/515/737
f 666/517/738 664/935/738 665/514/738
f 667/519/739 670/577/739 671/520/739
f 672/522/740 671/936/740 670/523/740
f 673/525/741 671/936/741 672/522/741
f 674/615/742 677/579/742 678/528/742
f 679/530/743 678/937/743 677/531/743
f 680/533/744 678/937/744 679/530/744
f 681/535/807 684/578/807 685/536/807
f 686/538/746 685/938/746 684/539/746
f 687/541/808 685/938/808 686/538/808
f 688/543/809 691/581/809 692/544/809
f 693/546/810 692/939/810 691/547/810
f 694/549/750 692/939/750 693/546/750
f 695/551/811 698/580/811 699/552/811
f 700/554/752 699/940/752 698/555/752
f 701/557/812 699/940/812 700/554/812
f 702/559/813 705/583/813 706/560/813
f 707/562/755 706/941/755 705/563/755
f 708/565/756 706/941/756 707/562/756
f 570/412/253 572/411/253 561/395/253
f 561/391/254 572/567/254 569/608/254
f 578/422/255 563/403/255 565/402/255
f 582/417/256 565/568/256 562/398/256
f 556/394/257 564/607/257 567/405/257
f 567/401/258 563/403/258 557/397/258
f 571/609/259 574/410/259 581/418/259
f 581/418/260 574/410/260 570/412/260
f 571/609/261 584/428/261 586/427/261
f 586/569/262 583/423/262 569/608/262
f 577/610/263 579/419/263 596/437/263
f 579/570/264 576/415/264 590/431/264
f 591/611/265 585/430/265 588/426/265
f 588/426/266 584/428/266 592/438/266
f 598/444/267 600/443/267 589/429/267
f 600/618/268 597/439/268 583/423/268
f 591/611/269 593/435/269 610/453/269
f 610/449/270 593/922/270 590/431/270
f 605/613/271 599/612/271 602/442/271
f 609/450/272 602/442/272 598/444/272
f 612/460/273 614/459/273 603/445/273
f 614/571/274 611/455/274 597/439/274
f 620/470/275 605/613/275 607/451/275
f 607/572/276 604/447/276 618/463/276
f 613/462/277 616/458/277 623/466/277
f 623/466/278 616/458/278 612/460/278
f 613/462/279 626/476/279 628/475/279
f 628/573/280 625/471/280 611/455/280
f 634/486/281 619/468/281 621/467/281
f 621/574/282 618/463/282 632/479/282
f 627/478/283 630/474/283 637/482/283
f 630/474/284 626/476/284 634/486/284
f 640/492/285 642/491/285 631/477/285
f 631/473/286 642/930/286 639/487/286
f 633/484/287 635/483/287 652/501/287
f 652/497/288 635/575/288 632/479/288
f 641/494/289 644/490/289 651/498/289
f 651/498/290 644/490/290 640/492/290
f 654/508/291 656/507/291 645/493/291
f 656/619/292 653/503/292 639/487/292
f 662/518/293 647/500/293 649/499/293
f 649/576/294 646/495/294 660/511/294
f 655/510/295 658/506/295 665/514/295
f 658/506/296 654/508/296 662/518/296
f 668/524/297 670/523/297 659/509/297
f 670/577/298 667/519/298 653/503/298
f 676/534/299 661/516/299 663/515/299
f 680/529/300 663/934/300 660/511/300
f 675/616/301 669/614/301 672/522/301
f 672/522/302 668/524/302 676/534/302
f 682/540/303 684/539/303 673/525/303
f 673/521/304 684/578/304 681/535/304
f 690/550/305 675/616/305 677/531/305
f 677/579/306 674/615/306 688/543/306
f 683/542/307 686/538/307 693/546/307
f 686/538/757 682/540/757 690/550/757
f 683/542/309 696/556/309 698/555/309
f 698/580/310 695/551/310 681/535/310
f 689/617/311 691/547/311 708/565/311
f 691/581/312 688/543/312 702/559/312
f 703/564/313 697/558/313 700/554/313
f 700/554/314 696/556/314 704/566/314
f 556/394/315 558/393/315 701/557/315
f 701/553/316 558/582/316 555/389/316
f 703/564/317 705/563/317 568/404/317
f 568/400/318 705/583/318 702/559/318
f 695/551/319 555/389/319 569/608/319
f 569/608/319 583/423/319 597/439/319
f 597/439/319 611/455/319 625/471/319
f 625/471/319 639/487/319 653/503/319
f 653/503/319 667/519/319 681/535/319
f 681/535/319 695/551/319 569/608/319
f 569/608/319 597/439/319 625/471/319
f 625/471/319 653/503/319 681/535/319
f 563/403/320 578/422/320 570/412/320
f 703/564/321 564/607/321 556/394/321
f 590/431/322 576/415/322 562/398/322
f 562/398/322 702/559/322 688/543/322
f 688/543/322 674/615/322 660/511/322
f 660/511/322 646/495/322 632/479/322
f 632/479/322 618/463/322 604/447/322
f 604/447/322 590/431/322 562/398/322
f 562/398/322 688/543/322 660/511/322
f 660/511/322 632/479/322 604/447/322
f 571/609/323 577/610/323 592/438/323
f 585/430/324 591/611/324 606/454/324
f 599/612/325 605/613/325 620/470/325
f 619/468/326 634/486/326 626/476/326
f 633/484/327 648/502/327 640/492/327
f 647/500/328 662/518/328 654/508/328
f 655/510/329 661/516/329 676/534/329
f 669/614/330 675/616/330 690/550/330
f 683/542/331 689/617/331 704/566/331
f 822/635/509 839/662/509 841/636/509
f 841/636/510 840/663/510 821/638/510
f 842/639/511 844/642/511 826/640/511
f 844/642/512 843/666/512 824/643/512
f 845/644/513 847/647/513 829/645/513
f 847/647/514 846/669/514 827/648/514
f 831/649/878 848/670/878 850/650/878
f 850/652/879 849/672/879 830/653/879
f 851/654/517 853/25/517 835/23/517
f 853/25/518 852/673/518 833/656/518
f 854/657/519 856/675/519 838/658/519
f 838/658/520 856/675/520 855/660/520
f 839/662/880 857/678/880 859/52/880
f 859/52/881 858/680/881 840/663/881
f 860/664/523 862/36/523 844/642/523
f 844/642/524 862/36/524 861/665/524
f 845/644/525 863/683/525 865/667/525
f 847/647/526 865/667/526 864/668/526
f 848/670/605 866/687/605 868/42/605
f 850/652/882 868/43/882 867/671/882
f 851/654/529 869/689/529 871/46/529
f 871/46/530 870/690/530 852/673/530
f 872/674/531 874/692/531 856/675/531
f 856/675/883 874/692/883 873/676/883
f 875/677/884 877/695/884 859/52/884
f 859/52/534 877/695/534 876/679/534
f 860/664/535 878/696/535 880/681/535
f 862/36/536 880/681/536 879/682/536
f 863/683/537 881/699/537 883/684/537
f 865/667/538 883/684/538 882/685/538
f 884/686/539 886/702/539 868/42/539
f 886/688/540 885/704/540 867/671/540
f 869/689/541 887/705/541 889/65/541
f 889/65/542 888/706/542 870/690/542
f 890/691/543 892/693/543 874/692/543
f 892/693/544 891/709/544 873/676/544
f 875/677/610 893/710/610 895/694/610
f 895/694/609 894/712/609 876/679/609
f 878/696/547 896/713/547 898/697/547
f 880/681/548 898/697/548 897/698/548
f 881/699/549 899/716/549 901/700/549
f 901/700/550 900/718/550 882/685/550
f 902/701/551 904/80/551 886/702/551
f 886/688/552 904/721/552 903/703/552
f 887/705/553 905/722/553 907/84/553
f 907/84/554 906/724/554 888/706/554
f 908/707/555 910/726/555 892/693/555
f 892/693/556 910/726/556 909/708/556
f 893/710/557 911/728/557 913/711/557
f 913/711/558 912/731/558 894/712/558
f 896/713/559 914/733/559 916/714/559
f 898/697/560 916/714/560 915/715/560
f 899/716/561 917/735/561 919/717/561
f 919/717/562 918/737/562 900/718/562
f 920/719/611 922/739/611 904/80/611
f 922/720/564 921/741/564 903/703/564
f 905/722/565 923/742/565 925/723/565
f 925/723/566 924/744/566 906/724/566
f 926/725/567 928/745/567 910/726/567
f 910/726/568 928/745/568 927/727/568
f 911/728/569 929/747/569 931/729/569
f 913/711/570 931/729/570 930/730/570
f 932/732/614 934/750/614 916/714/614
f 916/714/572 934/750/572 933/734/572
f 917/735/573 935/752/573 937/736/573
f 937/736/613 936/754/613 918/737/613
f 938/738/575 940/756/575 922/739/575
f 940/740/612 939/758/612 921/741/612
f 923/742/577 941/759/577 943/743/577
f 943/743/578 942/762/578 924/744/578
f 926/725/579 944/764/579 946/124/579
f 946/124/580 945/766/580 927/727/580
f 947/746/620 949/748/620 931/729/620
f 949/748/582 948/769/582 930/730/582
f 950/749/583 952/771/583 934/750/583
f 934/750/584 952/771/584 951/751/584
f 935/752/585 953/774/585 955/753/585
f 955/753/885 954/776/885 936/754/885
f 956/755/618 958/778/618 940/756/618
f 958/757/588 957/780/588 939/758/588
f 941/759/886 959/782/886 961/760/886
f 943/743/590 961/760/590 960/761/590
f 962/763/591 964/785/591 946/124/591
f 946/124/887 964/785/887 963/765/887
f 965/767/888 967/768/888 949/748/888
f 967/768/594 966/942/594 948/769/594
f 968/770/595 970/772/595 952/771/595
f 970/772/596 969/943/596 951/751/596
f 971/773/597 973/775/597 955/753/597
f 973/775/598 972/944/598 954/776/598
f 974/777/889 976/914/889 958/778/889
f 976/779/890 975/945/890 957/780/890
f 977/781/601 979/946/601 961/760/601
f 961/760/602 979/946/602 978/783/602
f 980/784/603 982/947/603 964/785/603
f 964/785/604 982/947/604 981/786/604
f 983/787/516 985/196/516 967/788/516
f 985/196/515 984/813/515 966/790/515
f 986/791/514 988/815/514 970/792/514
f 970/792/513 988/815/513 987/794/513
f 989/796/512 991/175/512 973/797/512
f 973/797/511 991/175/511 990/799/511
f 992/801/510 994/180/510 976/181/510
f 994/182/509 993/819/509 975/803/509
f 995/804/520 997/806/520 979/186/520
f 997/806/519 996/822/519 978/807/519
f 998/808/518 1000/824/518 982/809/518
f 982/809/517 1000/824/517 999/811/517
f 983/787/528 1001/827/528 1003/215/528
f 1003/215/605 1002/829/605 984/813/605
f 1004/814/526 1006/199/526 988/815/526
f 988/815/525 1006/199/525 1005/816/525
f 1007/817/524 1009/833/524 991/175/524
f 991/175/891 1009/833/891 1008/818/891
f 992/801/522 1010/835/522 1012/205/522
f 1012/206/521 1011/838/521 993/819/521
f 1013/820/532 1015/840/532 997/806/532
f 997/806/531 1015/840/531 1014/821/531
f 998/808/530 1016/843/530 1018/823/530
f 1000/824/529 1018/823/529 1017/825/529
f 1019/826/892 1021/828/892 1003/215/892
f 1021/828/539 1020/846/539 1002/829/539
f 1022/830/538 1024/848/538 1006/199/538
f 1006/199/537 1024/848/537 1023/831/537
f 1025/832/536 1027/850/536 1009/833/536
f 1009/833/535 1027/850/535 1026/834/535
f 1010/835/607 1028/851/607 1030/836/607
f 1012/206/533 1030/225/533 1029/837/533
f 1031/839/544 1033/852/544 1015/840/544
f 1015/840/543 1033/852/543 1032/841/543
f 1034/842/542 1036/844/542 1018/823/542
f 1036/844/541 1035/856/541 1017/825/541
f 1019/826/552 1037/858/552 1039/845/552
f 1039/845/551 1038/859/551 1020/846/551
f 1022/830/550 1040/860/550 1042/847/550
f 1024/848/549 1042/847/549 1041/849/549
f 1025/832/548 1043/863/548 1045/240/548
f 1045/240/547 1044/864/547 1026/834/547
f 1028/851/609 1046/865/609 1048/243/609
f 1048/244/545 1047/868/545 1029/837/545
f 1031/839/556 1049/870/556 1051/247/556
f 1033/852/555 1051/247/555 1050/853/555
f 1052/854/554 1054/873/554 1036/844/554
f 1036/844/553 1054/873/553 1053/855/553
f 1055/857/564 1057/252/564 1039/845/564
f 1057/252/611 1056/877/611 1038/859/611
f 1040/860/562 1058/879/562 1060/861/562
f 1042/847/561 1060/861/561 1059/862/561
f 1043/863/560 1061/881/560 1063/259/560
f 1063/259/559 1062/882/559 1044/864/559
f 1046/865/558 1064/884/558 1066/866/558
f 1066/867/557 1065/886/557 1047/868/557
f 1067/869/568 1069/264/568 1051/247/568
f 1051/247/567 1069/264/567 1068/871/567
f 1070/872/566 1072/890/566 1054/873/566
f 1054/873/565 1072/890/565 1071/874/565
f 1073/875/576 1075/892/576 1057/252/576
f 1057/252/575 1075/892/575 1074/876/575
f 1076/878/613 1078/274/613 1060/861/613
f 1060/861/573 1078/274/573 1077/880/573
f 1061/881/572 1079/897/572 1081/277/572
f 1081/277/614 1080/899/614 1062/882/614
f 1082/883/570 1084/299/570 1066/866/570
f 1066/867/569 1084/300/569 1083/885/569
f 1085/887/580 1087/903/580 1069/264/580
f 1069/264/579 1087/903/579 1086/888/579
f 1088/889/578 1090/287/578 1072/890/578
f 1090/287/577 1089/907/577 1071/874/577
f 1073/875/588 1091/913/588 1093/891/588
f 1075/892/587 1093/891/587 1092/893/587
f 1094/894/885 1096/293/885 1078/274/885
f 1078/274/585 1096/293/585 1095/895/585
f 1097/896/584 1099/898/584 1081/277/584
f 1099/898/583 1098/908/583 1080/899/583
f 1100/900/582 1102/910/582 1084/299/582
f 1084/300/581 1102/909/581 1101/901/581
f 1085/887/592 1103/911/592 1105/902/592
f 1087/903/591 1105/902/591 1104/904/591
f 1106/905/590 1108/912/590 1090/287/590
f 1090/287/886 1108/912/886 1107/906/886
f 821/638/599 1092/893/599 1093/891/599
f 1093/891/600 1091/913/600 822/635/600
f 824/643/597 1095/895/597 1096/293/597
f 826/640/598 1096/293/598 1094/894/598
f 1098/908/595 1099/898/595 829/645/595
f 829/645/596 1099/898/596 1097/896/596
f 830/653/888 1101/901/888 1102/909/888
f 1102/910/621 1100/900/621 831/649/621
f 1104/904/603 1105/902/603 835/23/603
f 835/23/604 1105/902/604 1103/911/604
f 836/661/601 1107/906/601 1108/912/601
f 838/658/602 1108/912/602 1106/905/602
f 821/638/622 825/641/622 1094/894/622
f 821/638/623 840/663/623 842/639/623
f 855/660/624 839/662/624 822/635/624
f 836/661/625 822/635/625 1091/913/625
f 843/666/322 845/644/322 828/646/322
f 824/643/322 828/646/322 1097/896/322
f 846/669/626 848/670/626 831/649/626
f 1098/908/627 827/648/627 831/649/627
f 849/672/628 851/654/628 834/655/628
f 830/653/629 834/655/629 1103/911/629
f 852/673/319 854/657/319 837/659/319
f 833/656/319 837/659/319 1106/905/319
f 855/660/630 873/676/630 857/678/630
f 840/663/631 858/680/631 860/664/631
f 861/665/322 863/683/322 845/644/322
f 864/668/632 866/687/632 848/670/632
f 867/671/633 869/689/633 851/654/633
f 870/690/319 872/674/319 854/657/319
f 873/676/634 891/709/634 875/677/634
f 876/679/635 878/696/635 860/664/635
f 879/682/322 881/699/322 863/683/322
f 882/685/636 884/686/636 866/687/636
f 885/704/637 887/705/637 869/689/637
f 888/706/319 890/691/319 872/674/319
f 909/708/638 893/710/638 875/677/638
f 894/712/639 896/713/639 878/696/639
f 897/698/322 899/716/322 881/699/322
f 882/685/640 900/718/640 902/701/640
f 885/704/641 903/703/641 905/722/641
f 888/706/319 906/724/319 908/707/319
f 927/727/642 911/728/642 893/710/642
f 912/731/643 914/733/643 896/713/643
f 915/715/322 917/735/322 899/716/322
f 918/737/644 920/719/644 902/701/644
f 903/703/645 921/741/645 923/742/645
f 906/724/319 924/744/319 926/725/319
f 927/727/646 945/766/646 929/747/646
f 912/731/647 930/730/647 932/732/647
f 933/734/322 935/752/322 917/735/322
f 936/754/648 938/738/648 920/719/648
f 939/758/649 941/759/649 923/742/649
f 924/744/319 942/762/319 944/764/319
f 963/765/650 947/746/650 929/747/650
f 930/730/651 948/769/651 950/749/651
f 951/751/322 953/774/322 935/752/322
f 936/754/652 954/776/652 956/755/652
f 957/780/653 959/782/653 941/759/653
f 942/762/319 960/761/319 962/763/319
f 981/786/629 965/767/629 947/746/629
f 948/769/627 966/942/627 968/770/627
f 951/751/322 969/943/322 971/773/322
f 954/776/622 972/944/622 974/777/622
f 957/780/625 975/945/625 977/781/625
f 978/783/319 980/784/319 962/763/319
f 999/811/628 983/787/628 965/789/628
f 966/790/626 984/813/626 986/791/626
f 987/794/322 989/796/322 971/798/322
f 990/799/623 992/801/623 974/802/623
f 993/819/624 995/804/624 977/805/624
f 978/807/319 996/822/319 998/808/319
f 999/811/633 1017/825/633 1001/827/633
f 984/813/632 1002/829/632 1004/814/632
f 1005/816/322 1007/817/322 989/796/322
f 1008/818/631 1010/835/631 992/801/631
f 1011/838/630 1013/820/630 995/804/630
f 1014/821/319 1016/843/319 998/808/319
f 1035/856/637 1019/826/637 1001/827/637
f 1020/846/636 1022/830/636 1004/814/636
f 1023/831/322 1025/832/322 1007/817/322
f 1026/834/635 1028/851/635 1010/835/635
f 1029/837/634 1031/839/634 1013/820/634
f 1032/841/319 1034/842/319 1016/843/319
f 1035/856/641 1053/855/641 1037/858/641
f 1038/859/640 1040/860/640 1022/830/640
f 1041/849/322 1043/863/322 1025/832/322
f 1044/864/639 1046/865/639 1028/851/639
f 1047/868/638 1049/870/638 1031/839/638
f 1050/853/319 1052/854/319 1034/842/319
f 1071/874/645 1055/857/645 1037/858/645
f 1056/877/644 1058/879/644 1040/860/644
f 1059/862/322 1061/881/322 1043/863/322
f 1044/864/643 1062/882/643 1064/884/643
f 1047/868/642 1065/886/642 1067/869/642
f 1050/853/319 1068/871/319 1070/872/319
f 1089/907/649 1073/875/649 1055/857/649
f 1074/876/648 1076/878/648 1058/879/648
f 1077/880/322 1079/897/322 1061/881/322
f 1062/882/647 1080/899/647 1082/883/647
f 1065/886/646 1083/885/646 1085/887/646
f 1086/888/319 1088/889/319 1070/872/319
f 1089/907/653 1107/906/653 1091/913/653
f 1092/893/652 1094/894/652 1076/878/652
f 1095/895/322 1097/896/322 1079/897/322
f 1080/899/651 1098/908/651 1100/900/651
f 1101/901/650 1103/911/650 1085/887/650
f 1086/888/319 1104/904/319 1106/905/319
usemtl darkhide
f 709/620/401 713/323/401 715/324/401
f 710/584/402 713/621/402 712/326/402
f 715/605/403 714/330/403 711/622/403
f 716/586/404 720/623/404 722/332/404
f 717/624/405 720/335/405 719/336/405
f 722/606/406 721/339/406 718/587/406
f 723/340/407 727/341/407 729/342/407
f 728/347/408 726/345/408 724/343/408
f 725/625/409 727/344/409 728/347/409
f 730/349/410 734/350/410 736/351/410
f 731/626/411 734/356/411 733/353/411
f 736/627/412 735/352/412 732/592/412
f 737/593/413 741/358/413 743/359/413
f 742/595/414 740/594/414 738/628/414
f 739/596/415 741/358/415 742/595/415
f 744/364/416 748/365/416 750/629/416
f 745/369/417 748/365/417 747/598/417
f 750/629/418 749/367/418 746/630/418
f 751/599/419 755/372/419 757/373/419
f 752/600/420 755/372/420 754/375/420
f 757/373/421 756/374/421 753/601/421
f 758/602/422 762/379/422 764/603/422
f 763/383/423 761/382/423 759/604/423
f 760/384/424 762/379/424 763/383/424
f 723/340/425 715/324/425 726/385/425
f 715/605/426 724/343/426 726/345/426
f 710/584/427 722/332/427 714/325/427
f 722/606/428 711/622/428 714/330/428
f 717/624/429 736/351/429 721/386/429
f 736/627/430 718/587/430 721/339/430
f 731/626/431 728/347/431 735/352/431
f 728/347/432 732/592/432 735/352/432
f 751/599/433 729/342/433 754/375/433
f 754/375/434 725/625/434 752/600/434
f 758/602/435 733/387/435 730/349/435
f 764/603/436 731/626/436 733/353/436
f 759/604/437 756/374/437 763/383/437
f 763/383/438 752/600/438 760/384/438
f 737/593/439 757/373/439 740/594/439
f 740/594/440 753/601/440 738/628/440
f 758/602/441 750/629/441 761/382/441
f 761/382/442 746/630/442 759/604/442
f 745/369/443 742/595/443 749/367/443
f 742/595/444 746/630/444 749/367/444
f 737/593/445 712/388/445 709/620/445
f 743/359/446 710/584/446 712/326/446
f 717/624/447 747/598/447 744/364/447
f 747/598/448 716/586/448 745/369/448
f 751/599/449 709/620/449 723/340/449
f 711/622/450 732/592/450 724/343/450
f 745/369/451 710/584/451 739/596/451
f 758/602/452 717/624/452 744/364/452
f 725/625/453 760/384/453 752/600/453
f 759/604/454 738/628/454 753/601/454
f 709/620/814 712/388/814 713/323/814
f 710/584/815 714/325/815 713/621/815
f 715/605/816 713/329/816 714/330/816
f 716/586/817 719/331/817 720/623/817
f 717/624/818 721/386/818 720/335/818
f 722/606/819 720/338/819 721/339/819
f 723/340/820 726/385/820 727/341/820
f 728/347/821 727/344/821 726/345/821
f 725/625/822 729/346/822 727/344/822
f 730/349/823 733/387/823 734/350/823
f 731/626/824 735/352/824 734/356/824
f 736/627/825 734/356/825 735/352/825
f 737/593/826 740/594/826 741/358/826
f 742/595/827 741/358/827 740/594/827
f 739/596/828 743/359/828 741/358/828
f 744/364/829 747/598/829 748/365/829
f 745/369/830 749/367/830 748/365/830
f 750/629/831 748/365/831 749/367/831
f 751/599/832 754/375/832 755/372/832
f 752/600/833 756/374/833 755/372/833
f 757/373/834 755/372/834 756/374/834
f 758/602/835 761/382/835 762/379/835
f 763/383/836 762/379/836 761/382/836
f 760/384/837 764/603/837 762/379/837
f 723/340/425 709/620/425 715/324/425
f 715/605/426 711/622/426 724/343/426
f 710/584/427 716/586/427 722/332/427
f 722/606/838 718/587/838 711/622/838
f 717/624/429 730/349/429 736/351/429
f 736/627/430 732/592/430 718/587/430
f 731/626/431 725/625/431 728/347/431
f 728/347/839 724/343/839 732/592/839
f 751/599/840 723/340/840 729/342/840
f 754/375/841 729/346/841 725/625/841
f 758/602/842 764/603/842 733/387/842
f 764/603/843 760/384/843 731/626/843
f 759/604/844 753/601/844 756/374/844
f 763/383/438 756/374/438 752/600/438
f 737/593/439 751/599/439 757/373/439
f 740/594/440 757/373/440 753/601/440
f 758/602/441 744/364/441 750/629/441
f 761/382/442 750/629/442 746/630/442
f 745/369/845 739/596/845 742/595/845
f 742/595/846 738/628/846 746/630/846
f 737/593/847 743/359/847 712/388/847
f 743/359/848 739/596/848 710/584/848
f 717/624/447 719/336/447 747/598/447
f 747/598/448 719/331/448 716/586/448
f 751/599/449 737/593/449 709/620/449
f 711/622/450 718/587/450 732/592/450
f 745/369/451 716/586/451 710/584/451
f 758/602/452 730/349/452 717/624/452
f 725/625/453 731/626/453 760/384/453
f 759/604/454 746/630/454 738/628/454
